transaction_id,date,year,month,district,region,category,product,customer_id,units,revenue,orders
T2024010000001,2024-01-08,2024,1,Ampara,Eastern,Electronics,Wireless Router,C03007,4,123916.77,1
T2024010000002,2024-01-07,2024,1,Colombo,Western,Lifestyle,Fitness Band,C01768,4,38351.09,1
T2024010000003,2024-01-15,2024,1,Kalutara,Western,Office,Document Scanner,C02806,8,237176.43,1
T2024010000004,2024-01-09,2024,1,Puttalam,North Western,Electronics,Power Hub,C03788,4,157281.31,1
T2024010000005,2024-01-20,2024,1,Gampaha,Western,Home,Coffee Maker,C03818,5,82325.33,1
T2024010000006,2024-01-18,2024,1,Kilinochchi,Northern,Accessories,Mouse Pad,C01646,5,21150.19,1
T2024010000007,2024-01-25,2024,1,Vavuniya,Northern,Office,Laser Printer,C02867,5,123640.43,1
T2024010000008,2024-01-06,2024,1,Badulla,Uva,Home,Storage Set,C03989,6,101865.68,1
T2024010000009,2024-01-18,2024,1,Kurunegala,North Western,Office,Laser Printer,C02402,10,244516.56,1
T2024010000010,2024-01-27,2024,1,Kandy,Central,Accessories,Phone Stand,C03657,10,38316.87,1
T2024010000011,2024-01-30,2024,1,Anuradhapura,North Central,Home,Air Purifier,C02729,14,291017.03,1
T2024010000012,2024-01-09,2024,1,Kalutara,Western,Lifestyle,Desk Organizer,C02171,4,38368.4,1
T2024010000013,2024-01-08,2024,1,Kandy,Central,Lifestyle,Desk Organizer,C03966,17,147259.63,1
T2024010000014,2024-01-21,2024,1,Colombo,Western,Electronics,Smart Display,C02253,4,153939.97,1
T2024010000015,2024-01-18,2024,1,Colombo,Western,Home,Storage Set,C03060,12,206371.56,1
T2024010000016,2024-01-04,2024,1,Trincomalee,Eastern,Lifestyle,Water Bottle,C03787,5,45804.94,1
T2024010000017,2024-01-17,2024,1,Ratnapura,Sabaragamuwa,Outdoor,Foldable Chair,C02464,13,195448.7,1
T2024010000018,2024-01-12,2024,1,Polonnaruwa,North Central,Lifestyle,Travel Kit,C02253,10,91842.69,1
T2024010000019,2024-01-04,2024,1,Ratnapura,Sabaragamuwa,Office,Document Scanner,C01160,14,408299.91,1
T2024010000020,2024-01-24,2024,1,Kandy,Central,Home,Air Purifier,C01702,7,115582.52,1
T2024010000021,2024-01-09,2024,1,Puttalam,North Western,Electronics,Power Hub,C02353,7,258765.71,1
T2024010000022,2024-01-13,2024,1,Ratnapura,Sabaragamuwa,Outdoor,Cooler Box,C03554,16,225115.33,1
T2024010000023,2024-01-03,2024,1,Monaragala,Uva,Lifestyle,Travel Kit,C02841,5,49433.13,1
T2024010000024,2024-01-03,2024,1,Mullaitivu,Northern,Electronics,Smart Display,C02876,13,547794.58,1
T2024010000025,2024-01-18,2024,1,Jaffna,Northern,Home,Storage Set,C02756,3,56462.82,1
T2024010000026,2024-01-07,2024,1,Vavuniya,Northern,Home,Storage Set,C04335,3,56256.29,1
T2024010000027,2024-01-02,2024,1,Matara,Southern,Lifestyle,Fitness Band,C01807,6,57309.22,1
T2024010000028,2024-01-14,2024,1,Kandy,Central,Electronics,Power Hub,C02149,4,146259.61,1
T2024010000029,2024-01-21,2024,1,Matara,Southern,Outdoor,Camping Light,C01415,17,261659.75,1
T2024010000030,2024-01-16,2024,1,Ratnapura,Sabaragamuwa,Outdoor,Cooler Box,C04330,7,108368.17,1
T2024010000031,2024-01-30,2024,1,Gampaha,Western,Electronics,Power Hub,C03173,11,392907.76,1
T2024010000032,2024-01-07,2024,1,Trincomalee,Eastern,Office,Document Scanner,C02269,5,140809.18,1
T2024010000033,2024-01-02,2024,1,Kurunegala,North Western,Electronics,Wireless Router,C01469,8,271494.86,1
T2024010000034,2024-01-03,2024,1,Gampaha,Western,Accessories,USB Cable,C02523,8,35562.34,1
T2024010000035,2024-01-20,2024,1,Galle,Southern,Accessories,Phone Stand,C01326,3,12109.26,1
T2024010000036,2024-01-08,2024,1,Jaffna,Northern,Accessories,Phone Stand,C03574,5,18919.52,1
T2024010000037,2024-01-15,2024,1,Matara,Southern,Accessories,USB Cable,C01077,8,34401.65,1
T2024010000038,2024-01-30,2024,1,Colombo,Western,Electronics,Wireless Router,C02086,6,202298.26,1
T2024010000039,2024-01-22,2024,1,Galle,Southern,Electronics,Wireless Router,C01065,11,387794.13,1
T2024010000040,2024-01-24,2024,1,Ratnapura,Sabaragamuwa,Electronics,Smart Display,C01877,8,273344.32,1
T2024010000041,2024-01-09,2024,1,Kalutara,Western,Home,Coffee Maker,C05003,13,261217.35,1
T2024010000042,2024-01-11,2024,1,Batticaloa,Eastern,Outdoor,Camping Light,C01030,10,143272.32,1
T2024010000043,2024-01-04,2024,1,Gampaha,Western,Lifestyle,Desk Organizer,C01080,3,32474.35,1
T2024010000044,2024-01-05,2024,1,Kilinochchi,Northern,Outdoor,Cooler Box,C04521,2,27838.34,1
T2024010000045,2024-01-12,2024,1,Monaragala,Uva,Electronics,Sound Bar,C01843,11,417473.34,1
T2024010000046,2024-01-26,2024,1,Kegalle,Sabaragamuwa,Outdoor,Cooler Box,C02332,11,170868.99,1
T2024010000047,2024-01-09,2024,1,Kalutara,Western,Accessories,Mouse Pad,C03033,4,16826.33,1
T2024010000048,2024-01-27,2024,1,Badulla,Uva,Outdoor,Cooler Box,C02635,13,176733.52,1
T2024010000049,2024-01-09,2024,1,Kandy,Central,Office,Document Scanner,C03690,12,356180.26,1
T2024010000050,2024-01-04,2024,1,Nuwara Eliya,Central,Lifestyle,Water Bottle,C01227,12,103590.31,1
T2024010000051,2024-01-12,2024,1,Kegalle,Sabaragamuwa,Home,Air Purifier,C04560,10,174820.85,1
T2024010000052,2024-01-02,2024,1,Kegalle,Sabaragamuwa,Electronics,Sound Bar,C03087,9,272110.45,1
T2024010000053,2024-01-14,2024,1,Trincomalee,Eastern,Accessories,Phone Stand,C03984,3,12785.83,1
T2024010000054,2024-01-17,2024,1,Batticaloa,Eastern,Office,Laser Printer,C03461,5,129298.69,1
T2024010000055,2024-01-22,2024,1,Trincomalee,Eastern,Lifestyle,Travel Kit,C04445,14,141045.68,1
T2024010000056,2024-01-10,2024,1,Batticaloa,Eastern,Home,Air Purifier,C03490,4,77423.23,1
T2024010000057,2024-01-17,2024,1,Ampara,Eastern,Lifestyle,Desk Organizer,C02751,7,73833.81,1
T2024010000058,2024-01-27,2024,1,Ampara,Eastern,Home,Coffee Maker,C01766,14,239088.33,1
T2024010000059,2024-01-08,2024,1,Kandy,Central,Electronics,Smart Display,C01379,16,640384.67,1
T2024010000060,2024-01-16,2024,1,Matara,Southern,Accessories,Phone Stand,C04146,6,23498.14,1
T2024010000061,2024-01-08,2024,1,Badulla,Uva,Outdoor,Camping Light,C04483,4,58043.48,1
T2024010000062,2024-01-05,2024,1,Hambantota,Southern,Lifestyle,Fitness Band,C04740,11,103824.09,1
T2024010000063,2024-01-27,2024,1,Mullaitivu,Northern,Accessories,Mouse Pad,C04496,13,53406.39,1
T2024010000064,2024-01-27,2024,1,Kurunegala,North Western,Lifestyle,Water Bottle,C03026,9,86700.66,1
T2024010000065,2024-01-23,2024,1,Hambantota,Southern,Home,Storage Set,C01635,5,86116.02,1
T2024010000066,2024-01-13,2024,1,Badulla,Uva,Electronics,Sound Bar,C02895,9,346702.91,1
T2024010000067,2024-01-02,2024,1,Matara,Southern,Home,Storage Set,C04407,4,67564.74,1
T2024010000068,2024-01-01,2024,1,Ratnapura,Sabaragamuwa,Electronics,Power Hub,C04908,14,468796.53,1
T2024010000069,2024-01-16,2024,1,Polonnaruwa,North Central,Accessories,Mouse Pad,C02807,4,16730.85,1
T2024010000070,2024-01-27,2024,1,Galle,Southern,Office,Document Scanner,C02353,7,164362.63,1
T2024010000071,2024-01-21,2024,1,Kilinochchi,Northern,Accessories,USB Cable,C01688,6,26936.11,1
T2024010000072,2024-01-11,2024,1,Colombo,Western,Home,LED Lamp,C04725,5,101059.64,1
T2024010000073,2024-01-16,2024,1,Kurunegala,North Western,Outdoor,Foldable Chair,C01671,2,28062.38,1
T2024010000074,2024-01-31,2024,1,Kandy,Central,Electronics,Smart Display,C01255,5,193036.0,1
T2024010000075,2024-01-15,2024,1,Gampaha,Western,Electronics,Smart Display,C02786,9,375636.25,1
T2024010000076,2024-01-31,2024,1,Batticaloa,Eastern,Accessories,USB Cable,C02342,5,20926.32,1
T2024010000077,2024-01-31,2024,1,Vavuniya,Northern,Accessories,Mouse Pad,C04250,10,37732.16,1
T2024010000078,2024-01-12,2024,1,Gampaha,Western,Outdoor,Camping Light,C01337,7,107043.93,1
T2024010000079,2024-01-04,2024,1,Jaffna,Northern,Home,Storage Set,C05016,6,103307.4,1
T2024010000080,2024-01-15,2024,1,Kurunegala,North Western,Lifestyle,Water Bottle,C04961,6,60505.26,1
T2024010000081,2024-01-29,2024,1,Nuwara Eliya,Central,Home,Air Purifier,C03285,6,115294.61,1
T2024010000082,2024-01-28,2024,1,Batticaloa,Eastern,Home,Air Purifier,C05050,5,95799.08,1
T2024010000083,2024-01-17,2024,1,Puttalam,North Western,Home,Coffee Maker,C01084,14,226079.32,1
T2024010000084,2024-01-15,2024,1,Hambantota,Southern,Outdoor,Portable Fan,C05021,11,140902.13,1
T2024010000085,2024-01-18,2024,1,Galle,Southern,Home,Coffee Maker,C04877,7,118378.8,1
T2024010000086,2024-01-09,2024,1,Nuwara Eliya,Central,Office,Monitor Stand,C03512,4,112961.43,1
T2024010000087,2024-01-07,2024,1,Gampaha,Western,Lifestyle,Travel Kit,C02570,10,89227.28,1
T2024010000088,2024-01-27,2024,1,Kegalle,Sabaragamuwa,Lifestyle,Water Bottle,C01824,4,36496.98,1
T2024010000089,2024-01-02,2024,1,Matale,Central,Office,Office Chair,C03248,15,413037.98,1
T2024010000090,2024-01-19,2024,1,Ampara,Eastern,Outdoor,Camping Light,C01101,5,69236.19,1
T2024010000091,2024-01-27,2024,1,Kalutara,Western,Electronics,Power Hub,C01935,3,101564.48,1
T2024010000092,2024-01-03,2024,1,Batticaloa,Eastern,Electronics,Sound Bar,C03490,16,513777.72,1
T2024010000093,2024-01-15,2024,1,Batticaloa,Eastern,Outdoor,Cooler Box,C04117,13,163958.82,1
T2024010000094,2024-01-31,2024,1,Kegalle,Sabaragamuwa,Home,Air Purifier,C01813,10,197371.69,1
T2024010000095,2024-01-06,2024,1,Ampara,Eastern,Electronics,Sound Bar,C01615,1,33550.14,1
T2024010000096,2024-01-23,2024,1,Hambantota,Southern,Electronics,Wireless Router,C03317,12,393037.7,1
T2024010000097,2024-01-04,2024,1,Ratnapura,Sabaragamuwa,Outdoor,Cooler Box,C04483,7,100513.8,1
T2024010000098,2024-01-20,2024,1,Anuradhapura,North Central,Electronics,Sound Bar,C03520,10,362981.11,1
T2024010000099,2024-01-31,2024,1,Matara,Southern,Lifestyle,Water Bottle,C04298,5,47424.95,1
T2024010000100,2024-01-20,2024,1,Colombo,Western,Electronics,Power Hub,C03641,5,159117.94,1
T2024010000101,2024-01-25,2024,1,Mullaitivu,Northern,Electronics,Wireless Router,C01330,10,347967.16,1
T2024010000102,2024-01-03,2024,1,Monaragala,Uva,Electronics,Power Hub,C05029,7,245316.15,1
T2024010000103,2024-01-23,2024,1,Trincomalee,Eastern,Outdoor,Foldable Chair,C04373,7,98751.91,1
T2024010000104,2024-01-11,2024,1,Anuradhapura,North Central,Lifestyle,Desk Organizer,C01722,5,43082.15,1
T2024010000105,2024-01-14,2024,1,Polonnaruwa,North Central,Outdoor,Camping Light,C04785,2,26495.27,1
T2024010000106,2024-01-09,2024,1,Kurunegala,North Western,Office,Laser Printer,C02668,8,230754.39,1
T2024010000107,2024-01-23,2024,1,Badulla,Uva,Lifestyle,Fitness Band,C02961,4,36828.0,1
T2024010000108,2024-01-31,2024,1,Galle,Southern,Electronics,Smart Display,C04781,3,119426.5,1
T2024010000109,2024-01-27,2024,1,Ratnapura,Sabaragamuwa,Home,Coffee Maker,C04404,7,123503.36,1
T2024010000110,2024-01-09,2024,1,Mannar,Northern,Home,LED Lamp,C01572,10,195236.35,1
T2024010000111,2024-01-24,2024,1,Ratnapura,Sabaragamuwa,Lifestyle,Fitness Band,C03318,5,47905.83,1
T2024010000112,2024-01-11,2024,1,Polonnaruwa,North Central,Lifestyle,Desk Organizer,C03828,8,75936.43,1
T2024010000113,2024-01-08,2024,1,Ratnapura,Sabaragamuwa,Outdoor,Cooler Box,C04138,12,163696.36,1
T2024010000114,2024-01-22,2024,1,Kurunegala,North Western,Office,Document Scanner,C04163,11,309329.03,1
T2024010000115,2024-01-28,2024,1,Jaffna,Northern,Electronics,Wireless Router,C01823,12,383617.81,1
T2024010000116,2024-01-16,2024,1,Colombo,Western,Electronics,Sound Bar,C01613,11,364598.07,1
T2024010000117,2024-01-31,2024,1,Trincomalee,Eastern,Office,Monitor Stand,C04114,5,138216.64,1
T2024010000118,2024-01-21,2024,1,Badulla,Uva,Electronics,Smart Display,C02924,9,328695.93,1
T2024010000119,2024-01-15,2024,1,Kurunegala,North Western,Lifestyle,Fitness Band,C01824,4,37862.6,1
T2024010000120,2024-01-12,2024,1,Colombo,Western,Outdoor,Foldable Chair,C03937,6,79510.21,1
T2024010000121,2024-01-03,2024,1,Vavuniya,Northern,Outdoor,Cooler Box,C02435,8,109564.54,1
T2024010000122,2024-01-21,2024,1,Jaffna,Northern,Lifestyle,Travel Kit,C04778,5,46852.42,1
T2024010000123,2024-01-03,2024,1,Monaragala,Uva,Lifestyle,Water Bottle,C02295,6,52799.02,1
T2024010000124,2024-01-28,2024,1,Matale,Central,Accessories,Power Adapter,C04743,5,22341.25,1
T2024010000125,2024-01-23,2024,1,Gampaha,Western,Home,Coffee Maker,C03424,5,100933.42,1
T2024010000126,2024-01-27,2024,1,Kandy,Central,Lifestyle,Fitness Band,C05070,13,120227.82,1
T2024010000127,2024-01-22,2024,1,Batticaloa,Eastern,Home,LED Lamp,C03054,10,193781.34,1
T2024010000128,2024-01-26,2024,1,Batticaloa,Eastern,Accessories,USB Cable,C03531,6,25375.29,1
T2024010000129,2024-01-07,2024,1,Colombo,Western,Home,Storage Set,C02439,3,56485.29,1
T2024010000130,2024-01-30,2024,1,Kilinochchi,Northern,Accessories,Phone Stand,C03106,11,45083.18,1
T2024010000131,2024-01-31,2024,1,Kurunegala,North Western,Home,Air Purifier,C04837,3,61453.53,1
T2024010000132,2024-01-03,2024,1,Polonnaruwa,North Central,Office,Document Scanner,C03997,11,251322.18,1
T2024010000133,2024-01-27,2024,1,Gampaha,Western,Home,Coffee Maker,C04122,9,164993.58,1
T2024010000134,2024-01-21,2024,1,Hambantota,Southern,Office,Monitor Stand,C02814,3,86526.89,1
T2024010000135,2024-01-10,2024,1,Ampara,Eastern,Electronics,Smart Display,C01305,17,596584.51,1
T2024010000136,2024-01-22,2024,1,Badulla,Uva,Electronics,Power Hub,C04040,14,495142.83,1
T2024010000137,2024-01-21,2024,1,Matara,Southern,Office,Office Chair,C04399,3,78975.07,1
T2024010000138,2024-01-15,2024,1,Ratnapura,Sabaragamuwa,Home,Coffee Maker,C02780,6,102495.89,1
T2024010000139,2024-01-13,2024,1,Gampaha,Western,Office,Monitor Stand,C01497,5,149747.94,1
T2024010000140,2024-01-26,2024,1,Colombo,Western,Electronics,Smart Display,C01415,5,204859.97,1
T2024010000141,2024-01-27,2024,1,Kalutara,Western,Outdoor,Cooler Box,C02770,12,162363.5,1
T2024010000142,2024-01-05,2024,1,Puttalam,North Western,Office,Monitor Stand,C02186,7,207067.06,1
T2024010000143,2024-01-26,2024,1,Ampara,Eastern,Electronics,Smart Display,C03935,11,438165.18,1
T2024010000144,2024-01-24,2024,1,Kalutara,Western,Electronics,Power Hub,C01932,3,106068.48,1
T2024010000145,2024-01-24,2024,1,Jaffna,Northern,Electronics,Sound Bar,C01356,11,402895.99,1
T2024010000146,2024-01-16,2024,1,Matale,Central,Office,Laser Printer,C01499,12,327947.46,1
T2024010000147,2024-01-11,2024,1,Hambantota,Southern,Accessories,USB Cable,C01662,8,29803.76,1
T2024010000148,2024-01-20,2024,1,Batticaloa,Eastern,Lifestyle,Water Bottle,C04121,7,63100.48,1
T2024010000149,2024-01-14,2024,1,Matara,Southern,Outdoor,Camping Light,C02762,6,78534.0,1
T2024010000150,2024-01-14,2024,1,Anuradhapura,North Central,Home,Air Purifier,C03561,5,91868.36,1
T2024010000151,2024-01-03,2024,1,Trincomalee,Eastern,Lifestyle,Fitness Band,C01700,6,60675.44,1
T2024010000152,2024-01-14,2024,1,Anuradhapura,North Central,Lifestyle,Water Bottle,C02002,6,58450.5,1
T2024010000153,2024-01-12,2024,1,Badulla,Uva,Office,Monitor Stand,C03560,3,81790.35,1
T2024010000154,2024-01-28,2024,1,Ampara,Eastern,Electronics,Smart Display,C03869,8,277799.32,1
T2024010000155,2024-01-01,2024,1,Vavuniya,Northern,Outdoor,Camping Light,C03191,4,58103.9,1
T2024010000156,2024-01-19,2024,1,Ratnapura,Sabaragamuwa,Home,LED Lamp,C02174,9,152398.91,1
T2024010000157,2024-01-15,2024,1,Colombo,Western,Lifestyle,Desk Organizer,C04440,5,48045.89,1
T2024010000158,2024-01-05,2024,1,Puttalam,North Western,Lifestyle,Fitness Band,C01431,4,40608.24,1
T2024010000159,2024-01-14,2024,1,Kandy,Central,Office,Document Scanner,C04622,5,146587.03,1
T2024010000160,2024-01-02,2024,1,Nuwara Eliya,Central,Electronics,Power Hub,C03527,4,163020.39,1
T2024010000161,2024-01-25,2024,1,Colombo,Western,Home,LED Lamp,C02125,5,92625.11,1
T2024010000162,2024-01-18,2024,1,Jaffna,Northern,Lifestyle,Travel Kit,C04115,9,86414.48,1
T2024010000163,2024-01-01,2024,1,Colombo,Western,Outdoor,Camping Light,C04574,7,91080.65,1
T2024010000164,2024-01-04,2024,1,Vavuniya,Northern,Lifestyle,Desk Organizer,C03372,6,64110.38,1
T2024010000165,2024-01-14,2024,1,Anuradhapura,North Central,Office,Monitor Stand,C01722,12,289491.59,1
T2024010000166,2024-01-08,2024,1,Galle,Southern,Electronics,Wireless Router,C03782,5,157320.49,1
T2024010000167,2024-01-12,2024,1,Batticaloa,Eastern,Lifestyle,Travel Kit,C03863,10,103739.4,1
T2024010000168,2024-01-20,2024,1,Kandy,Central,Electronics,Sound Bar,C02422,4,155783.97,1
T2024010000169,2024-01-25,2024,1,Kalutara,Western,Outdoor,Portable Fan,C04801,8,107384.3,1
T2024010000170,2024-01-05,2024,1,Ampara,Eastern,Accessories,Power Adapter,C03590,6,24521.31,1
T2024020000171,2024-02-10,2024,2,Puttalam,North Western,Office,Monitor Stand,C01608,7,169597.39,1
T2024020000172,2024-02-15,2024,2,Anuradhapura,North Central,Electronics,Smart Display,C04150,8,343545.82,1
T2024020000173,2024-02-20,2024,2,Matara,Southern,Outdoor,Cooler Box,C03634,7,92759.03,1
T2024020000174,2024-02-17,2024,2,Matara,Southern,Outdoor,Foldable Chair,C01691,9,110314.49,1
T2024020000175,2024-02-12,2024,2,Kegalle,Sabaragamuwa,Lifestyle,Travel Kit,C03982,13,121752.96,1
T2024020000176,2024-02-11,2024,2,Trincomalee,Eastern,Electronics,Wireless Router,C01540,3,111445.39,1
T2024020000177,2024-02-03,2024,2,Kandy,Central,Outdoor,Cooler Box,C03731,8,102601.34,1
T2024020000178,2024-02-20,2024,2,Matale,Central,Office,Document Scanner,C02057,9,209173.91,1
T2024020000179,2024-02-21,2024,2,Galle,Southern,Outdoor,Cooler Box,C01766,9,129316.66,1
T2024020000180,2024-02-25,2024,2,Galle,Southern,Electronics,Sound Bar,C03800,7,237830.3,1
T2024020000181,2024-02-22,2024,2,Gampaha,Western,Home,Air Purifier,C01310,5,105759.91,1
T2024020000182,2024-02-24,2024,2,Mullaitivu,Northern,Electronics,Sound Bar,C02357,6,212557.26,1
T2024020000183,2024-02-18,2024,2,Kegalle,Sabaragamuwa,Office,Document Scanner,C02917,5,145311.33,1
T2024020000184,2024-02-25,2024,2,Monaragala,Uva,Electronics,Power Hub,C04783,5,165215.6,1
T2024020000185,2024-02-28,2024,2,Matara,Southern,Electronics,Sound Bar,C02134,5,184293.54,1
T2024020000186,2024-02-03,2024,2,Mannar,Northern,Electronics,Smart Display,C03336,10,341715.09,1
T2024020000187,2024-02-29,2024,2,Gampaha,Western,Lifestyle,Travel Kit,C04696,6,54862.96,1
T2024020000188,2024-02-12,2024,2,Galle,Southern,Home,Storage Set,C01669,4,71788.19,1
T2024020000189,2024-02-02,2024,2,Anuradhapura,North Central,Office,Office Chair,C02128,5,145873.28,1
T2024020000190,2024-02-01,2024,2,Puttalam,North Western,Lifestyle,Fitness Band,C01650,5,48852.83,1
T2024020000191,2024-02-25,2024,2,Ratnapura,Sabaragamuwa,Office,Document Scanner,C01911,5,132859.82,1
T2024020000192,2024-02-04,2024,2,Kandy,Central,Office,Document Scanner,C01515,11,281072.54,1
T2024020000193,2024-02-10,2024,2,Colombo,Western,Lifestyle,Travel Kit,C02177,6,61445.38,1
T2024020000194,2024-02-03,2024,2,Vavuniya,Northern,Electronics,Smart Display,C03955,14,508143.26,1
T2024020000195,2024-02-21,2024,2,Mannar,Northern,Home,Storage Set,C01357,6,109016.04,1
T2024020000196,2024-02-25,2024,2,Galle,Southern,Electronics,Sound Bar,C01850,8,305180.87,1
T2024020000197,2024-02-23,2024,2,Colombo,Western,Lifestyle,Travel Kit,C04807,7,65097.15,1
T2024020000198,2024-02-10,2024,2,Colombo,Western,Outdoor,Portable Fan,C01303,4,62835.87,1
T2024020000199,2024-02-09,2024,2,Matale,Central,Home,Storage Set,C04879,2,37408.8,1
T2024020000200,2024-02-04,2024,2,Galle,Southern,Outdoor,Foldable Chair,C03239,11,147815.63,1
T2024020000201,2024-02-06,2024,2,Kurunegala,North Western,Accessories,Mouse Pad,C03778,7,27303.74,1
T2024020000202,2024-02-14,2024,2,Kandy,Central,Electronics,Power Hub,C01647,8,290377.03,1
T2024020000203,2024-02-10,2024,2,Matale,Central,Electronics,Wireless Router,C03422,6,227043.46,1
T2024020000204,2024-02-20,2024,2,Trincomalee,Eastern,Home,Air Purifier,C03889,17,320169.27,1
T2024020000205,2024-02-01,2024,2,Colombo,Western,Office,Monitor Stand,C02311,4,111258.64,1
T2024020000206,2024-02-13,2024,2,Colombo,Western,Electronics,Wireless Router,C03967,14,467898.04,1
T2024020000207,2024-02-25,2024,2,Trincomalee,Eastern,Accessories,Power Adapter,C04637,3,11370.04,1
T2024020000208,2024-02-01,2024,2,Galle,Southern,Office,Office Chair,C01930,10,263807.55,1
T2024020000209,2024-02-07,2024,2,Monaragala,Uva,Electronics,Wireless Router,C04656,17,567562.39,1
T2024020000210,2024-02-06,2024,2,Kalutara,Western,Electronics,Smart Display,C04704,13,501926.07,1
T2024020000211,2024-02-23,2024,2,Anuradhapura,North Central,Accessories,Power Adapter,C03847,3,12457.61,1
T2024020000212,2024-02-17,2024,2,Polonnaruwa,North Central,Office,Office Chair,C03962,4,120383.4,1
T2024020000213,2024-02-15,2024,2,Kandy,Central,Lifestyle,Water Bottle,C04023,11,101294.63,1
T2024020000214,2024-02-17,2024,2,Badulla,Uva,Electronics,Power Hub,C04922,6,199480.39,1
T2024020000215,2024-02-15,2024,2,Colombo,Western,Accessories,USB Cable,C04687,9,34952.21,1
T2024020000216,2024-02-17,2024,2,Ampara,Eastern,Electronics,Sound Bar,C04545,13,432834.55,1
T2024020000217,2024-02-23,2024,2,Jaffna,Northern,Home,LED Lamp,C03644,4,75463.02,1
T2024020000218,2024-02-21,2024,2,Badulla,Uva,Outdoor,Foldable Chair,C02609,14,185195.69,1
T2024020000219,2024-02-06,2024,2,Batticaloa,Eastern,Electronics,Sound Bar,C02264,9,319911.72,1
T2024020000220,2024-02-03,2024,2,Nuwara Eliya,Central,Accessories,USB Cable,C01233,2,8045.77,1
T2024020000221,2024-02-16,2024,2,Kandy,Central,Electronics,Power Hub,C01249,13,469482.75,1
T2024020000222,2024-02-15,2024,2,Hambantota,Southern,Outdoor,Portable Fan,C03437,3,36956.43,1
T2024020000223,2024-02-11,2024,2,Matara,Southern,Lifestyle,Water Bottle,C02177,12,110678.31,1
T2024020000224,2024-02-11,2024,2,Kegalle,Sabaragamuwa,Electronics,Wireless Router,C01870,5,160710.79,1
T2024020000225,2024-02-28,2024,2,Kandy,Central,Electronics,Wireless Router,C04147,8,273173.91,1
T2024020000226,2024-02-25,2024,2,Anuradhapura,North Central,Accessories,Power Adapter,C02556,4,17861.05,1
T2024020000227,2024-02-13,2024,2,Jaffna,Northern,Home,Air Purifier,C01738,7,149681.63,1
T2024020000228,2024-02-20,2024,2,Vavuniya,Northern,Electronics,Wireless Router,C05055,12,434382.27,1
T2024020000229,2024-02-05,2024,2,Matale,Central,Electronics,Smart Display,C04531,12,467552.8,1
T2024020000230,2024-02-18,2024,2,Galle,Southern,Home,LED Lamp,C03970,5,86556.59,1
T2024020000231,2024-02-04,2024,2,Puttalam,North Western,Home,Air Purifier,C02055,6,122675.97,1
T2024020000232,2024-02-20,2024,2,Mannar,Northern,Home,LED Lamp,C02631,7,130797.22,1
T2024020000233,2024-02-05,2024,2,Colombo,Western,Office,Document Scanner,C04744,8,222749.82,1
T2024020000234,2024-02-19,2024,2,Ratnapura,Sabaragamuwa,Home,Storage Set,C03452,5,92097.23,1
T2024020000235,2024-02-12,2024,2,Hambantota,Southern,Lifestyle,Desk Organizer,C01137,5,43017.46,1
T2024020000236,2024-02-09,2024,2,Vavuniya,Northern,Outdoor,Camping Light,C04888,15,210115.93,1
T2024020000237,2024-02-17,2024,2,Vavuniya,Northern,Office,Document Scanner,C02397,8,216595.45,1
T2024020000238,2024-02-07,2024,2,Gampaha,Western,Office,Laser Printer,C01901,2,53796.66,1
T2024020000239,2024-02-23,2024,2,Matara,Southern,Electronics,Power Hub,C01511,4,133918.02,1
T2024020000240,2024-02-06,2024,2,Kegalle,Sabaragamuwa,Lifestyle,Desk Organizer,C03571,7,64203.08,1
T2024020000241,2024-02-07,2024,2,Galle,Southern,Outdoor,Foldable Chair,C04967,14,185388.95,1
T2024020000242,2024-02-23,2024,2,Kandy,Central,Accessories,Power Adapter,C03368,4,17193.87,1
T2024020000243,2024-02-04,2024,2,Hambantota,Southern,Lifestyle,Water Bottle,C03358,8,75932.51,1
T2024020000244,2024-02-02,2024,2,Anuradhapura,North Central,Accessories,Phone Stand,C03380,5,21533.35,1
T2024020000245,2024-02-07,2024,2,Ratnapura,Sabaragamuwa,Office,Document Scanner,C02753,11,267070.37,1
T2024020000246,2024-02-02,2024,2,Trincomalee,Eastern,Electronics,Sound Bar,C02987,9,327347.8,1
T2024020000247,2024-02-22,2024,2,Colombo,Western,Home,Storage Set,C01824,10,157975.23,1
T2024020000248,2024-02-21,2024,2,Kegalle,Sabaragamuwa,Electronics,Power Hub,C04912,4,157490.09,1
T2024020000249,2024-02-18,2024,2,Matale,Central,Electronics,Smart Display,C02903,10,420588.65,1
T2024020000250,2024-02-27,2024,2,Monaragala,Uva,Electronics,Sound Bar,C01298,6,214338.57,1
T2024020000251,2024-02-10,2024,2,Badulla,Uva,Electronics,Smart Display,C03745,7,259401.42,1
T2024020000252,2024-02-07,2024,2,Jaffna,Northern,Accessories,Mouse Pad,C03236,11,42694.02,1
T2024020000253,2024-02-26,2024,2,Ampara,Eastern,Office,Laser Printer,C03762,5,141267.62,1
T2024020000254,2024-02-17,2024,2,Kalutara,Western,Outdoor,Portable Fan,C04504,5,70161.02,1
T2024020000255,2024-02-01,2024,2,Kalutara,Western,Electronics,Wireless Router,C03033,5,168494.99,1
T2024020000256,2024-02-21,2024,2,Ratnapura,Sabaragamuwa,Home,Air Purifier,C03143,6,112010.74,1
T2024020000257,2024-02-21,2024,2,Hambantota,Southern,Electronics,Wireless Router,C01962,13,421221.06,1
T2024020000258,2024-02-15,2024,2,Kandy,Central,Accessories,Mouse Pad,C02255,10,41227.18,1
T2024020000259,2024-02-22,2024,2,Kurunegala,North Western,Accessories,Phone Stand,C03028,10,45867.77,1
T2024020000260,2024-02-19,2024,2,Jaffna,Northern,Lifestyle,Water Bottle,C01640,3,29274.87,1
T2024020000261,2024-02-28,2024,2,Kalutara,Western,Lifestyle,Travel Kit,C03688,7,62224.41,1
T2024020000262,2024-02-15,2024,2,Kurunegala,North Western,Lifestyle,Desk Organizer,C01456,3,26815.21,1
T2024020000263,2024-02-13,2024,2,Colombo,Western,Lifestyle,Water Bottle,C01179,5,44547.35,1
T2024020000264,2024-02-18,2024,2,Vavuniya,Northern,Electronics,Wireless Router,C01523,16,645675.2,1
T2024020000265,2024-02-06,2024,2,Kegalle,Sabaragamuwa,Lifestyle,Water Bottle,C04350,10,99475.68,1
T2024020000266,2024-02-13,2024,2,Galle,Southern,Accessories,Mouse Pad,C04093,3,12891.6,1
T2024020000267,2024-02-18,2024,2,Gampaha,Western,Outdoor,Camping Light,C02463,6,79810.22,1
T2024020000268,2024-02-22,2024,2,Anuradhapura,North Central,Outdoor,Foldable Chair,C04793,10,133997.27,1
T2024020000269,2024-02-09,2024,2,Anuradhapura,North Central,Home,Coffee Maker,C02271,4,80848.39,1
T2024020000270,2024-02-07,2024,2,Colombo,Western,Office,Laser Printer,C02972,3,83201.94,1
T2024020000271,2024-02-24,2024,2,Mullaitivu,Northern,Office,Laser Printer,C03005,2,50426.53,1
T2024020000272,2024-02-17,2024,2,Kalutara,Western,Outdoor,Camping Light,C02148,16,198889.58,1
T2024020000273,2024-02-10,2024,2,Matale,Central,Office,Monitor Stand,C02941,12,339076.58,1
T2024020000274,2024-02-21,2024,2,Kandy,Central,Home,Air Purifier,C02435,9,180423.46,1
T2024020000275,2024-02-23,2024,2,Kegalle,Sabaragamuwa,Accessories,Mouse Pad,C03612,6,22331.9,1
T2024020000276,2024-02-10,2024,2,Kalutara,Western,Lifestyle,Travel Kit,C02847,12,104095.94,1
T2024020000277,2024-02-13,2024,2,Monaragala,Uva,Lifestyle,Desk Organizer,C02099,5,46291.97,1
T2024020000278,2024-02-02,2024,2,Ratnapura,Sabaragamuwa,Outdoor,Camping Light,C02561,5,68468.93,1
T2024020000279,2024-02-07,2024,2,Colombo,Western,Electronics,Sound Bar,C04928,12,439072.97,1
T2024020000280,2024-02-08,2024,2,Kalutara,Western,Electronics,Smart Display,C04924,9,348936.93,1
T2024020000281,2024-02-15,2024,2,Monaragala,Uva,Lifestyle,Water Bottle,C04119,7,65147.09,1
T2024020000282,2024-02-26,2024,2,Galle,Southern,Outdoor,Portable Fan,C01808,15,207289.31,1
T2024020000283,2024-02-19,2024,2,Monaragala,Uva,Home,Storage Set,C01375,12,236002.77,1
T2024020000284,2024-02-05,2024,2,Kandy,Central,Accessories,Mouse Pad,C03419,4,14692.54,1
T2024020000285,2024-02-25,2024,2,Anuradhapura,North Central,Lifestyle,Water Bottle,C03109,11,113944.62,1
T2024020000286,2024-02-05,2024,2,Hambantota,Southern,Office,Monitor Stand,C02387,10,254879.69,1
T2024020000287,2024-02-27,2024,2,Kegalle,Sabaragamuwa,Accessories,USB Cable,C01609,9,38357.43,1
T2024020000288,2024-02-01,2024,2,Gampaha,Western,Office,Laser Printer,C02238,4,113336.5,1
T2024020000289,2024-02-01,2024,2,Batticaloa,Eastern,Office,Document Scanner,C04997,1,28087.44,1
T2024020000290,2024-02-17,2024,2,Colombo,Western,Office,Monitor Stand,C01141,11,320087.7,1
T2024020000291,2024-02-07,2024,2,Gampaha,Western,Electronics,Sound Bar,C02975,8,278764.23,1
T2024020000292,2024-02-15,2024,2,Kandy,Central,Home,Coffee Maker,C04327,8,162133.15,1
T2024020000293,2024-02-03,2024,2,Matale,Central,Outdoor,Camping Light,C01260,6,79562.18,1
T2024020000294,2024-02-16,2024,2,Colombo,Western,Electronics,Sound Bar,C01678,12,455932.55,1
T2024020000295,2024-02-08,2024,2,Vavuniya,Northern,Outdoor,Camping Light,C01349,4,57010.55,1
T2024020000296,2024-02-29,2024,2,Hambantota,Southern,Electronics,Smart Display,C03297,7,277299.68,1
T2024020000297,2024-02-25,2024,2,Ratnapura,Sabaragamuwa,Home,LED Lamp,C02182,11,219901.8,1
T2024020000298,2024-02-13,2024,2,Matale,Central,Lifestyle,Desk Organizer,C03718,10,91217.33,1
T2024020000299,2024-02-14,2024,2,Jaffna,Northern,Accessories,USB Cable,C01801,4,14168.89,1
T2024020000300,2024-02-01,2024,2,Puttalam,North Western,Accessories,Mouse Pad,C03674,9,38509.19,1
T2024020000301,2024-02-06,2024,2,Hambantota,Southern,Home,Storage Set,C04538,9,174050.41,1
T2024020000302,2024-02-03,2024,2,Puttalam,North Western,Home,LED Lamp,C01603,5,89163.34,1
T2024020000303,2024-02-01,2024,2,Kurunegala,North Western,Home,Air Purifier,C01750,14,265729.09,1
T2024020000304,2024-02-18,2024,2,Gampaha,Western,Electronics,Power Hub,C04677,8,297683.14,1
T2024020000305,2024-02-01,2024,2,Colombo,Western,Lifestyle,Water Bottle,C04156,5,49728.89,1
T2024020000306,2024-02-22,2024,2,Kurunegala,North Western,Lifestyle,Travel Kit,C02390,6,53074.55,1
T2024020000307,2024-02-09,2024,2,Kandy,Central,Electronics,Sound Bar,C04561,6,220430.26,1
T2024020000308,2024-02-15,2024,2,Galle,Southern,Accessories,Mouse Pad,C02602,3,11575.29,1
T2024020000309,2024-02-11,2024,2,Nuwara Eliya,Central,Office,Monitor Stand,C04607,6,164122.78,1
T2024020000310,2024-02-11,2024,2,Gampaha,Western,Home,LED Lamp,C04925,4,73017.57,1
T2024020000311,2024-02-11,2024,2,Matale,Central,Office,Document Scanner,C02986,6,169231.81,1
T2024020000312,2024-02-22,2024,2,Galle,Southern,Accessories,Phone Stand,C02474,10,36146.27,1
T2024020000313,2024-02-27,2024,2,Ratnapura,Sabaragamuwa,Electronics,Wireless Router,C01567,12,447270.07,1
T2024020000314,2024-02-23,2024,2,Gampaha,Western,Home,Coffee Maker,C02263,6,106760.33,1
T2024020000315,2024-02-18,2024,2,Kegalle,Sabaragamuwa,Lifestyle,Desk Organizer,C04427,2,20070.59,1
T2024020000316,2024-02-22,2024,2,Mullaitivu,Northern,Accessories,USB Cable,C03034,9,32571.01,1
T2024020000317,2024-02-26,2024,2,Colombo,Western,Accessories,Mouse Pad,C03717,6,22718.01,1
T2024020000318,2024-02-12,2024,2,Kandy,Central,Outdoor,Cooler Box,C04652,6,83864.24,1
T2024020000319,2024-02-04,2024,2,Trincomalee,Eastern,Electronics,Smart Display,C04955,5,213282.58,1
T2024020000320,2024-02-10,2024,2,Gampaha,Western,Accessories,Phone Stand,C03854,5,21343.11,1
T2024020000321,2024-02-11,2024,2,Hambantota,Southern,Lifestyle,Desk Organizer,C04707,3,26749.01,1
T2024020000322,2024-02-24,2024,2,Colombo,Western,Home,Air Purifier,C02347,5,92873.01,1
T2024020000323,2024-02-26,2024,2,Nuwara Eliya,Central,Lifestyle,Desk Organizer,C02900,6,52540.76,1
T2024020000324,2024-02-19,2024,2,Galle,Southern,Office,Office Chair,C04683,6,145688.31,1
T2024020000325,2024-02-26,2024,2,Kalutara,Western,Outdoor,Camping Light,C01834,12,155557.69,1
T2024020000326,2024-02-20,2024,2,Kalutara,Western,Electronics,Power Hub,C03568,6,216012.77,1
T2024020000327,2024-02-20,2024,2,Nuwara Eliya,Central,Outdoor,Cooler Box,C03437,8,115466.25,1
T2024020000328,2024-02-23,2024,2,Gampaha,Western,Home,LED Lamp,C04059,4,69102.95,1
T2024020000329,2024-02-21,2024,2,Gampaha,Western,Home,LED Lamp,C04987,7,144078.62,1
T2024020000330,2024-02-11,2024,2,Mannar,Northern,Lifestyle,Travel Kit,C02533,12,118209.41,1
T2024020000331,2024-02-18,2024,2,Ratnapura,Sabaragamuwa,Lifestyle,Travel Kit,C04146,7,65749.58,1
T2024020000332,2024-02-03,2024,2,Matara,Southern,Outdoor,Portable Fan,C02371,8,119688.04,1
T2024020000333,2024-02-25,2024,2,Matale,Central,Home,Coffee Maker,C02378,7,130819.13,1
T2024020000334,2024-02-25,2024,2,Mannar,Northern,Electronics,Smart Display,C03195,7,278564.06,1
T2024020000335,2024-02-14,2024,2,Anuradhapura,North Central,Electronics,Power Hub,C02791,3,116175.48,1
T2024020000336,2024-02-12,2024,2,Matale,Central,Accessories,Mouse Pad,C03153,12,46324.47,1
T2024020000337,2024-02-06,2024,2,Puttalam,North Western,Home,Coffee Maker,C04508,8,155579.6,1
T2024020000338,2024-02-11,2024,2,Anuradhapura,North Central,Lifestyle,Water Bottle,C02380,15,130422.7,1
T2024020000339,2024-02-25,2024,2,Kandy,Central,Outdoor,Camping Light,C02111,11,166987.99,1
T2024020000340,2024-02-05,2024,2,Badulla,Uva,Electronics,Sound Bar,C03046,10,375275.73,1
T2024030000341,2024-03-13,2024,3,Hambantota,Southern,Lifestyle,Water Bottle,C04394,6,70895.27,1
T2024030000342,2024-03-31,2024,3,Galle,Southern,Outdoor,Foldable Chair,C04725,7,118536.0,1
T2024030000343,2024-03-26,2024,3,Kurunegala,North Western,Lifestyle,Water Bottle,C01519,7,71660.29,1
T2024030000344,2024-03-11,2024,3,Anuradhapura,North Central,Lifestyle,Water Bottle,C03324,7,70209.44,1
T2024030000345,2024-03-04,2024,3,Puttalam,North Western,Accessories,USB Cable,C01377,8,42252.89,1
T2024030000346,2024-03-01,2024,3,Gampaha,Western,Outdoor,Portable Fan,C04740,16,264464.03,1
T2024030000347,2024-03-21,2024,3,Badulla,Uva,Home,Coffee Maker,C01765,6,115854.37,1
T2024030000348,2024-03-21,2024,3,Colombo,Western,Office,Office Chair,C04517,3,88962.46,1
T2024030000349,2024-03-01,2024,3,Hambantota,Southern,Electronics,Sound Bar,C04646,1,41306.32,1
T2024030000350,2024-03-03,2024,3,Kegalle,Sabaragamuwa,Lifestyle,Travel Kit,C04914,4,41818.45,1
T2024030000351,2024-03-13,2024,3,Gampaha,Western,Home,Coffee Maker,C02124,10,230847.85,1
T2024030000352,2024-03-20,2024,3,Ampara,Eastern,Office,Laser Printer,C01070,9,280463.81,1
T2024030000353,2024-03-28,2024,3,Batticaloa,Eastern,Electronics,Power Hub,C04625,4,182113.73,1
T2024030000354,2024-03-31,2024,3,Kurunegala,North Western,Office,Document Scanner,C03880,6,201459.24,1
T2024030000355,2024-03-28,2024,3,Kandy,Central,Electronics,Wireless Router,C01220,12,544066.46,1
T2024030000356,2024-03-21,2024,3,Jaffna,Northern,Lifestyle,Desk Organizer,C03422,2,24454.61,1
T2024030000357,2024-03-17,2024,3,Jaffna,Northern,Electronics,Power Hub,C01582,13,481934.05,1
T2024030000358,2024-03-18,2024,3,Ratnapura,Sabaragamuwa,Electronics,Power Hub,C03994,9,406895.76,1
T2024030000359,2024-03-02,2024,3,Colombo,Western,Electronics,Wireless Router,C02768,13,597135.44,1
T2024030000360,2024-03-23,2024,3,Jaffna,Northern,Office,Document Scanner,C04470,6,183293.2,1
T2024030000361,2024-03-17,2024,3,Batticaloa,Eastern,Home,Coffee Maker,C01648,13,304663.45,1
T2024030000362,2024-03-23,2024,3,Kilinochchi,Northern,Home,Air Purifier,C03541,6,148436.15,1
T2024030000363,2024-03-15,2024,3,Colombo,Western,Electronics,Power Hub,C01951,8,311852.76,1
T2024030000364,2024-03-16,2024,3,Gampaha,Western,Office,Laser Printer,C02343,14,452918.33,1
T2024030000365,2024-03-25,2024,3,Kalutara,Western,Electronics,Wireless Router,C01968,13,509148.02,1
T2024030000366,2024-03-15,2024,3,Kandy,Central,Electronics,Smart Display,C05065,7,263651.98,1
T2024030000367,2024-03-08,2024,3,Kalutara,Western,Electronics,Smart Display,C01945,10,404177.21,1
T2024030000368,2024-03-06,2024,3,Kandy,Central,Lifestyle,Desk Organizer,C02230,14,159399.48,1
T2024030000369,2024-03-11,2024,3,Anuradhapura,North Central,Office,Document Scanner,C02840,5,170416.72,1
T2024030000370,2024-03-17,2024,3,Kandy,Central,Electronics,Wireless Router,C01979,9,340422.28,1
T2024030000371,2024-03-29,2024,3,Anuradhapura,North Central,Accessories,Mouse Pad,C01565,7,31827.36,1
T2024030000372,2024-03-07,2024,3,Nuwara Eliya,Central,Lifestyle,Fitness Band,C04023,5,56088.82,1
T2024030000373,2024-03-24,2024,3,Kandy,Central,Home,Storage Set,C02601,13,291801.91,1
T2024030000374,2024-03-18,2024,3,Gampaha,Western,Accessories,USB Cable,C02909,5,27216.15,1
T2024030000375,2024-03-04,2024,3,Ratnapura,Sabaragamuwa,Electronics,Power Hub,C03520,4,179601.4,1
T2024030000376,2024-03-03,2024,3,Jaffna,Northern,Electronics,Sound Bar,C03293,2,74082.3,1
T2024030000377,2024-03-19,2024,3,Matara,Southern,Accessories,Mouse Pad,C01696,3,12904.53,1
T2024030000378,2024-03-08,2024,3,Colombo,Western,Lifestyle,Desk Organizer,C02071,5,60467.88,1
T2024030000379,2024-03-09,2024,3,Kurunegala,North Western,Office,Monitor Stand,C04709,4,138500.92,1
T2024030000380,2024-03-06,2024,3,Puttalam,North Western,Lifestyle,Travel Kit,C01866,6,66099.51,1
T2024030000381,2024-03-10,2024,3,Kilinochchi,Northern,Accessories,Phone Stand,C04703,7,37089.67,1
T2024030000382,2024-03-27,2024,3,Gampaha,Western,Office,Laser Printer,C02762,12,360367.14,1
T2024030000383,2024-03-09,2024,3,Kegalle,Sabaragamuwa,Home,Air Purifier,C03449,11,223033.89,1
T2024030000384,2024-03-15,2024,3,Polonnaruwa,North Central,Lifestyle,Travel Kit,C01776,3,36649.46,1
T2024030000385,2024-03-07,2024,3,Colombo,Western,Outdoor,Cooler Box,C02071,11,183248.44,1
T2024030000386,2024-03-03,2024,3,Vavuniya,Northern,Home,Air Purifier,C01179,4,92926.2,1
T2024030000387,2024-03-02,2024,3,Colombo,Western,Outdoor,Foldable Chair,C02004,14,199106.15,1
T2024030000388,2024-03-13,2024,3,Matara,Southern,Office,Document Scanner,C01242,9,263918.75,1
T2024030000389,2024-03-02,2024,3,Monaragala,Uva,Home,Storage Set,C02218,8,172480.53,1
T2024030000390,2024-03-03,2024,3,Jaffna,Northern,Outdoor,Portable Fan,C01500,5,75078.39,1
T2024030000391,2024-03-13,2024,3,Ampara,Eastern,Outdoor,Cooler Box,C01160,11,163196.79,1
T2024030000392,2024-03-09,2024,3,Puttalam,North Western,Home,Coffee Maker,C04182,4,81612.38,1
T2024030000393,2024-03-26,2024,3,Colombo,Western,Outdoor,Foldable Chair,C01480,16,253856.4,1
T2024030000394,2024-03-22,2024,3,Kegalle,Sabaragamuwa,Accessories,USB Cable,C03031,5,24784.15,1
T2024030000395,2024-03-30,2024,3,Puttalam,North Western,Accessories,Mouse Pad,C03907,12,62219.12,1
T2024030000396,2024-03-23,2024,3,Kandy,Central,Home,Coffee Maker,C01232,9,196961.45,1
T2024030000397,2024-03-06,2024,3,Gampaha,Western,Accessories,Mouse Pad,C03532,7,31665.68,1
T2024030000398,2024-03-11,2024,3,Mullaitivu,Northern,Electronics,Power Hub,C01006,13,509378.33,1
T2024030000399,2024-03-01,2024,3,Nuwara Eliya,Central,Electronics,Wireless Router,C01488,4,175106.81,1
T2024030000400,2024-03-12,2024,3,Puttalam,North Western,Outdoor,Foldable Chair,C01595,9,142617.1,1
T2024030000401,2024-03-24,2024,3,Gampaha,Western,Home,LED Lamp,C02291,14,315795.47,1
T2024030000402,2024-03-22,2024,3,Ampara,Eastern,Electronics,Wireless Router,C02829,8,308377.48,1
T2024030000403,2024-03-31,2024,3,Kurunegala,North Western,Home,LED Lamp,C01015,9,182312.91,1
T2024030000404,2024-03-30,2024,3,Colombo,Western,Office,Office Chair,C01853,7,223756.15,1
T2024030000405,2024-03-27,2024,3,Kandy,Central,Accessories,Phone Stand,C01727,9,44259.49,1
T2024030000406,2024-03-12,2024,3,Matara,Southern,Home,LED Lamp,C01556,5,99120.26,1
T2024030000407,2024-03-29,2024,3,Colombo,Western,Lifestyle,Desk Organizer,C02363,6,74551.68,1
T2024030000408,2024-03-06,2024,3,Kilinochchi,Northern,Electronics,Power Hub,C02848,6,273302.03,1
T2024030000409,2024-03-11,2024,3,Matale,Central,Home,Air Purifier,C01608,4,89407.23,1
T2024030000410,2024-03-20,2024,3,Kilinochchi,Northern,Accessories,USB Cable,C03769,16,85475.13,1
T2024030000411,2024-03-02,2024,3,Matara,Southern,Office,Document Scanner,C02287,3,88648.51,1
T2024030000412,2024-03-10,2024,3,Galle,Southern,Lifestyle,Water Bottle,C03307,5,47634.55,1
T2024030000413,2024-03-01,2024,3,Mannar,Northern,Lifestyle,Fitness Band,C03956,6,60542.57,1
T2024030000414,2024-03-21,2024,3,Hambantota,Southern,Electronics,Sound Bar,C02400,5,194346.09,1
T2024030000415,2024-03-03,2024,3,Matale,Central,Home,Storage Set,C03171,9,184583.57,1
T2024030000416,2024-03-09,2024,3,Badulla,Uva,Home,Storage Set,C01366,6,119645.05,1
T2024030000417,2024-03-22,2024,3,Mannar,Northern,Electronics,Smart Display,C01703,5,210396.91,1
T2024030000418,2024-03-31,2024,3,Kandy,Central,Electronics,Power Hub,C04430,7,307103.28,1
T2024030000419,2024-03-13,2024,3,Vavuniya,Northern,Electronics,Wireless Router,C01647,13,535324.99,1
T2024030000420,2024-03-31,2024,3,Vavuniya,Northern,Lifestyle,Travel Kit,C01986,10,104502.92,1
T2024030000421,2024-03-14,2024,3,Kegalle,Sabaragamuwa,Outdoor,Cooler Box,C01350,3,50862.99,1
T2024030000422,2024-03-30,2024,3,Kegalle,Sabaragamuwa,Office,Monitor Stand,C03620,10,343759.38,1
T2024030000423,2024-03-17,2024,3,Galle,Southern,Home,Coffee Maker,C03263,7,150939.49,1
T2024030000424,2024-03-05,2024,3,Mullaitivu,Northern,Outdoor,Camping Light,C04396,4,67821.52,1
T2024030000425,2024-03-28,2024,3,Ratnapura,Sabaragamuwa,Lifestyle,Fitness Band,C03344,7,73756.5,1
T2024030000426,2024-03-06,2024,3,Kandy,Central,Office,Document Scanner,C01307,5,136709.97,1
T2024030000427,2024-03-23,2024,3,Trincomalee,Eastern,Home,Storage Set,C03716,5,110748.95,1
T2024030000428,2024-03-09,2024,3,Badulla,Uva,Electronics,Wireless Router,C03548,12,553203.42,1
T2024030000429,2024-03-25,2024,3,Kegalle,Sabaragamuwa,Electronics,Wireless Router,C04630,11,424432.95,1
T2024030000430,2024-03-30,2024,3,Batticaloa,Eastern,Electronics,Power Hub,C02732,11,455478.46,1
T2024030000431,2024-03-10,2024,3,Badulla,Uva,Outdoor,Cooler Box,C01538,9,134853.07,1
T2024030000432,2024-03-27,2024,3,Badulla,Uva,Electronics,Sound Bar,C02645,2,76828.1,1
T2024030000433,2024-03-27,2024,3,Ratnapura,Sabaragamuwa,Office,Monitor Stand,C04018,7,220470.19,1
T2024030000434,2024-03-06,2024,3,Trincomalee,Eastern,Home,Storage Set,C04655,15,297453.45,1
T2024030000435,2024-03-10,2024,3,Nuwara Eliya,Central,Electronics,Wireless Router,C01741,2,70966.02,1
T2024030000436,2024-03-22,2024,3,Puttalam,North Western,Electronics,Sound Bar,C02845,4,162565.49,1
T2024030000437,2024-03-30,2024,3,Colombo,Western,Outdoor,Camping Light,C04884,3,47748.08,1
T2024030000438,2024-03-14,2024,3,Kandy,Central,Office,Monitor Stand,C03256,13,428377.43,1
T2024030000439,2024-03-01,2024,3,Kandy,Central,Lifestyle,Desk Organizer,C01839,7,80717.65,1
T2024030000440,2024-03-22,2024,3,Mannar,Northern,Office,Monitor Stand,C03446,3,84849.8,1
T2024030000441,2024-03-07,2024,3,Ampara,Eastern,Outdoor,Foldable Chair,C03448,4,70395.03,1
T2024030000442,2024-03-22,2024,3,Anuradhapura,North Central,Outdoor,Portable Fan,C03619,4,56684.77,1
T2024030000443,2024-03-13,2024,3,Kegalle,Sabaragamuwa,Home,Storage Set,C04315,10,203012.46,1
T2024030000444,2024-03-30,2024,3,Anuradhapura,North Central,Home,LED Lamp,C04898,14,285268.77,1
T2024030000445,2024-03-04,2024,3,Polonnaruwa,North Central,Outdoor,Cooler Box,C03407,7,112762.93,1
T2024030000446,2024-03-08,2024,3,Puttalam,North Western,Electronics,Wireless Router,C01732,6,262122.13,1
T2024030000447,2024-03-19,2024,3,Matara,Southern,Accessories,Power Adapter,C03135,5,25161.53,1
T2024030000448,2024-03-29,2024,3,Colombo,Western,Office,Laser Printer,C04869,4,115662.1,1
T2024030000449,2024-03-07,2024,3,Kilinochchi,Northern,Home,LED Lamp,C02126,5,113879.96,1
T2024030000450,2024-03-16,2024,3,Gampaha,Western,Outdoor,Cooler Box,C01663,5,91918.33,1
T2024030000451,2024-03-25,2024,3,Batticaloa,Eastern,Electronics,Wireless Router,C02716,10,426044.44,1
T2024030000452,2024-03-20,2024,3,Hambantota,Southern,Outdoor,Camping Light,C02061,6,93371.2,1
T2024030000453,2024-03-24,2024,3,Kegalle,Sabaragamuwa,Home,Air Purifier,C02634,6,119561.94,1
T2024030000454,2024-03-21,2024,3,Kurunegala,North Western,Lifestyle,Fitness Band,C01034,10,104731.69,1
T2024030000455,2024-03-03,2024,3,Matale,Central,Electronics,Wireless Router,C02369,11,436229.02,1
T2024030000456,2024-03-29,2024,3,Matara,Southern,Lifestyle,Water Bottle,C04553,9,90337.61,1
T2024030000457,2024-03-08,2024,3,Galle,Southern,Electronics,Power Hub,C01157,4,185337.43,1
T2024030000458,2024-03-12,2024,3,Kurunegala,North Western,Office,Office Chair,C02009,10,325556.91,1
T2024030000459,2024-03-22,2024,3,Badulla,Uva,Home,Air Purifier,C01393,3,73971.54,1
T2024030000460,2024-03-18,2024,3,Trincomalee,Eastern,Home,Storage Set,C02013,5,110875.54,1
T2024030000461,2024-03-22,2024,3,Trincomalee,Eastern,Office,Monitor Stand,C04448,3,89317.82,1
T2024030000462,2024-03-10,2024,3,Batticaloa,Eastern,Electronics,Smart Display,C01965,3,121838.23,1
T2024030000463,2024-03-23,2024,3,Batticaloa,Eastern,Outdoor,Cooler Box,C03933,6,85040.94,1
T2024030000464,2024-03-08,2024,3,Jaffna,Northern,Electronics,Power Hub,C03709,1,44362.13,1
T2024030000465,2024-03-25,2024,3,Anuradhapura,North Central,Office,Office Chair,C01738,7,236515.79,1
T2024030000466,2024-03-09,2024,3,Monaragala,Uva,Office,Document Scanner,C03426,7,201755.75,1
T2024030000467,2024-03-14,2024,3,Badulla,Uva,Outdoor,Foldable Chair,C03562,10,151690.59,1
T2024030000468,2024-03-12,2024,3,Colombo,Western,Electronics,Sound Bar,C03693,13,610482.11,1
T2024030000469,2024-03-04,2024,3,Badulla,Uva,Electronics,Wireless Router,C02499,6,273945.8,1
T2024030000470,2024-03-21,2024,3,Anuradhapura,North Central,Office,Document Scanner,C04455,12,351394.13,1
T2024030000471,2024-03-14,2024,3,Trincomalee,Eastern,Electronics,Sound Bar,C01850,13,509520.16,1
T2024030000472,2024-03-20,2024,3,Trincomalee,Eastern,Electronics,Power Hub,C03938,2,87184.03,1
T2024030000473,2024-03-02,2024,3,Hambantota,Southern,Lifestyle,Desk Organizer,C04611,3,35607.79,1
T2024030000474,2024-03-17,2024,3,Kurunegala,North Western,Office,Office Chair,C03772,7,235386.7,1
T2024030000475,2024-03-22,2024,3,Matara,Southern,Office,Document Scanner,C03833,9,260083.61,1
T2024030000476,2024-03-17,2024,3,Badulla,Uva,Office,Laser Printer,C02286,12,407935.96,1
T2024030000477,2024-03-09,2024,3,Colombo,Western,Lifestyle,Travel Kit,C03711,2,21112.47,1
T2024030000478,2024-03-26,2024,3,Galle,Southern,Electronics,Power Hub,C04639,8,295836.74,1
T2024030000479,2024-03-04,2024,3,Matara,Southern,Electronics,Power Hub,C01146,6,212187.52,1
T2024030000480,2024-03-21,2024,3,Colombo,Western,Electronics,Wireless Router,C02695,9,422244.95,1
T2024030000481,2024-03-18,2024,3,Anuradhapura,North Central,Outdoor,Portable Fan,C03720,10,164889.59,1
T2024030000482,2024-03-11,2024,3,Kurunegala,North Western,Electronics,Sound Bar,C01018,6,256129.05,1
T2024030000483,2024-03-29,2024,3,Kilinochchi,Northern,Home,Air Purifier,C01376,4,80467.71,1
T2024030000484,2024-03-30,2024,3,Gampaha,Western,Office,Office Chair,C01990,12,366085.24,1
T2024030000485,2024-03-30,2024,3,Kurunegala,North Western,Electronics,Power Hub,C01381,8,354934.93,1
T2024030000486,2024-03-01,2024,3,Puttalam,North Western,Lifestyle,Travel Kit,C05087,7,68845.29,1
T2024030000487,2024-03-24,2024,3,Anuradhapura,North Central,Lifestyle,Travel Kit,C02423,11,106160.67,1
T2024030000488,2024-03-20,2024,3,Batticaloa,Eastern,Home,Storage Set,C04430,13,288937.01,1
T2024030000489,2024-03-26,2024,3,Galle,Southern,Home,Coffee Maker,C04710,4,78246.57,1
T2024030000490,2024-03-07,2024,3,Matale,Central,Office,Monitor Stand,C02781,4,130847.38,1
T2024030000491,2024-03-23,2024,3,Ratnapura,Sabaragamuwa,Electronics,Sound Bar,C03641,3,117953.02,1
T2024030000492,2024-03-29,2024,3,Vavuniya,Northern,Accessories,Mouse Pad,C03343,12,57972.95,1
T2024030000493,2024-03-07,2024,3,Gampaha,Western,Home,Air Purifier,C01464,5,121910.25,1
T2024030000494,2024-03-07,2024,3,Trincomalee,Eastern,Electronics,Smart Display,C03418,10,386757.76,1
T2024030000495,2024-03-08,2024,3,Gampaha,Western,Outdoor,Cooler Box,C04186,7,123875.2,1
T2024030000496,2024-03-14,2024,3,Trincomalee,Eastern,Electronics,Power Hub,C04175,14,640916.16,1
T2024030000497,2024-03-20,2024,3,Kegalle,Sabaragamuwa,Electronics,Wireless Router,C02664,12,525777.93,1
T2024030000498,2024-03-25,2024,3,Anuradhapura,North Central,Accessories,Power Adapter,C02610,10,43625.89,1
T2024030000499,2024-03-24,2024,3,Kalutara,Western,Office,Office Chair,C02424,7,208525.23,1
T2024030000500,2024-03-01,2024,3,Kandy,Central,Home,LED Lamp,C03090,5,111056.47,1
T2024030000501,2024-03-16,2024,3,Colombo,Western,Accessories,USB Cable,C03468,11,56360.9,1
T2024030000502,2024-03-17,2024,3,Puttalam,North Western,Home,LED Lamp,C02507,3,61841.78,1
T2024030000503,2024-03-29,2024,3,Kilinochchi,Northern,Home,Coffee Maker,C02813,4,81017.85,1
T2024030000504,2024-03-04,2024,3,Matale,Central,Accessories,Mouse Pad,C01073,9,40261.37,1
T2024030000505,2024-03-13,2024,3,Ratnapura,Sabaragamuwa,Home,Air Purifier,C03630,13,311244.75,1
T2024030000506,2024-03-17,2024,3,Kandy,Central,Office,Laser Printer,C04072,11,350206.1,1
T2024030000507,2024-03-31,2024,3,Matale,Central,Office,Monitor Stand,C01675,3,98059.74,1
T2024030000508,2024-03-28,2024,3,Kilinochchi,Northern,Office,Office Chair,C02747,9,304948.83,1
T2024030000509,2024-03-24,2024,3,Kilinochchi,Northern,Office,Document Scanner,C01591,9,252093.58,1
T2024030000510,2024-03-18,2024,3,Colombo,Western,Electronics,Sound Bar,C03064,3,137154.11,1
T2024040000511,2024-04-11,2024,4,Galle,Southern,Lifestyle,Desk Organizer,C04548,2,18899.8,1
T2024040000512,2024-04-23,2024,4,Colombo,Western,Office,Laser Printer,C01373,12,306045.45,1
T2024040000513,2024-04-10,2024,4,Gampaha,Western,Outdoor,Foldable Chair,C01709,10,138431.33,1
T2024040000514,2024-04-05,2024,4,Anuradhapura,North Central,Electronics,Sound Bar,C02802,10,361082.21,1
T2024040000515,2024-04-01,2024,4,Matale,Central,Office,Monitor Stand,C04057,8,224865.38,1
T2024040000516,2024-04-10,2024,4,Colombo,Western,Lifestyle,Desk Organizer,C01698,4,41636.59,1
T2024040000517,2024-04-06,2024,4,Kalutara,Western,Accessories,Phone Stand,C02319,4,17841.13,1
T2024040000518,2024-04-21,2024,4,Gampaha,Western,Office,Laser Printer,C04779,8,218429.62,1
T2024040000519,2024-04-12,2024,4,Kandy,Central,Electronics,Power Hub,C03711,3,114340.34,1
T2024040000520,2024-04-16,2024,4,Kandy,Central,Electronics,Sound Bar,C03604,6,219991.52,1
T2024040000521,2024-04-14,2024,4,Trincomalee,Eastern,Electronics,Wireless Router,C03592,4,138631.25,1
T2024040000522,2024-04-05,2024,4,Kurunegala,North Western,Office,Monitor Stand,C03945,9,228763.42,1
T2024040000523,2024-04-18,2024,4,Hambantota,Southern,Home,Coffee Maker,C04990,3,57832.19,1
T2024040000524,2024-04-09,2024,4,Polonnaruwa,North Central,Outdoor,Cooler Box,C02610,10,147375.57,1
T2024040000525,2024-04-25,2024,4,Badulla,Uva,Outdoor,Camping Light,C04319,8,114899.11,1
T2024040000526,2024-04-12,2024,4,Kandy,Central,Accessories,Mouse Pad,C02218,6,25412.36,1
T2024040000527,2024-04-13,2024,4,Kurunegala,North Western,Home,Storage Set,C01742,6,98155.48,1
T2024040000528,2024-04-15,2024,4,Polonnaruwa,North Central,Outdoor,Cooler Box,C02150,4,53541.42,1
T2024040000529,2024-04-02,2024,4,Ampara,Eastern,Accessories,Mouse Pad,C03940,4,16922.33,1
T2024040000530,2024-04-13,2024,4,Kandy,Central,Electronics,Sound Bar,C03960,7,255505.51,1
T2024040000531,2024-04-27,2024,4,Colombo,Western,Office,Laser Printer,C03241,10,267703.82,1
T2024040000532,2024-04-17,2024,4,Kalutara,Western,Office,Monitor Stand,C01638,5,150109.92,1
T2024040000533,2024-04-26,2024,4,Jaffna,Northern,Home,Coffee Maker,C04989,7,123062.85,1
T2024040000534,2024-04-17,2024,4,Badulla,Uva,Lifestyle,Travel Kit,C01632,9,81814.59,1
T2024040000535,2024-04-14,2024,4,Gampaha,Western,Office,Laser Printer,C02887,11,313299.08,1
T2024040000536,2024-04-01,2024,4,Trincomalee,Eastern,Lifestyle,Travel Kit,C04367,5,41840.31,1
T2024040000537,2024-04-02,2024,4,Gampaha,Western,Office,Laser Printer,C02204,4,114965.88,1
T2024040000538,2024-04-03,2024,4,Ratnapura,Sabaragamuwa,Office,Laser Printer,C03323,4,107994.03,1
T2024040000539,2024-04-26,2024,4,Badulla,Uva,Electronics,Power Hub,C02170,8,287135.28,1
T2024040000540,2024-04-20,2024,4,Ampara,Eastern,Home,Coffee Maker,C04715,8,133648.6,1
T2024040000541,2024-04-20,2024,4,Gampaha,Western,Electronics,Power Hub,C02226,3,104248.97,1
T2024040000542,2024-04-16,2024,4,Mullaitivu,Northern,Outdoor,Camping Light,C01764,9,129149.79,1
T2024040000543,2024-04-12,2024,4,Anuradhapura,North Central,Accessories,Mouse Pad,C04447,12,50440.69,1
T2024040000544,2024-04-19,2024,4,Kandy,Central,Outdoor,Portable Fan,C03872,11,158035.45,1
T2024040000545,2024-04-30,2024,4,Gampaha,Western,Electronics,Power Hub,C02905,12,399409.21,1
T2024040000546,2024-04-17,2024,4,Galle,Southern,Electronics,Smart Display,C01966,1,39180.59,1
T2024040000547,2024-04-09,2024,4,Galle,Southern,Electronics,Power Hub,C03078,12,421963.96,1
T2024040000548,2024-04-14,2024,4,Batticaloa,Eastern,Accessories,Mouse Pad,C02669,8,33674.27,1
T2024040000549,2024-04-19,2024,4,Galle,Southern,Lifestyle,Water Bottle,C03513,5,50671.13,1
T2024040000550,2024-04-26,2024,4,Polonnaruwa,North Central,Office,Office Chair,C04659,9,226928.55,1
T2024040000551,2024-04-13,2024,4,Jaffna,Northern,Outdoor,Camping Light,C02317,15,191947.92,1
T2024040000552,2024-04-03,2024,4,Anuradhapura,North Central,Lifestyle,Desk Organizer,C01723,5,44249.79,1
T2024040000553,2024-04-23,2024,4,Colombo,Western,Home,Storage Set,C03347,15,255638.74,1
T2024040000554,2024-04-07,2024,4,Ampara,Eastern,Lifestyle,Travel Kit,C03343,2,18607.1,1
T2024040000555,2024-04-08,2024,4,Trincomalee,Eastern,Office,Laser Printer,C03947,9,275873.92,1
T2024040000556,2024-04-13,2024,4,Kegalle,Sabaragamuwa,Outdoor,Foldable Chair,C04238,8,115179.43,1
T2024040000557,2024-04-27,2024,4,Ratnapura,Sabaragamuwa,Lifestyle,Water Bottle,C03847,5,49623.87,1
T2024040000558,2024-04-06,2024,4,Matara,Southern,Home,Air Purifier,C03139,6,108649.87,1
T2024040000559,2024-04-29,2024,4,Jaffna,Northern,Home,Air Purifier,C03112,7,143077.79,1
T2024040000560,2024-04-25,2024,4,Trincomalee,Eastern,Accessories,Mouse Pad,C02993,5,21359.1,1
T2024040000561,2024-04-09,2024,4,Badulla,Uva,Outdoor,Portable Fan,C01953,3,43393.1,1
T2024040000562,2024-04-12,2024,4,Trincomalee,Eastern,Electronics,Wireless Router,C04379,7,223581.64,1
T2024040000563,2024-04-18,2024,4,Kandy,Central,Electronics,Wireless Router,C01623,14,498070.13,1
T2024040000564,2024-04-16,2024,4,Kandy,Central,Lifestyle,Travel Kit,C02558,10,91398.34,1
T2024040000565,2024-04-27,2024,4,Badulla,Uva,Electronics,Sound Bar,C03046,8,272821.16,1
T2024040000566,2024-04-25,2024,4,Gampaha,Western,Electronics,Power Hub,C01055,12,476052.2,1
T2024040000567,2024-04-06,2024,4,Galle,Southern,Home,Coffee Maker,C05021,16,316268.85,1
T2024040000568,2024-04-17,2024,4,Galle,Southern,Outdoor,Cooler Box,C01444,11,144455.63,1
T2024040000569,2024-04-04,2024,4,Colombo,Western,Home,LED Lamp,C04746,9,171703.46,1
T2024040000570,2024-04-12,2024,4,Colombo,Western,Electronics,Smart Display,C03666,8,280728.55,1
T2024040000571,2024-04-06,2024,4,Kandy,Central,Home,Coffee Maker,C03998,7,118871.63,1
T2024040000572,2024-04-19,2024,4,Galle,Southern,Home,Storage Set,C02474,3,55842.02,1
T2024040000573,2024-04-28,2024,4,Anuradhapura,North Central,Office,Office Chair,C04541,6,150718.25,1
T2024040000574,2024-04-05,2024,4,Hambantota,Southern,Electronics,Power Hub,C05093,17,620448.2,1
T2024040000575,2024-04-09,2024,4,Kilinochchi,Northern,Home,Storage Set,C03458,8,144104.26,1
T2024040000576,2024-04-16,2024,4,Gampaha,Western,Electronics,Sound Bar,C03084,12,403116.52,1
T2024040000577,2024-04-01,2024,4,Kandy,Central,Home,Coffee Maker,C03820,6,99795.74,1
T2024040000578,2024-04-12,2024,4,Kalutara,Western,Lifestyle,Travel Kit,C03332,5,47122.46,1
T2024040000579,2024-04-21,2024,4,Badulla,Uva,Home,Coffee Maker,C04800,14,274096.12,1
T2024040000580,2024-04-03,2024,4,Matara,Southern,Office,Document Scanner,C01585,4,101387.19,1
T2024040000581,2024-04-29,2024,4,Ampara,Eastern,Office,Document Scanner,C03223,6,174425.28,1
T2024040000582,2024-04-06,2024,4,Kurunegala,North Western,Lifestyle,Desk Organizer,C04392,4,34769.64,1
T2024040000583,2024-04-06,2024,4,Ampara,Eastern,Accessories,USB Cable,C02726,6,22049.26,1
T2024040000584,2024-04-04,2024,4,Mannar,Northern,Electronics,Power Hub,C01682,5,161960.05,1
T2024040000585,2024-04-21,2024,4,Matale,Central,Home,Coffee Maker,C04631,3,55253.89,1
T2024040000586,2024-04-15,2024,4,Colombo,Western,Office,Monitor Stand,C04901,15,419929.74,1
T2024040000587,2024-04-21,2024,4,Mannar,Northern,Electronics,Sound Bar,C04741,10,378999.35,1
T2024040000588,2024-04-16,2024,4,Jaffna,Northern,Office,Monitor Stand,C03845,7,196962.91,1
T2024040000589,2024-04-01,2024,4,Matale,Central,Home,LED Lamp,C03487,1,19569.22,1
T2024040000590,2024-04-25,2024,4,Nuwara Eliya,Central,Lifestyle,Fitness Band,C05030,7,58783.94,1
T2024040000591,2024-04-07,2024,4,Puttalam,North Western,Office,Laser Printer,C04061,6,160405.72,1
T2024040000592,2024-04-08,2024,4,Kandy,Central,Office,Document Scanner,C04100,5,133792.29,1
T2024040000593,2024-04-21,2024,4,Jaffna,Northern,Outdoor,Foldable Chair,C03333,10,145413.82,1
T2024040000594,2024-04-04,2024,4,Kalutara,Western,Electronics,Sound Bar,C03373,9,330084.51,1
T2024040000595,2024-04-05,2024,4,Kurunegala,North Western,Lifestyle,Water Bottle,C01159,2,19547.86,1
T2024040000596,2024-04-24,2024,4,Kegalle,Sabaragamuwa,Home,LED Lamp,C04592,1,17017.1,1
T2024040000597,2024-04-12,2024,4,Jaffna,Northern,Home,Coffee Maker,C05083,7,134924.76,1
T2024040000598,2024-04-09,2024,4,Colombo,Western,Outdoor,Cooler Box,C01460,10,127234.41,1
T2024040000599,2024-04-27,2024,4,Kalutara,Western,Accessories,Power Adapter,C04126,1,4586.92,1
T2024040000600,2024-04-07,2024,4,Galle,Southern,Accessories,Phone Stand,C01275,7,28931.06,1
T2024040000601,2024-04-30,2024,4,Ampara,Eastern,Electronics,Power Hub,C03557,5,189510.94,1
T2024040000602,2024-04-16,2024,4,Kurunegala,North Western,Lifestyle,Fitness Band,C03076,9,83236.03,1
T2024040000603,2024-04-21,2024,4,Polonnaruwa,North Central,Electronics,Smart Display,C02934,6,203404.65,1
T2024040000604,2024-04-02,2024,4,Vavuniya,Northern,Home,LED Lamp,C01074,8,143235.6,1
T2024040000605,2024-04-16,2024,4,Gampaha,Western,Outdoor,Cooler Box,C02292,3,45462.08,1
T2024040000606,2024-04-16,2024,4,Colombo,Western,Office,Laser Printer,C02031,4,122646.07,1
T2024040000607,2024-04-23,2024,4,Anuradhapura,North Central,Lifestyle,Travel Kit,C01175,6,60422.1,1
T2024040000608,2024-04-18,2024,4,Monaragala,Uva,Lifestyle,Desk Organizer,C03415,9,81401.16,1
T2024040000609,2024-04-28,2024,4,Kilinochchi,Northern,Home,Storage Set,C03256,11,206163.72,1
T2024040000610,2024-04-27,2024,4,Gampaha,Western,Lifestyle,Desk Organizer,C03423,5,49499.2,1
T2024040000611,2024-04-20,2024,4,Puttalam,North Western,Lifestyle,Travel Kit,C01154,12,123398.76,1
T2024040000612,2024-04-17,2024,4,Matale,Central,Electronics,Power Hub,C02556,9,343969.81,1
T2024040000613,2024-04-04,2024,4,Batticaloa,Eastern,Home,Coffee Maker,C01905,7,116080.71,1
T2024040000614,2024-04-07,2024,4,Kalutara,Western,Electronics,Smart Display,C04977,3,113091.82,1
T2024040000615,2024-04-12,2024,4,Ampara,Eastern,Lifestyle,Water Bottle,C01403,4,41470.7,1
T2024040000616,2024-04-15,2024,4,Ratnapura,Sabaragamuwa,Electronics,Power Hub,C01656,11,337374.72,1
T2024040000617,2024-04-27,2024,4,Kurunegala,North Western,Accessories,Power Adapter,C01478,8,34150.52,1
T2024040000618,2024-04-04,2024,4,Anuradhapura,North Central,Electronics,Sound Bar,C01796,10,363768.53,1
T2024040000619,2024-04-24,2024,4,Kalutara,Western,Office,Office Chair,C04402,3,83265.8,1
T2024040000620,2024-04-06,2024,4,Trincomalee,Eastern,Office,Document Scanner,C01853,11,284142.19,1
T2024040000621,2024-04-29,2024,4,Nuwara Eliya,Central,Electronics,Power Hub,C03887,5,197935.52,1
T2024040000622,2024-04-20,2024,4,Polonnaruwa,North Central,Home,Storage Set,C03650,5,89635.82,1
T2024040000623,2024-04-15,2024,4,Puttalam,North Western,Accessories,Power Adapter,C03950,6,24881.47,1
T2024040000624,2024-04-01,2024,4,Kegalle,Sabaragamuwa,Office,Office Chair,C03473,5,126548.21,1
T2024040000625,2024-04-04,2024,4,Colombo,Western,Outdoor,Foldable Chair,C02268,2,28043.29,1
T2024040000626,2024-04-09,2024,4,Kandy,Central,Accessories,Phone Stand,C02909,11,40388.42,1
T2024040000627,2024-04-26,2024,4,Vavuniya,Northern,Electronics,Smart Display,C03660,7,251012.6,1
T2024040000628,2024-04-24,2024,4,Anuradhapura,North Central,Electronics,Wireless Router,C01307,11,395051.97,1
T2024040000629,2024-04-30,2024,4,Ratnapura,Sabaragamuwa,Home,Storage Set,C04413,12,237434.77,1
T2024040000630,2024-04-02,2024,4,Kurunegala,North Western,Outdoor,Camping Light,C04134,5,59379.81,1
T2024040000631,2024-04-02,2024,4,Mannar,Northern,Home,LED Lamp,C02255,9,177064.39,1
T2024040000632,2024-04-14,2024,4,Kurunegala,North Western,Lifestyle,Fitness Band,C02820,5,47383.78,1
T2024040000633,2024-04-09,2024,4,Nuwara Eliya,Central,Lifestyle,Fitness Band,C04271,3,29111.68,1
T2024040000634,2024-04-13,2024,4,Puttalam,North Western,Lifestyle,Travel Kit,C04997,9,76530.3,1
T2024040000635,2024-04-09,2024,4,Kegalle,Sabaragamuwa,Lifestyle,Travel Kit,C01587,10,87558.93,1
T2024040000636,2024-04-12,2024,4,Colombo,Western,Office,Document Scanner,C03993,4,110557.63,1
T2024040000637,2024-04-20,2024,4,Puttalam,North Western,Electronics,Wireless Router,C04623,4,130184.64,1
T2024040000638,2024-04-24,2024,4,Kalutara,Western,Home,Air Purifier,C01921,2,42616.12,1
T2024040000639,2024-04-23,2024,4,Badulla,Uva,Outdoor,Camping Light,C03813,11,143511.82,1
T2024040000640,2024-04-18,2024,4,Colombo,Western,Electronics,Sound Bar,C02670,7,239232.65,1
T2024040000641,2024-04-19,2024,4,Batticaloa,Eastern,Accessories,USB Cable,C04086,13,53803.87,1
T2024040000642,2024-04-15,2024,4,Kalutara,Western,Home,Coffee Maker,C01435,9,142647.52,1
T2024040000643,2024-04-01,2024,4,Ampara,Eastern,Office,Monitor Stand,C01884,5,142949.27,1
T2024040000644,2024-04-16,2024,4,Kandy,Central,Home,Air Purifier,C03585,12,234520.97,1
T2024040000645,2024-04-08,2024,4,Kalutara,Western,Accessories,USB Cable,C01326,13,50162.65,1
T2024040000646,2024-04-12,2024,4,Galle,Southern,Electronics,Wireless Router,C03883,8,255735.89,1
T2024040000647,2024-04-29,2024,4,Kandy,Central,Electronics,Wireless Router,C04172,17,638152.72,1
T2024040000648,2024-04-22,2024,4,Ratnapura,Sabaragamuwa,Electronics,Wireless Router,C04219,4,142456.53,1
T2024040000649,2024-04-08,2024,4,Kegalle,Sabaragamuwa,Office,Office Chair,C04419,8,212081.68,1
T2024040000650,2024-04-21,2024,4,Monaragala,Uva,Home,LED Lamp,C02694,4,73904.98,1
T2024040000651,2024-04-30,2024,4,Polonnaruwa,North Central,Home,LED Lamp,C04524,15,237922.63,1
T2024040000652,2024-04-11,2024,4,Monaragala,Uva,Home,Air Purifier,C02509,12,219321.78,1
T2024040000653,2024-04-10,2024,4,Puttalam,North Western,Outdoor,Portable Fan,C04369,6,91357.08,1
T2024040000654,2024-04-01,2024,4,Gampaha,Western,Electronics,Sound Bar,C02514,10,377302.24,1
T2024040000655,2024-04-22,2024,4,Batticaloa,Eastern,Office,Office Chair,C02892,2,47938.57,1
T2024040000656,2024-04-06,2024,4,Gampaha,Western,Outdoor,Portable Fan,C04064,12,173398.08,1
T2024040000657,2024-04-30,2024,4,Gampaha,Western,Electronics,Power Hub,C01123,5,182533.55,1
T2024040000658,2024-04-23,2024,4,Kurunegala,North Western,Electronics,Power Hub,C05014,5,178968.02,1
T2024040000659,2024-04-13,2024,4,Matara,Southern,Outdoor,Portable Fan,C03564,8,111132.1,1
T2024040000660,2024-04-15,2024,4,Kilinochchi,Northern,Office,Laser Printer,C01896,7,206214.96,1
T2024040000661,2024-04-17,2024,4,Jaffna,Northern,Home,Air Purifier,C04174,10,213657.79,1
T2024040000662,2024-04-15,2024,4,Matale,Central,Home,Coffee Maker,C03343,4,71393.15,1
T2024040000663,2024-04-03,2024,4,Trincomalee,Eastern,Accessories,Mouse Pad,C04701,10,35738.05,1
T2024040000664,2024-04-14,2024,4,Ratnapura,Sabaragamuwa,Office,Office Chair,C04221,5,118278.41,1
T2024040000665,2024-04-03,2024,4,Mullaitivu,Northern,Office,Office Chair,C04725,5,141780.96,1
T2024040000666,2024-04-21,2024,4,Kurunegala,North Western,Electronics,Smart Display,C04682,6,223893.88,1
T2024040000667,2024-04-18,2024,4,Kurunegala,North Western,Accessories,Phone Stand,C04103,6,26131.06,1
T2024040000668,2024-04-28,2024,4,Vavuniya,Northern,Office,Office Chair,C02329,4,117613.59,1
T2024040000669,2024-04-21,2024,4,Matara,Southern,Home,Storage Set,C03366,4,79603.7,1
T2024040000670,2024-04-16,2024,4,Colombo,Western,Outdoor,Camping Light,C04758,12,178946.81,1
T2024040000671,2024-04-15,2024,4,Batticaloa,Eastern,Lifestyle,Travel Kit,C04898,6,49631.41,1
T2024040000672,2024-04-02,2024,4,Colombo,Western,Outdoor,Foldable Chair,C02701,4,51761.45,1
T2024040000673,2024-04-30,2024,4,Colombo,Western,Outdoor,Foldable Chair,C03713,3,39730.48,1
T2024040000674,2024-04-24,2024,4,Gampaha,Western,Home,LED Lamp,C04731,8,168434.85,1
T2024040000675,2024-04-25,2024,4,Puttalam,North Western,Home,Storage Set,C01555,6,109942.23,1
T2024040000676,2024-04-17,2024,4,Hambantota,Southern,Electronics,Wireless Router,C03697,6,203066.14,1
T2024040000677,2024-04-24,2024,4,Batticaloa,Eastern,Electronics,Smart Display,C04963,9,373382.97,1
T2024040000678,2024-04-30,2024,4,Matara,Southern,Outdoor,Foldable Chair,C03899,3,40123.97,1
T2024040000679,2024-04-23,2024,4,Kurunegala,North Western,Lifestyle,Travel Kit,C02907,5,46186.53,1
T2024040000680,2024-04-26,2024,4,Colombo,Western,Office,Laser Printer,C02699,8,224610.24,1
T2024050000681,2024-05-21,2024,5,Nuwara Eliya,Central,Lifestyle,Travel Kit,C01093,4,37708.75,1
T2024050000682,2024-05-04,2024,5,Matale,Central,Lifestyle,Water Bottle,C01051,9,79123.48,1
T2024050000683,2024-05-11,2024,5,Batticaloa,Eastern,Electronics,Sound Bar,C02590,11,420674.22,1
T2024050000684,2024-05-05,2024,5,Monaragala,Uva,Outdoor,Cooler Box,C04945,8,114571.58,1
T2024050000685,2024-05-27,2024,5,Badulla,Uva,Lifestyle,Desk Organizer,C01459,7,68158.13,1
T2024050000686,2024-05-03,2024,5,Mannar,Northern,Electronics,Wireless Router,C03897,15,526531.41,1
T2024050000687,2024-05-06,2024,5,Nuwara Eliya,Central,Home,LED Lamp,C04192,8,156510.64,1
T2024050000688,2024-05-14,2024,5,Kurunegala,North Western,Home,Air Purifier,C03225,3,62369.34,1
T2024050000689,2024-05-06,2024,5,Matara,Southern,Accessories,Phone Stand,C03477,3,13245.55,1
T2024050000690,2024-05-29,2024,5,Monaragala,Uva,Lifestyle,Fitness Band,C04954,7,61380.14,1
T2024050000691,2024-05-25,2024,5,Kurunegala,North Western,Lifestyle,Water Bottle,C02174,12,116941.54,1
T2024050000692,2024-05-13,2024,5,Trincomalee,Eastern,Electronics,Smart Display,C04764,10,392670.95,1
T2024050000693,2024-05-15,2024,5,Matale,Central,Electronics,Smart Display,C03731,13,450159.23,1
T2024050000694,2024-05-07,2024,5,Colombo,Western,Outdoor,Cooler Box,C03629,4,54527.89,1
T2024050000695,2024-05-06,2024,5,Puttalam,North Western,Office,Monitor Stand,C02224,5,114274.59,1
T2024050000696,2024-05-09,2024,5,Mannar,Northern,Electronics,Wireless Router,C03610,4,149403.13,1
T2024050000697,2024-05-18,2024,5,Vavuniya,Northern,Electronics,Wireless Router,C03775,6,193198.62,1
T2024050000698,2024-05-03,2024,5,Monaragala,Uva,Electronics,Power Hub,C01441,6,189265.53,1
T2024050000699,2024-05-10,2024,5,Badulla,Uva,Office,Document Scanner,C03914,5,119364.43,1
T2024050000700,2024-05-03,2024,5,Colombo,Western,Accessories,Mouse Pad,C02080,11,49832.77,1
T2024050000701,2024-05-08,2024,5,Gampaha,Western,Home,Storage Set,C04855,14,228645.7,1
T2024050000702,2024-05-26,2024,5,Kandy,Central,Home,LED Lamp,C03707,12,204878.26,1
T2024050000703,2024-05-15,2024,5,Colombo,Western,Lifestyle,Water Bottle,C04922,12,113040.73,1
T2024050000704,2024-05-27,2024,5,Batticaloa,Eastern,Electronics,Smart Display,C04324,10,328730.75,1
T2024050000705,2024-05-19,2024,5,Ampara,Eastern,Outdoor,Portable Fan,C04284,6,81252.26,1
T2024050000706,2024-05-07,2024,5,Gampaha,Western,Lifestyle,Fitness Band,C03792,11,108648.19,1
T2024050000707,2024-05-22,2024,5,Vavuniya,Northern,Home,LED Lamp,C02418,9,162778.37,1
T2024050000708,2024-05-18,2024,5,Anuradhapura,North Central,Electronics,Power Hub,C03666,3,105997.0,1
T2024050000709,2024-05-11,2024,5,Ratnapura,Sabaragamuwa,Electronics,Smart Display,C04105,7,283081.33,1
T2024050000710,2024-05-22,2024,5,Kalutara,Western,Electronics,Smart Display,C02202,4,149503.18,1
T2024050000711,2024-05-10,2024,5,Batticaloa,Eastern,Lifestyle,Travel Kit,C03594,8,83721.62,1
T2024050000712,2024-05-19,2024,5,Ratnapura,Sabaragamuwa,Accessories,Power Adapter,C01732,1,4456.88,1
T2024050000713,2024-05-29,2024,5,Polonnaruwa,North Central,Outdoor,Camping Light,C04025,8,95282.34,1
T2024050000714,2024-05-08,2024,5,Anuradhapura,North Central,Home,Coffee Maker,C01256,6,110882.45,1
T2024050000715,2024-05-22,2024,5,Kurunegala,North Western,Home,Storage Set,C02731,4,63354.92,1
T2024050000716,2024-05-10,2024,5,Galle,Southern,Accessories,Mouse Pad,C02264,17,73289.69,1
T2024050000717,2024-05-22,2024,5,Colombo,Western,Office,Office Chair,C04988,6,189978.25,1
T2024050000718,2024-05-20,2024,5,Gampaha,Western,Outdoor,Portable Fan,C04488,4,54473.4,1
T2024050000719,2024-05-14,2024,5,Anuradhapura,North Central,Home,LED Lamp,C02523,8,148977.32,1
T2024050000720,2024-05-02,2024,5,Kurunegala,North Western,Home,Coffee Maker,C01275,8,156150.98,1
T2024050000721,2024-05-24,2024,5,Vavuniya,Northern,Accessories,USB Cable,C02164,10,45481.62,1
T2024050000722,2024-05-16,2024,5,Hambantota,Southern,Electronics,Smart Display,C03009,8,323764.77,1
T2024050000723,2024-05-29,2024,5,Trincomalee,Eastern,Lifestyle,Water Bottle,C01433,5,49867.9,1
T2024050000724,2024-05-12,2024,5,Matara,Southern,Accessories,Power Adapter,C04449,15,65730.47,1
T2024050000725,2024-05-02,2024,5,Kalutara,Western,Office,Monitor Stand,C03134,8,207903.47,1
T2024050000726,2024-05-16,2024,5,Colombo,Western,Accessories,USB Cable,C03350,3,12730.05,1
T2024050000727,2024-05-01,2024,5,Kandy,Central,Office,Monitor Stand,C03105,10,261308.71,1
T2024050000728,2024-05-09,2024,5,Kurunegala,North Western,Office,Monitor Stand,C02437,11,282209.46,1
T2024050000729,2024-05-31,2024,5,Anuradhapura,North Central,Outdoor,Foldable Chair,C01692,4,61534.73,1
T2024050000730,2024-05-08,2024,5,Anuradhapura,North Central,Outdoor,Portable Fan,C04139,9,132723.55,1
T2024050000731,2024-05-21,2024,5,Kalutara,Western,Office,Monitor Stand,C01446,5,148540.81,1
T2024050000732,2024-05-24,2024,5,Kalutara,Western,Home,Coffee Maker,C04902,14,279948.49,1
T2024050000733,2024-05-05,2024,5,Galle,Southern,Office,Document Scanner,C03152,7,185911.17,1
T2024050000734,2024-05-04,2024,5,Ratnapura,Sabaragamuwa,Lifestyle,Water Bottle,C01337,13,125899.44,1
T2024050000735,2024-05-09,2024,5,Batticaloa,Eastern,Office,Monitor Stand,C03745,5,116585.04,1
T2024050000736,2024-05-17,2024,5,Galle,Southern,Outdoor,Cooler Box,C02597,5,73188.5,1
T2024050000737,2024-05-01,2024,5,Matale,Central,Electronics,Smart Display,C01557,6,223964.08,1
T2024050000738,2024-05-02,2024,5,Nuwara Eliya,Central,Office,Monitor Stand,C02582,2,46563.49,1
T2024050000739,2024-05-03,2024,5,Ampara,Eastern,Outdoor,Camping Light,C01983,12,145571.57,1
T2024050000740,2024-05-09,2024,5,Anuradhapura,North Central,Electronics,Smart Display,C02510,5,202214.28,1
T2024050000741,2024-05-23,2024,5,Ampara,Eastern,Accessories,Power Adapter,C04498,13,56636.17,1
T2024050000742,2024-05-13,2024,5,Kandy,Central,Outdoor,Foldable Chair,C01512,6,92487.8,1
T2024050000743,2024-05-16,2024,5,Ratnapura,Sabaragamuwa,Home,Storage Set,C01569,15,248900.81,1
T2024050000744,2024-05-07,2024,5,Kalutara,Western,Lifestyle,Travel Kit,C04533,8,68772.97,1
T2024050000745,2024-05-19,2024,5,Kurunegala,North Western,Electronics,Smart Display,C01577,10,414366.87,1
T2024050000746,2024-05-22,2024,5,Badulla,Uva,Electronics,Smart Display,C01310,6,210168.65,1
T2024050000747,2024-05-14,2024,5,Monaragala,Uva,Lifestyle,Desk Organizer,C04917,6,62334.4,1
T2024050000748,2024-05-19,2024,5,Kilinochchi,Northern,Electronics,Power Hub,C01993,7,277117.28,1
T2024050000749,2024-05-18,2024,5,Trincomalee,Eastern,Home,Air Purifier,C03993,12,217923.53,1
T2024050000750,2024-05-18,2024,5,Puttalam,North Western,Home,LED Lamp,C02447,2,35698.55,1
T2024050000751,2024-05-16,2024,5,Matale,Central,Home,Air Purifier,C03944,3,59914.22,1
T2024050000752,2024-05-13,2024,5,Gampaha,Western,Electronics,Sound Bar,C05008,3,111471.48,1
T2024050000753,2024-05-02,2024,5,Jaffna,Northern,Accessories,Mouse Pad,C01135,5,20460.26,1
T2024050000754,2024-05-24,2024,5,Galle,Southern,Electronics,Power Hub,C02221,8,322210.17,1
T2024050000755,2024-05-30,2024,5,Kurunegala,North Western,Lifestyle,Fitness Band,C04861,13,113624.86,1
T2024050000756,2024-05-15,2024,5,Colombo,Western,Office,Monitor Stand,C01798,8,245583.98,1
T2024050000757,2024-05-03,2024,5,Anuradhapura,North Central,Electronics,Power Hub,C02807,11,379047.4,1
T2024050000758,2024-05-27,2024,5,Nuwara Eliya,Central,Accessories,Phone Stand,C03635,15,59655.39,1
T2024050000759,2024-05-05,2024,5,Mullaitivu,Northern,Home,Air Purifier,C03244,10,178227.85,1
T2024050000760,2024-05-04,2024,5,Mannar,Northern,Lifestyle,Fitness Band,C02093,11,106412.47,1
T2024050000761,2024-05-01,2024,5,Puttalam,North Western,Electronics,Power Hub,C01662,1,37063.93,1
T2024050000762,2024-05-07,2024,5,Badulla,Uva,Home,Storage Set,C02040,4,67460.51,1
T2024050000763,2024-05-23,2024,5,Galle,Southern,Accessories,USB Cable,C02475,7,31628.33,1
T2024050000764,2024-05-04,2024,5,Nuwara Eliya,Central,Electronics,Sound Bar,C02573,16,599010.32,1
T2024050000765,2024-05-25,2024,5,Galle,Southern,Outdoor,Cooler Box,C04803,8,107441.05,1
T2024050000766,2024-05-06,2024,5,Kalutara,Western,Outdoor,Portable Fan,C05076,4,62649.72,1
T2024050000767,2024-05-11,2024,5,Ampara,Eastern,Home,Storage Set,C03060,8,154071.94,1
T2024050000768,2024-05-26,2024,5,Colombo,Western,Office,Office Chair,C02295,2,57402.25,1
T2024050000769,2024-05-07,2024,5,Badulla,Uva,Office,Monitor Stand,C04433,10,295814.52,1
T2024050000770,2024-05-24,2024,5,Puttalam,North Western,Home,Air Purifier,C02943,6,108848.5,1
T2024050000771,2024-05-05,2024,5,Colombo,Western,Lifestyle,Fitness Band,C04571,4,40916.79,1
T2024050000772,2024-05-09,2024,5,Galle,Southern,Electronics,Sound Bar,C03938,4,124647.16,1
T2024050000773,2024-05-14,2024,5,Colombo,Western,Electronics,Power Hub,C04757,4,142307.47,1
T2024050000774,2024-05-03,2024,5,Batticaloa,Eastern,Outdoor,Cooler Box,C02882,6,84730.83,1
T2024050000775,2024-05-24,2024,5,Mullaitivu,Northern,Outdoor,Foldable Chair,C01119,6,91175.27,1
T2024050000776,2024-05-14,2024,5,Nuwara Eliya,Central,Lifestyle,Travel Kit,C01042,15,126915.72,1
T2024050000777,2024-05-16,2024,5,Kurunegala,North Western,Lifestyle,Desk Organizer,C04231,11,113541.83,1
T2024050000778,2024-05-31,2024,5,Matara,Southern,Home,Air Purifier,C04332,4,75245.32,1
T2024050000779,2024-05-06,2024,5,Ampara,Eastern,Electronics,Power Hub,C03498,9,329039.87,1
T2024050000780,2024-05-06,2024,5,Colombo,Western,Lifestyle,Travel Kit,C04321,11,103530.09,1
T2024050000781,2024-05-29,2024,5,Kurunegala,North Western,Electronics,Smart Display,C04153,9,343438.97,1
T2024050000782,2024-05-20,2024,5,Matara,Southern,Home,LED Lamp,C01664,12,235734.56,1
T2024050000783,2024-05-04,2024,5,Jaffna,Northern,Accessories,Power Adapter,C01423,6,25259.92,1
T2024050000784,2024-05-05,2024,5,Galle,Southern,Electronics,Smart Display,C02678,15,552782.91,1
T2024050000785,2024-05-11,2024,5,Ampara,Eastern,Office,Office Chair,C02847,6,150294.84,1
T2024050000786,2024-05-16,2024,5,Kandy,Central,Electronics,Wireless Router,C04707,7,262750.58,1
T2024050000787,2024-05-20,2024,5,Kurunegala,North Western,Office,Monitor Stand,C04703,6,172941.03,1
T2024050000788,2024-05-13,2024,5,Kalutara,Western,Accessories,USB Cable,C01657,13,52603.93,1
T2024050000789,2024-05-05,2024,5,Gampaha,Western,Home,LED Lamp,C05066,12,231987.3,1
T2024050000790,2024-05-12,2024,5,Matale,Central,Accessories,Phone Stand,C04883,6,26769.86,1
T2024050000791,2024-05-14,2024,5,Matale,Central,Electronics,Sound Bar,C03752,8,295778.27,1
T2024050000792,2024-05-10,2024,5,Hambantota,Southern,Office,Document Scanner,C04752,8,234232.54,1
T2024050000793,2024-05-10,2024,5,Kalutara,Western,Home,Storage Set,C04047,10,163373.1,1
T2024050000794,2024-05-06,2024,5,Kandy,Central,Accessories,Phone Stand,C03337,15,66966.47,1
T2024050000795,2024-05-15,2024,5,Gampaha,Western,Electronics,Wireless Router,C02037,5,162662.68,1
T2024050000796,2024-05-12,2024,5,Kurunegala,North Western,Office,Monitor Stand,C02212,6,169196.65,1
T2024050000797,2024-05-25,2024,5,Matale,Central,Accessories,Mouse Pad,C05092,4,16308.53,1
T2024050000798,2024-05-16,2024,5,Gampaha,Western,Accessories,Power Adapter,C03422,13,57601.67,1
T2024050000799,2024-05-23,2024,5,Ampara,Eastern,Outdoor,Portable Fan,C03775,3,42829.01,1
T2024050000800,2024-05-13,2024,5,Gampaha,Western,Lifestyle,Water Bottle,C01204,8,74293.93,1
T2024050000801,2024-05-26,2024,5,Colombo,Western,Electronics,Sound Bar,C02820,14,505878.91,1
T2024050000802,2024-05-07,2024,5,Colombo,Western,Outdoor,Camping Light,C04232,7,97271.29,1
T2024050000803,2024-05-05,2024,5,Ratnapura,Sabaragamuwa,Accessories,Power Adapter,C04257,10,39663.83,1
T2024050000804,2024-05-15,2024,5,Galle,Southern,Home,Coffee Maker,C03524,12,193874.4,1
T2024050000805,2024-05-06,2024,5,Kurunegala,North Western,Home,Storage Set,C03365,11,215263.39,1
T2024050000806,2024-05-07,2024,5,Kurunegala,North Western,Home,Air Purifier,C02177,5,100800.17,1
T2024050000807,2024-05-01,2024,5,Kegalle,Sabaragamuwa,Electronics,Power Hub,C01725,6,229098.48,1
T2024050000808,2024-05-06,2024,5,Kalutara,Western,Lifestyle,Travel Kit,C02633,11,98690.66,1
T2024050000809,2024-05-18,2024,5,Colombo,Western,Outdoor,Foldable Chair,C05048,10,138858.43,1
T2024050000810,2024-05-21,2024,5,Gampaha,Western,Home,Storage Set,C02018,9,161895.7,1
T2024050000811,2024-05-04,2024,5,Hambantota,Southern,Office,Office Chair,C01234,10,277329.54,1
T2024050000812,2024-05-28,2024,5,Mullaitivu,Northern,Home,Storage Set,C04573,5,97208.33,1
T2024050000813,2024-05-06,2024,5,Galle,Southern,Office,Laser Printer,C03127,8,194819.38,1
T2024050000814,2024-05-09,2024,5,Badulla,Uva,Electronics,Sound Bar,C01434,6,220921.76,1
T2024050000815,2024-05-25,2024,5,Colombo,Western,Home,Air Purifier,C02588,8,158802.77,1
T2024050000816,2024-05-09,2024,5,Kurunegala,North Western,Lifestyle,Water Bottle,C03467,9,92736.68,1
T2024050000817,2024-05-05,2024,5,Kilinochchi,Northern,Home,LED Lamp,C01106,7,120818.32,1
T2024050000818,2024-05-07,2024,5,Galle,Southern,Accessories,Phone Stand,C01840,4,15618.49,1
T2024050000819,2024-05-15,2024,5,Puttalam,North Western,Lifestyle,Fitness Band,C04419,13,115568.56,1
T2024050000820,2024-05-05,2024,5,Ratnapura,Sabaragamuwa,Lifestyle,Water Bottle,C03971,11,108671.09,1
T2024050000821,2024-05-01,2024,5,Jaffna,Northern,Accessories,Phone Stand,C03496,10,38117.92,1
T2024050000822,2024-05-05,2024,5,Polonnaruwa,North Central,Electronics,Sound Bar,C03519,4,154767.58,1
T2024050000823,2024-05-25,2024,5,Trincomalee,Eastern,Outdoor,Camping Light,C01155,7,96912.71,1
T2024050000824,2024-05-04,2024,5,Gampaha,Western,Outdoor,Camping Light,C04843,13,167746.64,1
T2024050000825,2024-05-19,2024,5,Trincomalee,Eastern,Outdoor,Camping Light,C02683,13,168435.03,1
T2024050000826,2024-05-12,2024,5,Colombo,Western,Electronics,Wireless Router,C03850,4,139752.41,1
T2024050000827,2024-05-17,2024,5,Kandy,Central,Lifestyle,Fitness Band,C01115,4,35823.95,1
T2024050000828,2024-05-30,2024,5,Kalutara,Western,Outdoor,Camping Light,C01809,4,54549.4,1
T2024050000829,2024-05-06,2024,5,Galle,Southern,Office,Document Scanner,C01880,11,320677.81,1
T2024050000830,2024-05-04,2024,5,Kalutara,Western,Electronics,Smart Display,C03575,7,260978.03,1
T2024050000831,2024-05-11,2024,5,Puttalam,North Western,Office,Laser Printer,C01674,7,180068.21,1
T2024050000832,2024-05-18,2024,5,Mullaitivu,Northern,Home,Storage Set,C02851,6,117755.14,1
T2024050000833,2024-05-06,2024,5,Kalutara,Western,Electronics,Power Hub,C04011,1,38263.5,1
T2024050000834,2024-05-05,2024,5,Galle,Southern,Lifestyle,Fitness Band,C01977,6,61911.0,1
T2024050000835,2024-05-12,2024,5,Kurunegala,North Western,Accessories,Phone Stand,C01531,15,56481.96,1
T2024050000836,2024-05-24,2024,5,Polonnaruwa,North Central,Home,LED Lamp,C04480,7,127272.47,1
T2024050000837,2024-05-16,2024,5,Mullaitivu,Northern,Outdoor,Portable Fan,C03918,9,134647.4,1
T2024050000838,2024-05-04,2024,5,Jaffna,Northern,Electronics,Power Hub,C01886,5,180531.23,1
T2024050000839,2024-05-22,2024,5,Colombo,Western,Office,Laser Printer,C05081,2,48959.7,1
T2024050000840,2024-05-22,2024,5,Trincomalee,Eastern,Electronics,Smart Display,C01627,10,392866.99,1
T2024050000841,2024-05-18,2024,5,Kalutara,Western,Office,Document Scanner,C03144,5,137774.68,1
T2024050000842,2024-05-13,2024,5,Colombo,Western,Outdoor,Portable Fan,C01976,6,90673.95,1
T2024050000843,2024-05-16,2024,5,Hambantota,Southern,Electronics,Wireless Router,C02345,6,201546.59,1
T2024050000844,2024-05-16,2024,5,Hambantota,Southern,Electronics,Power Hub,C04849,8,272841.42,1
T2024050000845,2024-05-25,2024,5,Galle,Southern,Lifestyle,Desk Organizer,C03890,15,142664.41,1
T2024050000846,2024-05-26,2024,5,Mullaitivu,Northern,Electronics,Wireless Router,C03858,10,320740.26,1
T2024050000847,2024-05-12,2024,5,Galle,Southern,Lifestyle,Water Bottle,C04375,2,18319.25,1
T2024050000848,2024-05-04,2024,5,Ampara,Eastern,Office,Laser Printer,C03498,5,120615.9,1
T2024050000849,2024-05-09,2024,5,Colombo,Western,Office,Document Scanner,C04451,2,56838.87,1
T2024050000850,2024-05-19,2024,5,Kegalle,Sabaragamuwa,Home,Storage Set,C03642,3,54794.6,1
T2024060000851,2024-06-20,2024,6,Nuwara Eliya,Central,Lifestyle,Water Bottle,C02366,5,57201.58,1
T2024060000852,2024-06-10,2024,6,Jaffna,Northern,Outdoor,Camping Light,C02754,5,67474.85,1
T2024060000853,2024-06-19,2024,6,Galle,Southern,Electronics,Smart Display,C01777,5,174207.23,1
T2024060000854,2024-06-17,2024,6,Hambantota,Southern,Electronics,Smart Display,C03473,11,416956.72,1
T2024060000855,2024-06-22,2024,6,Matale,Central,Home,Coffee Maker,C04713,10,186019.99,1
T2024060000856,2024-06-07,2024,6,Batticaloa,Eastern,Lifestyle,Travel Kit,C05090,9,96940.67,1
T2024060000857,2024-06-17,2024,6,Kandy,Central,Office,Document Scanner,C01491,4,115547.52,1
T2024060000858,2024-06-14,2024,6,Gampaha,Western,Office,Monitor Stand,C04567,5,164063.0,1
T2024060000859,2024-06-21,2024,6,Batticaloa,Eastern,Outdoor,Foldable Chair,C03352,4,62604.5,1
T2024060000860,2024-06-08,2024,6,Galle,Southern,Electronics,Sound Bar,C01227,11,395194.92,1
T2024060000861,2024-06-06,2024,6,Mannar,Northern,Lifestyle,Fitness Band,C02655,5,46097.45,1
T2024060000862,2024-06-26,2024,6,Ampara,Eastern,Electronics,Smart Display,C04981,2,90174.48,1
T2024060000863,2024-06-29,2024,6,Matale,Central,Home,Air Purifier,C04335,6,131515.54,1
T2024060000864,2024-06-04,2024,6,Galle,Southern,Outdoor,Cooler Box,C02934,8,122774.17,1
T2024060000865,2024-06-29,2024,6,Jaffna,Northern,Outdoor,Foldable Chair,C05067,3,45627.67,1
T2024060000866,2024-06-30,2024,6,Nuwara Eliya,Central,Lifestyle,Desk Organizer,C02933,6,57449.0,1
T2024060000867,2024-06-28,2024,6,Kalutara,Western,Home,Storage Set,C03084,8,154819.47,1
T2024060000868,2024-06-22,2024,6,Kurunegala,North Western,Electronics,Power Hub,C04891,5,183925.5,1
T2024060000869,2024-06-21,2024,6,Galle,Southern,Office,Monitor Stand,C01173,15,456063.63,1
T2024060000870,2024-06-18,2024,6,Trincomalee,Eastern,Outdoor,Cooler Box,C03073,6,92016.54,1
T2024060000871,2024-06-13,2024,6,Monaragala,Uva,Office,Office Chair,C04625,1,31720.84,1
T2024060000872,2024-06-07,2024,6,Matale,Central,Accessories,Phone Stand,C03437,12,47914.35,1
T2024060000873,2024-06-09,2024,6,Batticaloa,Eastern,Outdoor,Portable Fan,C01278,12,187259.67,1
T2024060000874,2024-06-29,2024,6,Hambantota,Southern,Home,Coffee Maker,C04461,13,232539.56,1
T2024060000875,2024-06-20,2024,6,Trincomalee,Eastern,Lifestyle,Water Bottle,C04448,10,103799.35,1
T2024060000876,2024-06-21,2024,6,Matara,Southern,Electronics,Smart Display,C02506,6,258584.15,1
T2024060000877,2024-06-04,2024,6,Galle,Southern,Office,Monitor Stand,C01674,4,116914.76,1
T2024060000878,2024-06-16,2024,6,Polonnaruwa,North Central,Office,Monitor Stand,C04699,12,321598.08,1
T2024060000879,2024-06-03,2024,6,Trincomalee,Eastern,Outdoor,Foldable Chair,C02628,6,81410.81,1
T2024060000880,2024-06-01,2024,6,Ratnapura,Sabaragamuwa,Accessories,Phone Stand,C01170,13,59679.02,1
T2024060000881,2024-06-23,2024,6,Monaragala,Uva,Accessories,Phone Stand,C03145,12,45195.77,1
T2024060000882,2024-06-06,2024,6,Matara,Southern,Home,Air Purifier,C04015,14,250208.72,1
T2024060000883,2024-06-04,2024,6,Matara,Southern,Accessories,Mouse Pad,C05049,4,16472.33,1
T2024060000884,2024-06-28,2024,6,Matale,Central,Lifestyle,Travel Kit,C04534,4,38546.62,1
T2024060000885,2024-06-26,2024,6,Kurunegala,North Western,Electronics,Sound Bar,C04347,4,146054.32,1
T2024060000886,2024-06-19,2024,6,Kandy,Central,Lifestyle,Travel Kit,C04029,9,94449.13,1
T2024060000887,2024-06-23,2024,6,Hambantota,Southern,Outdoor,Portable Fan,C02739,6,83294.18,1
T2024060000888,2024-06-11,2024,6,Kandy,Central,Electronics,Smart Display,C01427,14,564215.68,1
T2024060000889,2024-06-09,2024,6,Kegalle,Sabaragamuwa,Accessories,USB Cable,C01044,7,29401.15,1
T2024060000890,2024-06-09,2024,6,Trincomalee,Eastern,Electronics,Smart Display,C02470,4,161978.63,1
T2024060000891,2024-06-05,2024,6,Badulla,Uva,Electronics,Wireless Router,C04547,5,185421.6,1
T2024060000892,2024-06-30,2024,6,Jaffna,Northern,Accessories,Power Adapter,C03954,6,28734.35,1
T2024060000893,2024-06-14,2024,6,Batticaloa,Eastern,Outdoor,Foldable Chair,C03565,13,181907.58,1
T2024060000894,2024-06-07,2024,6,Puttalam,North Western,Electronics,Power Hub,C01436,4,148497.94,1
T2024060000895,2024-06-04,2024,6,Hambantota,Southern,Electronics,Power Hub,C04576,16,689858.39,1
T2024060000896,2024-06-16,2024,6,Matara,Southern,Accessories,Mouse Pad,C04750,3,13983.28,1
T2024060000897,2024-06-27,2024,6,Gampaha,Western,Electronics,Wireless Router,C02480,4,157940.23,1
T2024060000898,2024-06-17,2024,6,Mannar,Northern,Office,Office Chair,C01034,10,276514.12,1
T2024060000899,2024-06-01,2024,6,Kandy,Central,Lifestyle,Fitness Band,C03693,5,58506.3,1
T2024060000900,2024-06-05,2024,6,Galle,Southern,Office,Laser Printer,C03651,2,55977.46,1
T2024060000901,2024-06-02,2024,6,Matara,Southern,Accessories,USB Cable,C03699,9,43516.71,1
T2024060000902,2024-06-28,2024,6,Ratnapura,Sabaragamuwa,Accessories,Phone Stand,C02732,2,9081.06,1
T2024060000903,2024-06-13,2024,6,Puttalam,North Western,Office,Document Scanner,C01759,5,133174.13,1
T2024060000904,2024-06-25,2024,6,Colombo,Western,Outdoor,Cooler Box,C04183,6,95920.51,1
T2024060000905,2024-06-29,2024,6,Gampaha,Western,Lifestyle,Desk Organizer,C03541,9,90292.28,1
T2024060000906,2024-06-29,2024,6,Anuradhapura,North Central,Lifestyle,Desk Organizer,C04650,6,55513.32,1
T2024060000907,2024-06-14,2024,6,Matara,Southern,Outdoor,Foldable Chair,C02527,8,102931.76,1
T2024060000908,2024-06-30,2024,6,Nuwara Eliya,Central,Lifestyle,Travel Kit,C02271,7,70129.95,1
T2024060000909,2024-06-10,2024,6,Colombo,Western,Lifestyle,Fitness Band,C04913,4,38893.77,1
T2024060000910,2024-06-18,2024,6,Polonnaruwa,North Central,Lifestyle,Water Bottle,C01391,3,28624.29,1
T2024060000911,2024-06-12,2024,6,Jaffna,Northern,Home,Storage Set,C03076,5,83589.35,1
T2024060000912,2024-06-26,2024,6,Colombo,Western,Office,Document Scanner,C02471,4,119588.39,1
T2024060000913,2024-06-25,2024,6,Matara,Southern,Office,Monitor Stand,C04728,9,266446.03,1
T2024060000914,2024-06-06,2024,6,Nuwara Eliya,Central,Accessories,Phone Stand,C02730,3,14595.59,1
T2024060000915,2024-06-13,2024,6,Badulla,Uva,Electronics,Smart Display,C01048,3,110644.33,1
T2024060000916,2024-06-20,2024,6,Hambantota,Southern,Home,Storage Set,C03481,11,214239.23,1
T2024060000917,2024-06-07,2024,6,Anuradhapura,North Central,Electronics,Sound Bar,C01114,3,103740.8,1
T2024060000918,2024-06-14,2024,6,Polonnaruwa,North Central,Electronics,Sound Bar,C02981,12,469455.56,1
T2024060000919,2024-06-16,2024,6,Kalutara,Western,Home,Storage Set,C02214,6,107737.28,1
T2024060000920,2024-06-01,2024,6,Kurunegala,North Western,Lifestyle,Desk Organizer,C04863,12,126860.65,1
T2024060000921,2024-06-11,2024,6,Matale,Central,Outdoor,Portable Fan,C01418,1,14992.77,1
T2024060000922,2024-06-16,2024,6,Kegalle,Sabaragamuwa,Outdoor,Foldable Chair,C01304,6,84956.02,1
T2024060000923,2024-06-23,2024,6,Ratnapura,Sabaragamuwa,Accessories,Mouse Pad,C02900,3,11215.0,1
T2024060000924,2024-06-04,2024,6,Matale,Central,Electronics,Power Hub,C04878,7,293444.63,1
T2024060000925,2024-06-24,2024,6,Matara,Southern,Lifestyle,Travel Kit,C03360,4,40104.06,1
T2024060000926,2024-06-05,2024,6,Jaffna,Northern,Lifestyle,Water Bottle,C04838,12,126600.32,1
T2024060000927,2024-06-26,2024,6,Ratnapura,Sabaragamuwa,Outdoor,Foldable Chair,C04870,15,208978.14,1
T2024060000928,2024-06-06,2024,6,Kandy,Central,Outdoor,Portable Fan,C02058,4,62797.7,1
T2024060000929,2024-06-08,2024,6,Puttalam,North Western,Accessories,Mouse Pad,C03488,4,16364.47,1
T2024060000930,2024-06-27,2024,6,Galle,Southern,Home,LED Lamp,C02432,12,240097.2,1
T2024060000931,2024-06-18,2024,6,Nuwara Eliya,Central,Electronics,Sound Bar,C01989,4,144975.17,1
T2024060000932,2024-06-28,2024,6,Puttalam,North Western,Outdoor,Foldable Chair,C02239,9,138576.38,1
T2024060000933,2024-06-27,2024,6,Kurunegala,North Western,Accessories,Mouse Pad,C04745,10,46075.68,1
T2024060000934,2024-06-17,2024,6,Batticaloa,Eastern,Outdoor,Camping Light,C01344,3,46393.91,1
T2024060000935,2024-06-25,2024,6,Monaragala,Uva,Electronics,Wireless Router,C04617,7,290105.61,1
T2024060000936,2024-06-28,2024,6,Gampaha,Western,Home,LED Lamp,C02008,4,90797.26,1
T2024060000937,2024-06-17,2024,6,Kandy,Central,Outdoor,Foldable Chair,C03350,4,55342.46,1
T2024060000938,2024-06-26,2024,6,Galle,Southern,Office,Office Chair,C04455,4,120356.45,1
T2024060000939,2024-06-15,2024,6,Ratnapura,Sabaragamuwa,Accessories,Power Adapter,C01244,4,14920.32,1
T2024060000940,2024-06-25,2024,6,Ratnapura,Sabaragamuwa,Electronics,Wireless Router,C04291,4,142710.57,1
T2024060000941,2024-06-14,2024,6,Ampara,Eastern,Office,Laser Printer,C03423,6,170513.44,1
T2024060000942,2024-06-01,2024,6,Badulla,Uva,Office,Monitor Stand,C03820,11,326977.2,1
T2024060000943,2024-06-29,2024,6,Ratnapura,Sabaragamuwa,Office,Document Scanner,C02681,7,210045.76,1
T2024060000944,2024-06-29,2024,6,Trincomalee,Eastern,Accessories,Mouse Pad,C02617,5,19793.59,1
T2024060000945,2024-06-07,2024,6,Galle,Southern,Office,Office Chair,C03326,3,82950.38,1
T2024060000946,2024-06-29,2024,6,Nuwara Eliya,Central,Office,Laser Printer,C01229,11,326828.82,1
T2024060000947,2024-06-24,2024,6,Anuradhapura,North Central,Home,Storage Set,C01905,3,53653.81,1
T2024060000948,2024-06-10,2024,6,Galle,Southern,Electronics,Smart Display,C04677,8,289494.19,1
T2024060000949,2024-06-10,2024,6,Kegalle,Sabaragamuwa,Outdoor,Cooler Box,C03870,5,74970.34,1
T2024060000950,2024-06-11,2024,6,Trincomalee,Eastern,Office,Office Chair,C01863,7,188279.95,1
T2024060000951,2024-06-03,2024,6,Matara,Southern,Electronics,Power Hub,C04376,3,114072.5,1
T2024060000952,2024-06-19,2024,6,Hambantota,Southern,Lifestyle,Water Bottle,C04300,8,87176.51,1
T2024060000953,2024-06-24,2024,6,Vavuniya,Northern,Office,Document Scanner,C05011,15,467687.05,1
T2024060000954,2024-06-23,2024,6,Jaffna,Northern,Lifestyle,Desk Organizer,C02060,7,73114.47,1
T2024060000955,2024-06-30,2024,6,Matara,Southern,Electronics,Sound Bar,C04026,14,536236.17,1
T2024060000956,2024-06-17,2024,6,Gampaha,Western,Home,Coffee Maker,C01330,4,77662.85,1
T2024060000957,2024-06-26,2024,6,Matale,Central,Lifestyle,Travel Kit,C02165,8,74105.16,1
T2024060000958,2024-06-04,2024,6,Badulla,Uva,Electronics,Power Hub,C01018,8,285840.17,1
T2024060000959,2024-06-26,2024,6,Matara,Southern,Lifestyle,Desk Organizer,C03768,6,62720.63,1
T2024060000960,2024-06-22,2024,6,Gampaha,Western,Electronics,Power Hub,C04686,6,255329.36,1
T2024060000961,2024-06-08,2024,6,Colombo,Western,Office,Document Scanner,C04173,13,383985.07,1
T2024060000962,2024-06-28,2024,6,Ratnapura,Sabaragamuwa,Accessories,Power Adapter,C01726,4,15788.2,1
T2024060000963,2024-06-20,2024,6,Mannar,Northern,Electronics,Smart Display,C02577,7,284381.03,1
T2024060000964,2024-06-22,2024,6,Jaffna,Northern,Outdoor,Camping Light,C01986,14,199855.95,1
T2024060000965,2024-06-26,2024,6,Kandy,Central,Electronics,Power Hub,C01694,7,244093.24,1
T2024060000966,2024-06-14,2024,6,Colombo,Western,Outdoor,Camping Light,C03785,4,52137.01,1
T2024060000967,2024-06-18,2024,6,Matale,Central,Home,Air Purifier,C01814,4,75851.36,1
T2024060000968,2024-06-02,2024,6,Puttalam,North Western,Electronics,Power Hub,C02387,8,303555.44,1
T2024060000969,2024-06-05,2024,6,Kurunegala,North Western,Home,Air Purifier,C03622,6,116172.17,1
T2024060000970,2024-06-08,2024,6,Ratnapura,Sabaragamuwa,Accessories,USB Cable,C02660,10,43927.95,1
T2024060000971,2024-06-02,2024,6,Jaffna,Northern,Lifestyle,Fitness Band,C03207,5,53567.03,1
T2024060000972,2024-06-09,2024,6,Hambantota,Southern,Home,LED Lamp,C01153,8,162945.79,1
T2024060000973,2024-06-19,2024,6,Kandy,Central,Lifestyle,Travel Kit,C03496,6,53162.95,1
T2024060000974,2024-06-26,2024,6,Kalutara,Western,Accessories,Power Adapter,C02378,5,22937.57,1
T2024060000975,2024-06-21,2024,6,Matara,Southern,Electronics,Power Hub,C03370,15,500946.85,1
T2024060000976,2024-06-27,2024,6,Kandy,Central,Home,Storage Set,C03879,8,149877.64,1
T2024060000977,2024-06-03,2024,6,Kandy,Central,Electronics,Smart Display,C03463,6,225665.57,1
T2024060000978,2024-06-20,2024,6,Kurunegala,North Western,Accessories,Mouse Pad,C02728,7,32847.15,1
T2024060000979,2024-06-08,2024,6,Batticaloa,Eastern,Accessories,Mouse Pad,C03237,9,38478.11,1
T2024060000980,2024-06-21,2024,6,Hambantota,Southern,Office,Laser Printer,C02096,13,395505.25,1
T2024060000981,2024-06-25,2024,6,Monaragala,Uva,Office,Document Scanner,C05006,6,162046.9,1
T2024060000982,2024-06-12,2024,6,Kilinochchi,Northern,Accessories,Mouse Pad,C02012,15,60950.68,1
T2024060000983,2024-06-15,2024,6,Galle,Southern,Electronics,Smart Display,C02023,6,234096.95,1
T2024060000984,2024-06-07,2024,6,Kandy,Central,Electronics,Wireless Router,C03932,3,117622.96,1
T2024060000985,2024-06-02,2024,6,Anuradhapura,North Central,Electronics,Power Hub,C03974,5,197437.15,1
T2024060000986,2024-06-28,2024,6,Kalutara,Western,Electronics,Power Hub,C01909,5,193296.9,1
T2024060000987,2024-06-19,2024,6,Mannar,Northern,Office,Office Chair,C01536,3,78289.47,1
T2024060000988,2024-06-28,2024,6,Ratnapura,Sabaragamuwa,Outdoor,Foldable Chair,C02572,9,140680.31,1
T2024060000989,2024-06-14,2024,6,Batticaloa,Eastern,Office,Document Scanner,C01017,9,293287.42,1
T2024060000990,2024-06-04,2024,6,Polonnaruwa,North Central,Home,Storage Set,C03245,9,173268.14,1
T2024060000991,2024-06-09,2024,6,Jaffna,Northern,Electronics,Sound Bar,C01385,13,500919.92,1
T2024060000992,2024-06-24,2024,6,Colombo,Western,Electronics,Smart Display,C01208,4,179379.13,1
T2024060000993,2024-06-03,2024,6,Monaragala,Uva,Electronics,Wireless Router,C03547,8,273452.41,1
T2024060000994,2024-06-08,2024,6,Matara,Southern,Electronics,Wireless Router,C03052,3,108244.74,1
T2024060000995,2024-06-25,2024,6,Anuradhapura,North Central,Outdoor,Cooler Box,C01598,8,121123.71,1
T2024060000996,2024-06-30,2024,6,Batticaloa,Eastern,Lifestyle,Fitness Band,C01498,2,20320.22,1
T2024060000997,2024-06-10,2024,6,Puttalam,North Western,Electronics,Power Hub,C01449,8,310879.23,1
T2024060000998,2024-06-13,2024,6,Trincomalee,Eastern,Lifestyle,Water Bottle,C04125,3,32846.03,1
T2024060000999,2024-06-13,2024,6,Polonnaruwa,North Central,Outdoor,Camping Light,C04715,7,97280.2,1
T2024060001000,2024-06-17,2024,6,Batticaloa,Eastern,Home,Air Purifier,C04720,5,98864.81,1
T2024060001001,2024-06-21,2024,6,Colombo,Western,Office,Office Chair,C02033,7,197150.01,1
T2024060001002,2024-06-26,2024,6,Kurunegala,North Western,Lifestyle,Travel Kit,C02128,2,17906.79,1
T2024060001003,2024-06-19,2024,6,Matara,Southern,Accessories,Power Adapter,C03550,12,56581.09,1
T2024060001004,2024-06-01,2024,6,Hambantota,Southern,Office,Monitor Stand,C04022,7,210876.2,1
T2024060001005,2024-06-12,2024,6,Colombo,Western,Lifestyle,Fitness Band,C04458,4,39970.79,1
T2024060001006,2024-06-20,2024,6,Puttalam,North Western,Home,Storage Set,C04829,9,178234.56,1
T2024060001007,2024-06-06,2024,6,Kegalle,Sabaragamuwa,Office,Document Scanner,C03693,3,96461.91,1
T2024060001008,2024-06-15,2024,6,Jaffna,Northern,Accessories,Phone Stand,C02887,8,33219.89,1
T2024060001009,2024-06-27,2024,6,Anuradhapura,North Central,Home,Storage Set,C02510,16,310328.52,1
T2024060001010,2024-06-15,2024,6,Galle,Southern,Lifestyle,Travel Kit,C03381,4,41859.5,1
T2024060001011,2024-06-06,2024,6,Colombo,Western,Electronics,Sound Bar,C03328,4,151008.74,1
T2024060001012,2024-06-01,2024,6,Nuwara Eliya,Central,Lifestyle,Travel Kit,C02606,4,40165.3,1
T2024060001013,2024-06-11,2024,6,Colombo,Western,Office,Document Scanner,C01910,14,402148.4,1
T2024060001014,2024-06-29,2024,6,Galle,Southern,Home,LED Lamp,C04554,10,179648.96,1
T2024060001015,2024-06-11,2024,6,Puttalam,North Western,Electronics,Power Hub,C04066,8,341383.57,1
T2024060001016,2024-06-26,2024,6,Ratnapura,Sabaragamuwa,Outdoor,Cooler Box,C03410,4,56263.17,1
T2024060001017,2024-06-24,2024,6,Badulla,Uva,Outdoor,Portable Fan,C02715,3,42084.18,1
T2024060001018,2024-06-17,2024,6,Colombo,Western,Lifestyle,Water Bottle,C05085,7,71194.61,1
T2024060001019,2024-06-09,2024,6,Jaffna,Northern,Lifestyle,Desk Organizer,C04882,8,80293.62,1
T2024060001020,2024-06-28,2024,6,Ampara,Eastern,Electronics,Sound Bar,C04704,4,140705.18,1
T2024070001021,2024-07-18,2024,7,Badulla,Uva,Lifestyle,Water Bottle,C03086,3,32508.58,1
T2024070001022,2024-07-17,2024,7,Matara,Southern,Home,Air Purifier,C04812,8,158470.65,1
T2024070001023,2024-07-09,2024,7,Matara,Southern,Home,Storage Set,C03598,6,109353.25,1
T2024070001024,2024-07-27,2024,7,Kandy,Central,Electronics,Smart Display,C03413,7,295660.2,1
T2024070001025,2024-07-03,2024,7,Puttalam,North Western,Accessories,USB Cable,C01972,6,26681.47,1
T2024070001026,2024-07-07,2024,7,Kalutara,Western,Home,Coffee Maker,C03249,9,183498.64,1
T2024070001027,2024-07-27,2024,7,Monaragala,Uva,Electronics,Wireless Router,C03309,5,207643.73,1
T2024070001028,2024-07-21,2024,7,Anuradhapura,North Central,Outdoor,Camping Light,C04867,7,111261.76,1
T2024070001029,2024-07-08,2024,7,Badulla,Uva,Electronics,Sound Bar,C04887,7,278652.77,1
T2024070001030,2024-07-28,2024,7,Kurunegala,North Western,Lifestyle,Fitness Band,C03565,4,42613.32,1
T2024070001031,2024-07-05,2024,7,Kalutara,Western,Lifestyle,Fitness Band,C04070,8,77867.87,1
T2024070001032,2024-07-08,2024,7,Jaffna,Northern,Office,Monitor Stand,C03784,6,176254.18,1
T2024070001033,2024-07-19,2024,7,Puttalam,North Western,Office,Monitor Stand,C03672,2,61870.37,1
T2024070001034,2024-07-13,2024,7,Gampaha,Western,Accessories,Power Adapter,C04203,4,16794.56,1
T2024070001035,2024-07-21,2024,7,Galle,Southern,Lifestyle,Water Bottle,C04699,13,125482.51,1
T2024070001036,2024-07-06,2024,7,Trincomalee,Eastern,Electronics,Power Hub,C01220,4,163323.51,1
T2024070001037,2024-07-02,2024,7,Kandy,Central,Electronics,Smart Display,C04725,6,217429.86,1
T2024070001038,2024-07-05,2024,7,Polonnaruwa,North Central,Home,LED Lamp,C01908,7,139287.65,1
T2024070001039,2024-07-28,2024,7,Galle,Southern,Accessories,Phone Stand,C02065,4,16993.25,1
T2024070001040,2024-07-17,2024,7,Gampaha,Western,Lifestyle,Water Bottle,C02663,10,105948.4,1
T2024070001041,2024-07-20,2024,7,Colombo,Western,Electronics,Smart Display,C04271,11,438289.18,1
T2024070001042,2024-07-10,2024,7,Badulla,Uva,Lifestyle,Fitness Band,C01747,9,100894.52,1
T2024070001043,2024-07-20,2024,7,Kurunegala,North Western,Office,Monitor Stand,C04204,11,334232.43,1
T2024070001044,2024-07-13,2024,7,Kandy,Central,Accessories,Mouse Pad,C04751,13,50542.57,1
T2024070001045,2024-07-29,2024,7,Gampaha,Western,Office,Laser Printer,C02964,12,321290.88,1
T2024070001046,2024-07-14,2024,7,Matale,Central,Accessories,Phone Stand,C05043,16,71254.9,1
T2024070001047,2024-07-15,2024,7,Colombo,Western,Electronics,Wireless Router,C04360,4,152156.8,1
T2024070001048,2024-07-11,2024,7,Hambantota,Southern,Electronics,Power Hub,C04123,10,403772.69,1
T2024070001049,2024-07-22,2024,7,Colombo,Western,Home,LED Lamp,C03680,10,205243.75,1
T2024070001050,2024-07-16,2024,7,Colombo,Western,Office,Document Scanner,C02149,11,354535.5,1
T2024070001051,2024-07-04,2024,7,Anuradhapura,North Central,Office,Office Chair,C03410,7,203088.65,1
T2024070001052,2024-07-15,2024,7,Trincomalee,Eastern,Electronics,Wireless Router,C02258,6,222067.03,1
T2024070001053,2024-07-27,2024,7,Badulla,Uva,Lifestyle,Desk Organizer,C01392,9,95792.67,1
T2024070001054,2024-07-02,2024,7,Galle,Southern,Home,Air Purifier,C01039,10,219770.67,1
T2024070001055,2024-07-14,2024,7,Galle,Southern,Home,Air Purifier,C01132,2,37145.22,1
T2024070001056,2024-07-24,2024,7,Trincomalee,Eastern,Electronics,Smart Display,C02376,4,164177.31,1
T2024070001057,2024-07-30,2024,7,Anuradhapura,North Central,Home,LED Lamp,C02697,7,153330.92,1
T2024070001058,2024-07-01,2024,7,Kandy,Central,Electronics,Wireless Router,C02423,6,215840.01,1
T2024070001059,2024-07-02,2024,7,Kalutara,Western,Electronics,Wireless Router,C04023,3,107749.72,1
T2024070001060,2024-07-09,2024,7,Puttalam,North Western,Lifestyle,Fitness Band,C02405,14,143922.57,1
T2024070001061,2024-07-06,2024,7,Trincomalee,Eastern,Accessories,Phone Stand,C03721,9,42939.03,1
T2024070001062,2024-07-01,2024,7,Kegalle,Sabaragamuwa,Office,Laser Printer,C03746,8,230050.0,1
T2024070001063,2024-07-01,2024,7,Jaffna,Northern,Office,Laser Printer,C02906,8,250553.34,1
T2024070001064,2024-07-02,2024,7,Kandy,Central,Lifestyle,Travel Kit,C01651,4,41504.65,1
T2024070001065,2024-07-30,2024,7,Gampaha,Western,Electronics,Smart Display,C02951,10,452671.97,1
T2024070001066,2024-07-21,2024,7,Kurunegala,North Western,Home,Coffee Maker,C03602,11,187974.46,1
T2024070001067,2024-07-28,2024,7,Ampara,Eastern,Home,Air Purifier,C02877,10,200572.0,1
T2024070001068,2024-07-20,2024,7,Kilinochchi,Northern,Accessories,Phone Stand,C02823,12,53627.59,1
T2024070001069,2024-07-31,2024,7,Matara,Southern,Electronics,Power Hub,C01574,4,159152.17,1
T2024070001070,2024-07-08,2024,7,Ratnapura,Sabaragamuwa,Electronics,Sound Bar,C02675,7,258098.44,1
T2024070001071,2024-07-06,2024,7,Matale,Central,Office,Office Chair,C04474,8,209352.42,1
T2024070001072,2024-07-03,2024,7,Matara,Southern,Office,Monitor Stand,C04942,14,383176.37,1
T2024070001073,2024-07-27,2024,7,Kalutara,Western,Lifestyle,Desk Organizer,C02277,14,140306.18,1
T2024070001074,2024-07-18,2024,7,Matara,Southern,Electronics,Wireless Router,C02252,10,354921.67,1
T2024070001075,2024-07-11,2024,7,Matale,Central,Home,Storage Set,C01590,4,77847.57,1
T2024070001076,2024-07-13,2024,7,Monaragala,Uva,Electronics,Wireless Router,C05026,13,545111.67,1
T2024070001077,2024-07-29,2024,7,Galle,Southern,Home,Air Purifier,C04349,2,43963.59,1
T2024070001078,2024-07-25,2024,7,Ratnapura,Sabaragamuwa,Electronics,Power Hub,C03092,13,494607.04,1
T2024070001079,2024-07-21,2024,7,Kurunegala,North Western,Office,Monitor Stand,C01473,6,171857.85,1
T2024070001080,2024-07-23,2024,7,Kandy,Central,Electronics,Wireless Router,C01232,9,301558.73,1
T2024070001081,2024-07-20,2024,7,Matara,Southern,Office,Monitor Stand,C03027,8,241251.47,1
T2024070001082,2024-07-23,2024,7,Colombo,Western,Outdoor,Portable Fan,C04258,8,126495.81,1
T2024070001083,2024-07-09,2024,7,Monaragala,Uva,Outdoor,Cooler Box,C04497,9,127082.29,1
T2024070001084,2024-07-25,2024,7,Ampara,Eastern,Home,Coffee Maker,C04372,12,251812.22,1
T2024070001085,2024-07-09,2024,7,Gampaha,Western,Lifestyle,Water Bottle,C02170,10,113338.43,1
T2024070001086,2024-07-01,2024,7,Trincomalee,Eastern,Electronics,Sound Bar,C05029,3,119123.11,1
T2024070001087,2024-07-06,2024,7,Jaffna,Northern,Office,Document Scanner,C02398,6,182516.08,1
T2024070001088,2024-07-19,2024,7,Hambantota,Southern,Lifestyle,Fitness Band,C04692,11,108522.17,1
T2024070001089,2024-07-29,2024,7,Kurunegala,North Western,Outdoor,Cooler Box,C03125,12,167231.94,1
T2024070001090,2024-07-03,2024,7,Gampaha,Western,Office,Laser Printer,C03402,6,169492.04,1
T2024070001091,2024-07-01,2024,7,Colombo,Western,Electronics,Power Hub,C01826,3,128571.9,1
T2024070001092,2024-07-07,2024,7,Ampara,Eastern,Outdoor,Camping Light,C01794,7,88220.75,1
T2024070001093,2024-07-16,2024,7,Jaffna,Northern,Accessories,Power Adapter,C04981,10,45028.66,1
T2024070001094,2024-07-31,2024,7,Galle,Southern,Accessories,Power Adapter,C02963,6,24500.85,1
T2024070001095,2024-07-01,2024,7,Colombo,Western,Home,Coffee Maker,C01821,7,147368.3,1
T2024070001096,2024-07-12,2024,7,Colombo,Western,Electronics,Wireless Router,C03037,6,240976.78,1
T2024070001097,2024-07-01,2024,7,Jaffna,Northern,Office,Laser Printer,C03640,9,280553.2,1
T2024070001098,2024-07-24,2024,7,Trincomalee,Eastern,Electronics,Power Hub,C04279,8,272449.61,1
T2024070001099,2024-07-24,2024,7,Ratnapura,Sabaragamuwa,Accessories,Mouse Pad,C01823,6,27312.02,1
T2024070001100,2024-07-16,2024,7,Badulla,Uva,Outdoor,Camping Light,C02048,11,148580.94,1
T2024070001101,2024-07-16,2024,7,Kegalle,Sabaragamuwa,Lifestyle,Desk Organizer,C01948,9,88139.5,1
T2024070001102,2024-07-14,2024,7,Kalutara,Western,Accessories,USB Cable,C01865,16,63220.58,1
T2024070001103,2024-07-22,2024,7,Monaragala,Uva,Outdoor,Cooler Box,C03111,7,116722.84,1
T2024070001104,2024-07-26,2024,7,Ampara,Eastern,Accessories,Mouse Pad,C01741,9,40627.23,1
T2024070001105,2024-07-30,2024,7,Puttalam,North Western,Office,Monitor Stand,C04089,10,296846.62,1
T2024070001106,2024-07-08,2024,7,Ampara,Eastern,Outdoor,Portable Fan,C02912,5,73236.21,1
T2024070001107,2024-07-19,2024,7,Colombo,Western,Office,Office Chair,C01952,6,187910.36,1
T2024070001108,2024-07-28,2024,7,Vavuniya,Northern,Electronics,Smart Display,C02556,6,239303.02,1
T2024070001109,2024-07-04,2024,7,Puttalam,North Western,Accessories,Phone Stand,C02820,6,26087.76,1
T2024070001110,2024-07-16,2024,7,Matale,Central,Outdoor,Foldable Chair,C02794,9,123681.37,1
T2024070001111,2024-07-10,2024,7,Gampaha,Western,Office,Laser Printer,C03623,7,216386.14,1
T2024070001112,2024-07-16,2024,7,Kegalle,Sabaragamuwa,Office,Document Scanner,C02768,5,163695.55,1
T2024070001113,2024-07-23,2024,7,Kegalle,Sabaragamuwa,Home,LED Lamp,C02844,10,213990.45,1
T2024070001114,2024-07-01,2024,7,Polonnaruwa,North Central,Office,Monitor Stand,C02305,8,217867.11,1
T2024070001115,2024-07-17,2024,7,Kegalle,Sabaragamuwa,Outdoor,Portable Fan,C01589,10,143260.84,1
T2024070001116,2024-07-11,2024,7,Kurunegala,North Western,Lifestyle,Fitness Band,C02073,10,107762.99,1
T2024070001117,2024-07-19,2024,7,Polonnaruwa,North Central,Office,Document Scanner,C02341,4,120232.54,1
T2024070001118,2024-07-12,2024,7,Badulla,Uva,Electronics,Sound Bar,C01075,10,392939.02,1
T2024070001119,2024-07-04,2024,7,Galle,Southern,Accessories,Phone Stand,C01462,6,27078.67,1
T2024070001120,2024-07-05,2024,7,Gampaha,Western,Lifestyle,Water Bottle,C04554,8,85443.71,1
T2024070001121,2024-07-21,2024,7,Gampaha,Western,Home,Coffee Maker,C02414,10,218300.76,1
T2024070001122,2024-07-21,2024,7,Puttalam,North Western,Outdoor,Portable Fan,C03255,9,134121.99,1
T2024070001123,2024-07-19,2024,7,Gampaha,Western,Electronics,Sound Bar,C01189,8,320268.29,1
T2024070001124,2024-07-16,2024,7,Trincomalee,Eastern,Electronics,Sound Bar,C04146,17,679181.65,1
T2024070001125,2024-07-13,2024,7,Vavuniya,Northern,Electronics,Smart Display,C02515,11,378875.72,1
T2024070001126,2024-07-17,2024,7,Anuradhapura,North Central,Outdoor,Portable Fan,C01524,12,185714.92,1
T2024070001127,2024-07-28,2024,7,Kurunegala,North Western,Electronics,Smart Display,C02481,8,286283.94,1
T2024070001128,2024-07-19,2024,7,Matara,Southern,Home,Air Purifier,C02056,4,72233.28,1
T2024070001129,2024-07-17,2024,7,Kandy,Central,Outdoor,Camping Light,C02022,5,82832.3,1
T2024070001130,2024-07-10,2024,7,Matara,Southern,Accessories,USB Cable,C03035,2,9660.6,1
T2024070001131,2024-07-17,2024,7,Ampara,Eastern,Lifestyle,Desk Organizer,C03564,13,140373.7,1
T2024070001132,2024-07-08,2024,7,Kilinochchi,Northern,Electronics,Smart Display,C01367,2,75555.5,1
T2024070001133,2024-07-09,2024,7,Ratnapura,Sabaragamuwa,Office,Office Chair,C03942,3,91533.12,1
T2024070001134,2024-07-15,2024,7,Mannar,Northern,Home,LED Lamp,C04278,3,53928.91,1
T2024070001135,2024-07-21,2024,7,Ratnapura,Sabaragamuwa,Electronics,Sound Bar,C01579,10,428276.92,1
T2024070001136,2024-07-27,2024,7,Kurunegala,North Western,Lifestyle,Travel Kit,C04439,4,44562.22,1
T2024070001137,2024-07-09,2024,7,Galle,Southern,Accessories,Phone Stand,C01636,3,11463.23,1
T2024070001138,2024-07-30,2024,7,Galle,Southern,Home,Air Purifier,C03973,5,98714.51,1
T2024070001139,2024-07-31,2024,7,Kandy,Central,Electronics,Sound Bar,C04102,3,126721.81,1
T2024070001140,2024-07-17,2024,7,Jaffna,Northern,Outdoor,Portable Fan,C01783,6,90717.16,1
T2024070001141,2024-07-11,2024,7,Mannar,Northern,Office,Laser Printer,C02399,14,393878.91,1
T2024070001142,2024-07-19,2024,7,Anuradhapura,North Central,Office,Document Scanner,C04907,3,73261.39,1
T2024070001143,2024-07-19,2024,7,Kurunegala,North Western,Office,Office Chair,C04104,10,260199.78,1
T2024070001144,2024-07-06,2024,7,Kurunegala,North Western,Home,Storage Set,C04751,6,110335.7,1
T2024070001145,2024-07-10,2024,7,Jaffna,Northern,Home,Storage Set,C02875,9,158834.71,1
T2024070001146,2024-07-03,2024,7,Galle,Southern,Home,Air Purifier,C01652,10,227811.97,1
T2024070001147,2024-07-26,2024,7,Vavuniya,Northern,Electronics,Wireless Router,C05038,12,494948.43,1
T2024070001148,2024-07-16,2024,7,Trincomalee,Eastern,Accessories,Phone Stand,C04930,7,32401.3,1
T2024070001149,2024-07-23,2024,7,Trincomalee,Eastern,Home,LED Lamp,C01060,6,117228.95,1
T2024070001150,2024-07-31,2024,7,Kandy,Central,Office,Laser Printer,C04676,4,119614.92,1
T2024070001151,2024-07-17,2024,7,Monaragala,Uva,Electronics,Wireless Router,C02093,6,202845.3,1
T2024070001152,2024-07-30,2024,7,Galle,Southern,Home,Air Purifier,C03769,9,204514.56,1
T2024070001153,2024-07-01,2024,7,Matale,Central,Lifestyle,Water Bottle,C02746,10,105346.79,1
T2024070001154,2024-07-29,2024,7,Ratnapura,Sabaragamuwa,Accessories,USB Cable,C04794,8,35132.15,1
T2024070001155,2024-07-04,2024,7,Colombo,Western,Lifestyle,Water Bottle,C03900,1,11599.03,1
T2024070001156,2024-07-07,2024,7,Galle,Southern,Electronics,Power Hub,C05031,3,116331.62,1
T2024070001157,2024-07-25,2024,7,Galle,Southern,Accessories,USB Cable,C02275,9,36492.56,1
T2024070001158,2024-07-04,2024,7,Galle,Southern,Home,LED Lamp,C03208,16,314237.69,1
T2024070001159,2024-07-12,2024,7,Gampaha,Western,Home,Storage Set,C01048,12,258374.43,1
T2024070001160,2024-07-24,2024,7,Kalutara,Western,Electronics,Power Hub,C04450,5,173563.23,1
T2024070001161,2024-07-14,2024,7,Ratnapura,Sabaragamuwa,Accessories,Power Adapter,C01974,7,31107.07,1
T2024070001162,2024-07-05,2024,7,Nuwara Eliya,Central,Outdoor,Portable Fan,C04186,3,42105.62,1
T2024070001163,2024-07-02,2024,7,Gampaha,Western,Home,Air Purifier,C02938,9,174523.64,1
T2024070001164,2024-07-16,2024,7,Kurunegala,North Western,Lifestyle,Water Bottle,C03312,3,28778.4,1
T2024070001165,2024-07-25,2024,7,Gampaha,Western,Lifestyle,Travel Kit,C03304,3,30419.31,1
T2024070001166,2024-07-23,2024,7,Ampara,Eastern,Lifestyle,Desk Organizer,C01845,10,106302.17,1
T2024070001167,2024-07-04,2024,7,Kegalle,Sabaragamuwa,Office,Office Chair,C02880,3,78588.74,1
T2024070001168,2024-07-28,2024,7,Ratnapura,Sabaragamuwa,Lifestyle,Travel Kit,C01745,2,20131.38,1
T2024070001169,2024-07-14,2024,7,Kurunegala,North Western,Accessories,Phone Stand,C03754,7,31840.84,1
T2024070001170,2024-07-23,2024,7,Matale,Central,Home,Coffee Maker,C03876,6,115250.25,1
T2024070001171,2024-07-10,2024,7,Kalutara,Western,Electronics,Wireless Router,C02737,7,300686.88,1
T2024070001172,2024-07-11,2024,7,Matara,Southern,Home,Storage Set,C03979,5,91187.17,1
T2024070001173,2024-07-12,2024,7,Trincomalee,Eastern,Outdoor,Cooler Box,C03714,10,136919.87,1
T2024070001174,2024-07-19,2024,7,Jaffna,Northern,Home,Coffee Maker,C02721,6,127473.34,1
T2024070001175,2024-07-07,2024,7,Batticaloa,Eastern,Office,Laser Printer,C02561,9,292263.56,1
T2024070001176,2024-07-25,2024,7,Ratnapura,Sabaragamuwa,Office,Monitor Stand,C04885,4,124593.6,1
T2024070001177,2024-07-29,2024,7,Gampaha,Western,Home,Coffee Maker,C03846,6,127051.51,1
T2024070001178,2024-07-06,2024,7,Monaragala,Uva,Electronics,Power Hub,C01180,8,322503.65,1
T2024070001179,2024-07-24,2024,7,Matale,Central,Accessories,USB Cable,C02559,11,45884.3,1
T2024070001180,2024-07-25,2024,7,Badulla,Uva,Accessories,Phone Stand,C04587,7,30594.86,1
T2024070001181,2024-07-06,2024,7,Galle,Southern,Home,LED Lamp,C01030,8,163152.73,1
T2024070001182,2024-07-10,2024,7,Badulla,Uva,Outdoor,Portable Fan,C03121,12,170703.5,1
T2024070001183,2024-07-10,2024,7,Mannar,Northern,Electronics,Smart Display,C02952,2,74898.88,1
T2024070001184,2024-07-27,2024,7,Ratnapura,Sabaragamuwa,Home,Air Purifier,C03040,4,75352.56,1
T2024070001185,2024-07-31,2024,7,Batticaloa,Eastern,Accessories,Power Adapter,C01682,9,40463.14,1
T2024070001186,2024-07-21,2024,7,Galle,Southern,Office,Monitor Stand,C01470,11,342978.88,1
T2024070001187,2024-07-18,2024,7,Kurunegala,North Western,Home,Coffee Maker,C01129,9,178810.53,1
T2024070001188,2024-07-28,2024,7,Gampaha,Western,Outdoor,Portable Fan,C03109,8,126738.01,1
T2024070001189,2024-07-19,2024,7,Anuradhapura,North Central,Electronics,Wireless Router,C02671,8,323178.02,1
T2024070001190,2024-07-05,2024,7,Gampaha,Western,Electronics,Power Hub,C04020,13,471802.18,1
T2024080001191,2024-08-19,2024,8,Hambantota,Southern,Outdoor,Cooler Box,C02548,7,102249.9,1
T2024080001192,2024-08-22,2024,8,Colombo,Western,Electronics,Sound Bar,C04230,8,275279.58,1
T2024080001193,2024-08-24,2024,8,Matara,Southern,Lifestyle,Desk Organizer,C01822,7,72708.33,1
T2024080001194,2024-08-27,2024,8,Batticaloa,Eastern,Home,Air Purifier,C01902,1,21232.02,1
T2024080001195,2024-08-31,2024,8,Gampaha,Western,Outdoor,Foldable Chair,C02169,8,105654.63,1
T2024080001196,2024-08-07,2024,8,Ratnapura,Sabaragamuwa,Electronics,Wireless Router,C01697,4,148010.62,1
T2024080001197,2024-08-08,2024,8,Anuradhapura,North Central,Home,Storage Set,C02266,2,35818.56,1
T2024080001198,2024-08-04,2024,8,Gampaha,Western,Outdoor,Camping Light,C03431,7,108765.09,1
T2024080001199,2024-08-13,2024,8,Colombo,Western,Electronics,Sound Bar,C04500,4,153883.34,1
T2024080001200,2024-08-06,2024,8,Ratnapura,Sabaragamuwa,Office,Laser Printer,C05029,16,405201.76,1
T2024080001201,2024-08-30,2024,8,Galle,Southern,Office,Laser Printer,C03954,13,328419.86,1
T2024080001202,2024-08-22,2024,8,Batticaloa,Eastern,Electronics,Wireless Router,C02486,6,232926.49,1
T2024080001203,2024-08-30,2024,8,Batticaloa,Eastern,Home,Air Purifier,C03221,7,130649.28,1
T2024080001204,2024-08-28,2024,8,Anuradhapura,North Central,Office,Laser Printer,C01018,14,351908.26,1
T2024080001205,2024-08-04,2024,8,Matale,Central,Home,Storage Set,C01552,8,159510.77,1
T2024080001206,2024-08-25,2024,8,Gampaha,Western,Home,LED Lamp,C02490,6,105382.19,1
T2024080001207,2024-08-26,2024,8,Hambantota,Southern,Accessories,Power Adapter,C02133,14,61599.79,1
T2024080001208,2024-08-13,2024,8,Matara,Southern,Lifestyle,Desk Organizer,C02886,3,28597.38,1
T2024080001209,2024-08-08,2024,8,Vavuniya,Northern,Office,Office Chair,C01715,6,155879.05,1
T2024080001210,2024-08-02,2024,8,Galle,Southern,Lifestyle,Travel Kit,C01903,13,122278.66,1
T2024080001211,2024-08-07,2024,8,Matale,Central,Electronics,Power Hub,C02987,11,358958.92,1
T2024080001212,2024-08-24,2024,8,Gampaha,Western,Office,Office Chair,C04093,2,61120.39,1
T2024080001213,2024-08-27,2024,8,Colombo,Western,Electronics,Smart Display,C04907,8,292058.49,1
T2024080001214,2024-08-19,2024,8,Galle,Southern,Electronics,Smart Display,C01103,11,413586.78,1
T2024080001215,2024-08-14,2024,8,Hambantota,Southern,Electronics,Wireless Router,C04852,10,364151.08,1
T2024080001216,2024-08-17,2024,8,Matale,Central,Electronics,Smart Display,C02422,4,145140.99,1
T2024080001217,2024-08-23,2024,8,Trincomalee,Eastern,Outdoor,Foldable Chair,C03508,4,60876.62,1
T2024080001218,2024-08-13,2024,8,Kegalle,Sabaragamuwa,Lifestyle,Travel Kit,C02736,8,72848.98,1
T2024080001219,2024-08-16,2024,8,Anuradhapura,North Central,Accessories,USB Cable,C04838,5,20772.26,1
T2024080001220,2024-08-09,2024,8,Gampaha,Western,Outdoor,Portable Fan,C02596,3,37021.99,1
T2024080001221,2024-08-06,2024,8,Puttalam,North Western,Home,LED Lamp,C03312,7,108938.07,1
T2024080001222,2024-08-21,2024,8,Colombo,Western,Accessories,Phone Stand,C02653,14,57709.84,1
T2024080001223,2024-08-02,2024,8,Kegalle,Sabaragamuwa,Lifestyle,Desk Organizer,C01375,5,54271.03,1
T2024080001224,2024-08-07,2024,8,Kegalle,Sabaragamuwa,Outdoor,Portable Fan,C05098,5,67901.76,1
T2024080001225,2024-08-14,2024,8,Kegalle,Sabaragamuwa,Office,Laser Printer,C03715,13,332447.93,1
T2024080001226,2024-08-19,2024,8,Anuradhapura,North Central,Electronics,Power Hub,C04908,12,389848.57,1
T2024080001227,2024-08-29,2024,8,Gampaha,Western,Lifestyle,Fitness Band,C02898,4,41543.78,1
T2024080001228,2024-08-26,2024,8,Puttalam,North Western,Electronics,Wireless Router,C04666,3,97111.86,1
T2024080001229,2024-08-07,2024,8,Polonnaruwa,North Central,Lifestyle,Desk Organizer,C02959,17,168739.59,1
T2024080001230,2024-08-05,2024,8,Vavuniya,Northern,Accessories,USB Cable,C01123,10,40660.17,1
T2024080001231,2024-08-06,2024,8,Jaffna,Northern,Lifestyle,Travel Kit,C03422,3,29283.21,1
T2024080001232,2024-08-16,2024,8,Colombo,Western,Electronics,Power Hub,C03114,15,572100.55,1
T2024080001233,2024-08-02,2024,8,Ampara,Eastern,Electronics,Smart Display,C05000,6,212385.96,1
T2024080001234,2024-08-12,2024,8,Polonnaruwa,North Central,Accessories,Phone Stand,C04612,7,29585.12,1
T2024080001235,2024-08-29,2024,8,Galle,Southern,Office,Document Scanner,C03154,12,318829.25,1
T2024080001236,2024-08-05,2024,8,Kegalle,Sabaragamuwa,Electronics,Sound Bar,C01066,12,413763.89,1
T2024080001237,2024-08-28,2024,8,Vavuniya,Northern,Outdoor,Cooler Box,C04181,7,86929.49,1
T2024080001238,2024-08-03,2024,8,Hambantota,Southern,Lifestyle,Desk Organizer,C01894,4,34403.68,1
T2024080001239,2024-08-11,2024,8,Puttalam,North Western,Electronics,Wireless Router,C01529,5,184745.12,1
T2024080001240,2024-08-02,2024,8,Kurunegala,North Western,Lifestyle,Water Bottle,C04724,7,74534.16,1
T2024080001241,2024-08-02,2024,8,Ampara,Eastern,Home,Air Purifier,C04116,14,255473.74,1
T2024080001242,2024-08-31,2024,8,Kegalle,Sabaragamuwa,Electronics,Sound Bar,C01188,10,351586.69,1
T2024080001243,2024-08-13,2024,8,Batticaloa,Eastern,Electronics,Smart Display,C03244,3,120436.46,1
T2024080001244,2024-08-27,2024,8,Badulla,Uva,Lifestyle,Water Bottle,C02508,2,20424.1,1
T2024080001245,2024-08-12,2024,8,Nuwara Eliya,Central,Outdoor,Cooler Box,C02627,14,183985.61,1
T2024080001246,2024-08-30,2024,8,Trincomalee,Eastern,Electronics,Power Hub,C03906,9,323773.0,1
T2024080001247,2024-08-24,2024,8,Mannar,Northern,Accessories,Phone Stand,C01638,9,37972.51,1
T2024080001248,2024-08-05,2024,8,Ampara,Eastern,Outdoor,Foldable Chair,C01117,13,193861.06,1
T2024080001249,2024-08-17,2024,8,Polonnaruwa,North Central,Electronics,Power Hub,C03153,10,399698.45,1
T2024080001250,2024-08-07,2024,8,Batticaloa,Eastern,Office,Laser Printer,C01299,10,238144.99,1
T2024080001251,2024-08-07,2024,8,Puttalam,North Western,Office,Office Chair,C03852,14,394502.22,1
T2024080001252,2024-08-10,2024,8,Ratnapura,Sabaragamuwa,Home,Coffee Maker,C01133,13,243015.33,1
T2024080001253,2024-08-14,2024,8,Trincomalee,Eastern,Office,Document Scanner,C04392,6,169634.99,1
T2024080001254,2024-08-15,2024,8,Jaffna,Northern,Outdoor,Camping Light,C02441,6,73596.07,1
T2024080001255,2024-08-21,2024,8,Gampaha,Western,Lifestyle,Water Bottle,C04584,5,52311.29,1
T2024080001256,2024-08-21,2024,8,Kegalle,Sabaragamuwa,Outdoor,Camping Light,C01735,2,31386.24,1
T2024080001257,2024-08-17,2024,8,Jaffna,Northern,Outdoor,Camping Light,C04639,8,99963.96,1
T2024080001258,2024-08-04,2024,8,Polonnaruwa,North Central,Electronics,Power Hub,C04122,4,146482.72,1
T2024080001259,2024-08-30,2024,8,Nuwara Eliya,Central,Outdoor,Portable Fan,C04383,11,156528.26,1
T2024080001260,2024-08-09,2024,8,Colombo,Western,Home,LED Lamp,C03324,12,208144.69,1
T2024080001261,2024-08-01,2024,8,Trincomalee,Eastern,Electronics,Power Hub,C01268,2,72123.95,1
T2024080001262,2024-08-31,2024,8,Anuradhapura,North Central,Office,Monitor Stand,C02397,8,201307.92,1
T2024080001263,2024-08-26,2024,8,Kegalle,Sabaragamuwa,Electronics,Power Hub,C01423,14,482732.71,1
T2024080001264,2024-08-14,2024,8,Kegalle,Sabaragamuwa,Electronics,Wireless Router,C02298,4,151121.88,1
T2024080001265,2024-08-27,2024,8,Jaffna,Northern,Office,Document Scanner,C03132,8,239038.75,1
T2024080001266,2024-08-01,2024,8,Gampaha,Western,Electronics,Smart Display,C02254,8,325056.72,1
T2024080001267,2024-08-21,2024,8,Vavuniya,Northern,Electronics,Sound Bar,C04717,8,280089.6,1
T2024080001268,2024-08-24,2024,8,Ampara,Eastern,Electronics,Sound Bar,C03010,11,417858.19,1
T2024080001269,2024-08-21,2024,8,Ampara,Eastern,Home,LED Lamp,C01190,16,322855.07,1
T2024080001270,2024-08-10,2024,8,Hambantota,Southern,Office,Laser Printer,C02162,5,129213.99,1
T2024080001271,2024-08-04,2024,8,Jaffna,Northern,Home,LED Lamp,C04202,7,117175.55,1
T2024080001272,2024-08-13,2024,8,Hambantota,Southern,Office,Office Chair,C04440,13,352999.91,1
T2024080001273,2024-08-22,2024,8,Anuradhapura,North Central,Electronics,Smart Display,C02464,8,319877.8,1
T2024080001274,2024-08-20,2024,8,Gampaha,Western,Home,Coffee Maker,C04965,8,126375.04,1
T2024080001275,2024-08-18,2024,8,Kurunegala,North Western,Accessories,Phone Stand,C01243,2,8335.59,1
T2024080001276,2024-08-11,2024,8,Kalutara,Western,Home,LED Lamp,C01242,4,66599.28,1
T2024080001277,2024-08-23,2024,8,Kandy,Central,Lifestyle,Fitness Band,C03856,8,71854.62,1
T2024080001278,2024-08-06,2024,8,Matara,Southern,Accessories,Phone Stand,C03049,4,17699.54,1
T2024080001279,2024-08-26,2024,8,Kegalle,Sabaragamuwa,Electronics,Wireless Router,C02358,4,146862.95,1
T2024080001280,2024-08-20,2024,8,Badulla,Uva,Lifestyle,Water Bottle,C03612,3,28358.79,1
T2024080001281,2024-08-06,2024,8,Vavuniya,Northern,Home,Air Purifier,C04682,13,274676.37,1
T2024080001282,2024-08-01,2024,8,Vavuniya,Northern,Home,Coffee Maker,C04263,3,56836.96,1
T2024080001283,2024-08-22,2024,8,Puttalam,North Western,Home,Air Purifier,C02763,6,106358.93,1
T2024080001284,2024-08-07,2024,8,Gampaha,Western,Home,Air Purifier,C03695,7,148945.81,1
T2024080001285,2024-08-04,2024,8,Mannar,Northern,Home,LED Lamp,C02782,8,156521.61,1
T2024080001286,2024-08-27,2024,8,Vavuniya,Northern,Office,Document Scanner,C03604,5,123227.33,1
T2024080001287,2024-08-04,2024,8,Jaffna,Northern,Accessories,Mouse Pad,C01977,7,27922.05,1
T2024080001288,2024-08-21,2024,8,Galle,Southern,Lifestyle,Water Bottle,C01147,11,110674.69,1
T2024080001289,2024-08-29,2024,8,Monaragala,Uva,Home,Storage Set,C01304,7,127631.5,1
T2024080001290,2024-08-24,2024,8,Ampara,Eastern,Electronics,Smart Display,C04401,5,181976.15,1
T2024080001291,2024-08-20,2024,8,Galle,Southern,Lifestyle,Water Bottle,C05046,2,17980.55,1
T2024080001292,2024-08-31,2024,8,Jaffna,Northern,Office,Laser Printer,C04064,8,199417.55,1
T2024080001293,2024-08-08,2024,8,Anuradhapura,North Central,Electronics,Wireless Router,C04570,4,133413.85,1
T2024080001294,2024-08-09,2024,8,Anuradhapura,North Central,Lifestyle,Fitness Band,C01431,12,106954.47,1
T2024080001295,2024-08-09,2024,8,Ratnapura,Sabaragamuwa,Electronics,Wireless Router,C04110,9,333490.36,1
T2024080001296,2024-08-21,2024,8,Hambantota,Southern,Electronics,Sound Bar,C04386,6,186756.27,1
T2024080001297,2024-08-11,2024,8,Kandy,Central,Lifestyle,Desk Organizer,C03299,10,98607.15,1
T2024080001298,2024-08-18,2024,8,Kandy,Central,Home,Air Purifier,C03892,11,201528.43,1
T2024080001299,2024-08-07,2024,8,Trincomalee,Eastern,Electronics,Power Hub,C01494,1,32856.29,1
T2024080001300,2024-08-25,2024,8,Kalutara,Western,Electronics,Sound Bar,C03568,14,528759.94,1
T2024080001301,2024-08-30,2024,8,Polonnaruwa,North Central,Electronics,Sound Bar,C02793,6,224552.33,1
T2024080001302,2024-08-09,2024,8,Jaffna,Northern,Outdoor,Cooler Box,C01563,6,82379.9,1
T2024080001303,2024-08-08,2024,8,Ampara,Eastern,Electronics,Smart Display,C01903,2,75162.65,1
T2024080001304,2024-08-09,2024,8,Colombo,Western,Office,Document Scanner,C03884,3,84162.21,1
T2024080001305,2024-08-02,2024,8,Matara,Southern,Electronics,Power Hub,C03734,6,214916.03,1
T2024080001306,2024-08-10,2024,8,Ampara,Eastern,Office,Document Scanner,C02589,4,100176.57,1
T2024080001307,2024-08-22,2024,8,Kilinochchi,Northern,Lifestyle,Desk Organizer,C01895,2,18713.45,1
T2024080001308,2024-08-08,2024,8,Kandy,Central,Electronics,Smart Display,C03181,3,104902.03,1
T2024080001309,2024-08-13,2024,8,Badulla,Uva,Office,Document Scanner,C04211,3,84943.61,1
T2024080001310,2024-08-21,2024,8,Jaffna,Northern,Electronics,Sound Bar,C03848,5,188191.98,1
T2024080001311,2024-08-28,2024,8,Gampaha,Western,Lifestyle,Desk Organizer,C03502,13,121238.81,1
T2024080001312,2024-08-05,2024,8,Trincomalee,Eastern,Electronics,Wireless Router,C04730,15,544324.81,1
T2024080001313,2024-08-06,2024,8,Nuwara Eliya,Central,Electronics,Wireless Router,C01631,9,328718.57,1
T2024080001314,2024-08-28,2024,8,Nuwara Eliya,Central,Lifestyle,Fitness Band,C05001,5,45279.18,1
T2024080001315,2024-08-25,2024,8,Vavuniya,Northern,Accessories,Phone Stand,C02371,4,15003.08,1
T2024080001316,2024-08-18,2024,8,Anuradhapura,North Central,Home,Storage Set,C03874,5,90355.63,1
T2024080001317,2024-08-29,2024,8,Matara,Southern,Outdoor,Foldable Chair,C03734,7,95660.66,1
T2024080001318,2024-08-14,2024,8,Hambantota,Southern,Home,Air Purifier,C02212,12,241005.22,1
T2024080001319,2024-08-07,2024,8,Galle,Southern,Electronics,Power Hub,C03945,10,326862.25,1
T2024080001320,2024-08-09,2024,8,Ampara,Eastern,Accessories,Mouse Pad,C02434,13,51730.42,1
T2024080001321,2024-08-07,2024,8,Galle,Southern,Home,Coffee Maker,C03534,2,36407.43,1
T2024080001322,2024-08-10,2024,8,Anuradhapura,North Central,Electronics,Power Hub,C03843,3,96775.77,1
T2024080001323,2024-08-10,2024,8,Hambantota,Southern,Electronics,Wireless Router,C02333,7,226574.63,1
T2024080001324,2024-08-02,2024,8,Colombo,Western,Electronics,Wireless Router,C02012,7,230028.91,1
T2024080001325,2024-08-12,2024,8,Ampara,Eastern,Electronics,Wireless Router,C02129,12,432278.53,1
T2024080001326,2024-08-23,2024,8,Ampara,Eastern,Outdoor,Cooler Box,C01705,5,77867.06,1
T2024080001327,2024-08-02,2024,8,Matara,Southern,Accessories,Power Adapter,C02793,7,27316.07,1
T2024080001328,2024-08-30,2024,8,Matara,Southern,Accessories,USB Cable,C03141,5,18708.75,1
T2024080001329,2024-08-09,2024,8,Matara,Southern,Outdoor,Cooler Box,C02635,4,56304.94,1
T2024080001330,2024-08-13,2024,8,Matale,Central,Home,Storage Set,C02503,11,220481.57,1
T2024080001331,2024-08-15,2024,8,Gampaha,Western,Lifestyle,Water Bottle,C03930,6,57687.78,1
T2024080001332,2024-08-03,2024,8,Hambantota,Southern,Accessories,USB Cable,C04449,10,42179.99,1
T2024080001333,2024-08-20,2024,8,Puttalam,North Western,Lifestyle,Water Bottle,C02043,7,68167.38,1
T2024080001334,2024-08-22,2024,8,Colombo,Western,Outdoor,Cooler Box,C04301,1,14500.72,1
T2024080001335,2024-08-27,2024,8,Hambantota,Southern,Electronics,Smart Display,C03214,16,525977.67,1
T2024080001336,2024-08-28,2024,8,Gampaha,Western,Home,Storage Set,C03715,3,55900.04,1
T2024080001337,2024-08-18,2024,8,Kurunegala,North Western,Electronics,Sound Bar,C02181,10,360907.5,1
T2024080001338,2024-08-21,2024,8,Badulla,Uva,Office,Office Chair,C03465,5,153672.05,1
T2024080001339,2024-08-03,2024,8,Anuradhapura,North Central,Office,Office Chair,C01940,1,28402.93,1
T2024080001340,2024-08-01,2024,8,Jaffna,Northern,Home,Air Purifier,C04881,11,215200.81,1
T2024080001341,2024-08-27,2024,8,Ratnapura,Sabaragamuwa,Home,Storage Set,C02508,4,77988.99,1
T2024080001342,2024-08-05,2024,8,Anuradhapura,North Central,Office,Laser Printer,C04542,9,228156.53,1
T2024080001343,2024-08-16,2024,8,Kalutara,Western,Office,Office Chair,C04901,5,132427.51,1
T2024080001344,2024-08-23,2024,8,Jaffna,Northern,Office,Document Scanner,C04161,11,287970.44,1
T2024080001345,2024-08-01,2024,8,Gampaha,Western,Home,Air Purifier,C04191,8,134908.24,1
T2024080001346,2024-08-15,2024,8,Matara,Southern,Accessories,Power Adapter,C02142,12,50442.19,1
T2024080001347,2024-08-29,2024,8,Kegalle,Sabaragamuwa,Home,LED Lamp,C03858,9,164158.57,1
T2024080001348,2024-08-23,2024,8,Kalutara,Western,Electronics,Wireless Router,C04765,12,395463.36,1
T2024080001349,2024-08-31,2024,8,Ratnapura,Sabaragamuwa,Electronics,Power Hub,C04085,7,245631.54,1
T2024080001350,2024-08-23,2024,8,Kurunegala,North Western,Lifestyle,Water Bottle,C02061,5,52765.09,1
T2024080001351,2024-08-01,2024,8,Vavuniya,Northern,Outdoor,Camping Light,C01369,12,159327.33,1
T2024080001352,2024-08-25,2024,8,Ampara,Eastern,Lifestyle,Desk Organizer,C03652,4,41096.8,1
T2024080001353,2024-08-30,2024,8,Gampaha,Western,Outdoor,Portable Fan,C04442,3,45397.0,1
T2024080001354,2024-08-20,2024,8,Colombo,Western,Outdoor,Portable Fan,C04067,8,103944.23,1
T2024080001355,2024-08-21,2024,8,Matale,Central,Office,Document Scanner,C02092,8,201437.13,1
T2024080001356,2024-08-24,2024,8,Hambantota,Southern,Office,Office Chair,C02649,4,116320.98,1
T2024080001357,2024-08-02,2024,8,Colombo,Western,Electronics,Smart Display,C02668,11,466249.66,1
T2024080001358,2024-08-06,2024,8,Puttalam,North Western,Lifestyle,Fitness Band,C03792,9,90126.93,1
T2024080001359,2024-08-12,2024,8,Jaffna,Northern,Outdoor,Portable Fan,C03885,8,113878.9,1
T2024080001360,2024-08-19,2024,8,Anuradhapura,North Central,Lifestyle,Desk Organizer,C01581,3,30574.87,1
T2024090001361,2024-09-01,2024,9,Gampaha,Western,Lifestyle,Fitness Band,C03711,4,43352.83,1
T2024090001362,2024-09-03,2024,9,Galle,Southern,Home,LED Lamp,C03360,7,113553.25,1
T2024090001363,2024-09-18,2024,9,Ratnapura,Sabaragamuwa,Lifestyle,Desk Organizer,C01465,9,77454.84,1
T2024090001364,2024-09-11,2024,9,Ratnapura,Sabaragamuwa,Accessories,USB Cable,C01265,6,23791.63,1
T2024090001365,2024-09-08,2024,9,Gampaha,Western,Lifestyle,Water Bottle,C01511,7,70026.74,1
T2024090001366,2024-09-03,2024,9,Monaragala,Uva,Office,Laser Printer,C03834,14,365390.06,1
T2024090001367,2024-09-09,2024,9,Ratnapura,Sabaragamuwa,Accessories,Mouse Pad,C02061,10,36823.45,1
T2024090001368,2024-09-10,2024,9,Jaffna,Northern,Office,Document Scanner,C04913,11,323966.18,1
T2024090001369,2024-09-22,2024,9,Colombo,Western,Electronics,Sound Bar,C04108,9,290573.12,1
T2024090001370,2024-09-23,2024,9,Colombo,Western,Outdoor,Cooler Box,C04521,6,77558.23,1
T2024090001371,2024-09-07,2024,9,Gampaha,Western,Office,Monitor Stand,C03882,5,152945.88,1
T2024090001372,2024-09-24,2024,9,Kandy,Central,Lifestyle,Travel Kit,C04384,10,97165.59,1
T2024090001373,2024-09-27,2024,9,Vavuniya,Northern,Accessories,USB Cable,C03048,2,7281.46,1
T2024090001374,2024-09-10,2024,9,Kalutara,Western,Electronics,Wireless Router,C03001,3,108133.45,1
T2024090001375,2024-09-23,2024,9,Ampara,Eastern,Electronics,Sound Bar,C05055,10,350020.48,1
T2024090001376,2024-09-28,2024,9,Matara,Southern,Home,Coffee Maker,C03398,9,164073.85,1
T2024090001377,2024-09-12,2024,9,Matale,Central,Lifestyle,Fitness Band,C01443,13,123679.1,1
T2024090001378,2024-09-10,2024,9,Hambantota,Southern,Electronics,Sound Bar,C02889,10,335062.06,1
T2024090001379,2024-09-23,2024,9,Kurunegala,North Western,Outdoor,Camping Light,C02926,6,91004.01,1
T2024090001380,2024-09-19,2024,9,Colombo,Western,Outdoor,Foldable Chair,C03278,6,94950.18,1
T2024090001381,2024-09-01,2024,9,Colombo,Western,Outdoor,Portable Fan,C05058,12,172813.66,1
T2024090001382,2024-09-22,2024,9,Kandy,Central,Home,Storage Set,C01429,5,91442.41,1
T2024090001383,2024-09-26,2024,9,Ratnapura,Sabaragamuwa,Accessories,Power Adapter,C03151,10,39800.87,1
T2024090001384,2024-09-26,2024,9,Nuwara Eliya,Central,Outdoor,Portable Fan,C04503,10,150774.35,1
T2024090001385,2024-09-14,2024,9,Anuradhapura,North Central,Lifestyle,Water Bottle,C04798,8,73933.12,1
T2024090001386,2024-09-05,2024,9,Kandy,Central,Accessories,Mouse Pad,C02952,13,50936.42,1
T2024090001387,2024-09-19,2024,9,Colombo,Western,Home,Coffee Maker,C03766,6,114828.23,1
T2024090001388,2024-09-10,2024,9,Kandy,Central,Home,Air Purifier,C02019,8,147702.38,1
T2024090001389,2024-09-01,2024,9,Polonnaruwa,North Central,Lifestyle,Fitness Band,C04604,7,72501.29,1
T2024090001390,2024-09-19,2024,9,Ampara,Eastern,Lifestyle,Desk Organizer,C01480,14,121278.3,1
T2024090001391,2024-09-09,2024,9,Mannar,Northern,Accessories,Mouse Pad,C02473,10,38334.0,1
T2024090001392,2024-09-08,2024,9,Gampaha,Western,Office,Office Chair,C01407,3,71021.49,1
T2024090001393,2024-09-02,2024,9,Polonnaruwa,North Central,Lifestyle,Fitness Band,C02868,14,148819.01,1
T2024090001394,2024-09-20,2024,9,Colombo,Western,Outdoor,Foldable Chair,C01367,4,49733.94,1
T2024090001395,2024-09-11,2024,9,Matara,Southern,Lifestyle,Travel Kit,C02672,8,80617.92,1
T2024090001396,2024-09-01,2024,9,Colombo,Western,Lifestyle,Water Bottle,C02173,5,52549.08,1
T2024090001397,2024-09-10,2024,9,Kegalle,Sabaragamuwa,Accessories,Power Adapter,C04856,8,31425.03,1
T2024090001398,2024-09-20,2024,9,Matale,Central,Electronics,Smart Display,C01871,4,137948.82,1
T2024090001399,2024-09-27,2024,9,Puttalam,North Western,Office,Office Chair,C04104,8,225205.64,1
T2024090001400,2024-09-30,2024,9,Galle,Southern,Accessories,USB Cable,C01634,16,63331.8,1
T2024090001401,2024-09-20,2024,9,Batticaloa,Eastern,Office,Laser Printer,C01422,7,185687.36,1
T2024090001402,2024-09-11,2024,9,Matale,Central,Electronics,Wireless Router,C03000,5,189218.76,1
T2024090001403,2024-09-15,2024,9,Kandy,Central,Home,Air Purifier,C02975,10,208030.8,1
T2024090001404,2024-09-21,2024,9,Colombo,Western,Lifestyle,Fitness Band,C03968,7,63814.29,1
T2024090001405,2024-09-25,2024,9,Kandy,Central,Outdoor,Cooler Box,C03007,13,189646.42,1
T2024090001406,2024-09-04,2024,9,Batticaloa,Eastern,Outdoor,Foldable Chair,C03572,3,41440.11,1
T2024090001407,2024-09-29,2024,9,Vavuniya,Northern,Office,Office Chair,C02474,7,171297.11,1
T2024090001408,2024-09-05,2024,9,Kandy,Central,Lifestyle,Desk Organizer,C01828,12,127413.59,1
T2024090001409,2024-09-29,2024,9,Trincomalee,Eastern,Accessories,Phone Stand,C04180,6,21515.67,1
T2024090001410,2024-09-19,2024,9,Kandy,Central,Home,Coffee Maker,C03758,8,136709.05,1
T2024090001411,2024-09-21,2024,9,Colombo,Western,Accessories,Mouse Pad,C04350,6,27283.58,1
T2024090001412,2024-09-05,2024,9,Kurunegala,North Western,Office,Office Chair,C01687,13,357379.98,1
T2024090001413,2024-09-06,2024,9,Trincomalee,Eastern,Lifestyle,Water Bottle,C04593,7,70615.32,1
T2024090001414,2024-09-10,2024,9,Kandy,Central,Lifestyle,Fitness Band,C04496,5,46583.59,1
T2024090001415,2024-09-17,2024,9,Ratnapura,Sabaragamuwa,Electronics,Sound Bar,C04527,5,193578.33,1
T2024090001416,2024-09-09,2024,9,Gampaha,Western,Home,Air Purifier,C03359,7,131521.38,1
T2024090001417,2024-09-22,2024,9,Matale,Central,Accessories,USB Cable,C02898,5,17795.94,1
T2024090001418,2024-09-29,2024,9,Anuradhapura,North Central,Outdoor,Camping Light,C01326,7,106932.36,1
T2024090001419,2024-09-10,2024,9,Hambantota,Southern,Outdoor,Foldable Chair,C02665,14,193705.46,1
T2024090001420,2024-09-23,2024,9,Jaffna,Northern,Outdoor,Foldable Chair,C01898,9,131832.28,1
T2024090001421,2024-09-09,2024,9,Badulla,Uva,Lifestyle,Fitness Band,C02121,10,87989.61,1
T2024090001422,2024-09-11,2024,9,Anuradhapura,North Central,Outdoor,Cooler Box,C01610,4,52544.85,1
T2024090001423,2024-09-29,2024,9,Batticaloa,Eastern,Lifestyle,Fitness Band,C03579,13,116662.17,1
T2024090001424,2024-09-08,2024,9,Matale,Central,Outdoor,Camping Light,C01066,4,54704.69,1
T2024090001425,2024-09-27,2024,9,Trincomalee,Eastern,Home,LED Lamp,C04970,4,73192.97,1
T2024090001426,2024-09-14,2024,9,Kalutara,Western,Outdoor,Cooler Box,C01027,3,42695.77,1
T2024090001427,2024-09-21,2024,9,Kurunegala,North Western,Electronics,Wireless Router,C04116,8,288578.45,1
T2024090001428,2024-09-29,2024,9,Kilinochchi,Northern,Accessories,Power Adapter,C02900,5,20083.93,1
T2024090001429,2024-09-08,2024,9,Mullaitivu,Northern,Lifestyle,Water Bottle,C01791,3,31192.9,1
T2024090001430,2024-09-04,2024,9,Matara,Southern,Lifestyle,Travel Kit,C04481,4,43527.27,1
T2024090001431,2024-09-27,2024,9,Nuwara Eliya,Central,Home,LED Lamp,C04963,11,194797.82,1
T2024090001432,2024-09-29,2024,9,Trincomalee,Eastern,Electronics,Wireless Router,C02763,12,398922.86,1
T2024090001433,2024-09-13,2024,9,Puttalam,North Western,Home,Coffee Maker,C04369,11,196120.59,1
T2024090001434,2024-09-21,2024,9,Monaragala,Uva,Home,LED Lamp,C03784,11,187113.92,1
T2024090001435,2024-09-20,2024,9,Kandy,Central,Outdoor,Cooler Box,C01904,8,97031.8,1
T2024090001436,2024-09-25,2024,9,Colombo,Western,Office,Document Scanner,C01740,9,258145.99,1
T2024090001437,2024-09-18,2024,9,Colombo,Western,Electronics,Sound Bar,C03967,4,129293.02,1
T2024090001438,2024-09-30,2024,9,Galle,Southern,Office,Monitor Stand,C02323,6,150425.75,1
T2024090001439,2024-09-25,2024,9,Kurunegala,North Western,Accessories,USB Cable,C01165,14,51533.9,1
T2024090001440,2024-09-01,2024,9,Puttalam,North Western,Electronics,Wireless Router,C03470,4,153085.66,1
T2024090001441,2024-09-05,2024,9,Colombo,Western,Outdoor,Portable Fan,C04283,11,175825.35,1
T2024090001442,2024-09-01,2024,9,Colombo,Western,Lifestyle,Desk Organizer,C01166,10,100817.87,1
T2024090001443,2024-09-27,2024,9,Gampaha,Western,Lifestyle,Desk Organizer,C02592,8,75876.3,1
T2024090001444,2024-09-15,2024,9,Matara,Southern,Office,Monitor Stand,C03246,4,96963.71,1
T2024090001445,2024-09-14,2024,9,Hambantota,Southern,Home,Air Purifier,C02821,8,145244.2,1
T2024090001446,2024-09-12,2024,9,Jaffna,Northern,Home,Storage Set,C04225,10,185804.19,1
T2024090001447,2024-09-15,2024,9,Kandy,Central,Accessories,Mouse Pad,C02902,6,25028.06,1
T2024090001448,2024-09-18,2024,9,Nuwara Eliya,Central,Outdoor,Camping Light,C01782,4,58830.54,1
T2024090001449,2024-09-17,2024,9,Mullaitivu,Northern,Electronics,Power Hub,C04880,10,366521.11,1
T2024090001450,2024-09-24,2024,9,Colombo,Western,Lifestyle,Desk Organizer,C03552,5,45682.45,1
T2024090001451,2024-09-23,2024,9,Trincomalee,Eastern,Office,Laser Printer,C03197,4,106979.79,1
T2024090001452,2024-09-15,2024,9,Kilinochchi,Northern,Home,LED Lamp,C03637,9,168693.61,1
T2024090001453,2024-09-05,2024,9,Ratnapura,Sabaragamuwa,Lifestyle,Fitness Band,C04078,10,91694.73,1
T2024090001454,2024-09-29,2024,9,Kalutara,Western,Lifestyle,Fitness Band,C01320,6,50718.18,1
T2024090001455,2024-09-01,2024,9,Hambantota,Southern,Outdoor,Portable Fan,C04272,5,68581.12,1
T2024090001456,2024-09-20,2024,9,Kurunegala,North Western,Outdoor,Foldable Chair,C03641,13,185256.72,1
T2024090001457,2024-09-17,2024,9,Gampaha,Western,Lifestyle,Travel Kit,C04042,8,79442.76,1
T2024090001458,2024-09-17,2024,9,Ratnapura,Sabaragamuwa,Accessories,Phone Stand,C02346,10,40913.21,1
T2024090001459,2024-09-10,2024,9,Matara,Southern,Electronics,Smart Display,C01046,9,328654.14,1
T2024090001460,2024-09-20,2024,9,Kilinochchi,Northern,Home,Air Purifier,C04840,4,70512.2,1
T2024090001461,2024-09-09,2024,9,Badulla,Uva,Home,Air Purifier,C02579,5,102511.84,1
T2024090001462,2024-09-18,2024,9,Vavuniya,Northern,Home,Storage Set,C03087,7,135335.38,1
T2024090001463,2024-09-06,2024,9,Mullaitivu,Northern,Electronics,Sound Bar,C03294,5,154889.57,1
T2024090001464,2024-09-26,2024,9,Mullaitivu,Northern,Outdoor,Foldable Chair,C03272,10,139688.3,1
T2024090001465,2024-09-03,2024,9,Kalutara,Western,Electronics,Sound Bar,C02774,14,518449.13,1
T2024090001466,2024-09-29,2024,9,Gampaha,Western,Outdoor,Foldable Chair,C01638,15,193859.09,1
T2024090001467,2024-09-25,2024,9,Matara,Southern,Lifestyle,Water Bottle,C05100,3,28578.87,1
T2024090001468,2024-09-27,2024,9,Puttalam,North Western,Office,Monitor Stand,C03554,7,180066.57,1
T2024090001469,2024-09-27,2024,9,Polonnaruwa,North Central,Accessories,Power Adapter,C02171,6,24374.64,1
T2024090001470,2024-09-06,2024,9,Trincomalee,Eastern,Lifestyle,Desk Organizer,C03853,2,18256.0,1
T2024090001471,2024-09-20,2024,9,Puttalam,North Western,Home,Storage Set,C02752,8,162377.8,1
T2024090001472,2024-09-15,2024,9,Galle,Southern,Electronics,Smart Display,C02605,6,201368.79,1
T2024090001473,2024-09-17,2024,9,Matale,Central,Electronics,Wireless Router,C03079,13,490391.18,1
T2024090001474,2024-09-23,2024,9,Ampara,Eastern,Office,Document Scanner,C01360,9,237678.77,1
T2024090001475,2024-09-16,2024,9,Kegalle,Sabaragamuwa,Outdoor,Portable Fan,C04724,4,55651.9,1
T2024090001476,2024-09-23,2024,9,Anuradhapura,North Central,Electronics,Smart Display,C02255,10,413893.58,1
T2024090001477,2024-09-15,2024,9,Colombo,Western,Outdoor,Camping Light,C01460,9,120275.51,1
T2024090001478,2024-09-11,2024,9,Polonnaruwa,North Central,Home,LED Lamp,C01137,12,233990.73,1
T2024090001479,2024-09-22,2024,9,Badulla,Uva,Electronics,Wireless Router,C01117,6,237461.19,1
T2024090001480,2024-09-03,2024,9,Colombo,Western,Outdoor,Cooler Box,C03185,4,48968.35,1
T2024090001481,2024-09-10,2024,9,Kalutara,Western,Lifestyle,Travel Kit,C01027,5,46443.97,1
T2024090001482,2024-09-03,2024,9,Hambantota,Southern,Outdoor,Camping Light,C04793,3,39188.74,1
T2024090001483,2024-09-26,2024,9,Kalutara,Western,Office,Laser Printer,C02388,1,27179.09,1
T2024090001484,2024-09-27,2024,9,Colombo,Western,Office,Office Chair,C03522,9,276654.03,1
T2024090001485,2024-09-13,2024,9,Kurunegala,North Western,Office,Monitor Stand,C01437,9,227793.47,1
T2024090001486,2024-09-29,2024,9,Mannar,Northern,Home,LED Lamp,C03235,4,80066.37,1
T2024090001487,2024-09-19,2024,9,Trincomalee,Eastern,Home,Storage Set,C03910,6,109260.39,1
T2024090001488,2024-09-27,2024,9,Matara,Southern,Office,Office Chair,C01301,8,189093.2,1
T2024090001489,2024-09-07,2024,9,Kalutara,Western,Office,Monitor Stand,C03365,5,140803.09,1
T2024090001490,2024-09-09,2024,9,Anuradhapura,North Central,Outdoor,Camping Light,C02727,4,54379.53,1
T2024090001491,2024-09-15,2024,9,Jaffna,Northern,Office,Document Scanner,C02146,8,205217.56,1
T2024090001492,2024-09-21,2024,9,Ampara,Eastern,Accessories,Power Adapter,C01857,6,27121.77,1
T2024090001493,2024-09-30,2024,9,Matara,Southern,Home,Air Purifier,C02533,6,101298.17,1
T2024090001494,2024-09-24,2024,9,Kalutara,Western,Electronics,Power Hub,C04564,6,230168.16,1
T2024090001495,2024-09-10,2024,9,Kurunegala,North Western,Office,Document Scanner,C04287,2,59525.96,1
T2024090001496,2024-09-14,2024,9,Puttalam,North Western,Accessories,USB Cable,C04449,10,44284.05,1
T2024090001497,2024-09-29,2024,9,Mullaitivu,Northern,Electronics,Sound Bar,C03463,8,283006.58,1
T2024090001498,2024-09-22,2024,9,Kalutara,Western,Accessories,Phone Stand,C02065,5,23334.8,1
T2024090001499,2024-09-13,2024,9,Matale,Central,Outdoor,Foldable Chair,C04758,4,50107.93,1
T2024090001500,2024-09-06,2024,9,Kalutara,Western,Electronics,Wireless Router,C01659,5,172413.38,1
T2024090001501,2024-09-16,2024,9,Kurunegala,North Western,Electronics,Wireless Router,C01041,4,123840.48,1
T2024090001502,2024-09-27,2024,9,Trincomalee,Eastern,Office,Document Scanner,C04083,7,183530.12,1
T2024090001503,2024-09-25,2024,9,Galle,Southern,Home,LED Lamp,C04276,5,84562.36,1
T2024090001504,2024-09-22,2024,9,Mullaitivu,Northern,Lifestyle,Water Bottle,C05001,10,98826.54,1
T2024090001505,2024-09-12,2024,9,Badulla,Uva,Electronics,Sound Bar,C04024,5,181518.77,1
T2024090001506,2024-09-05,2024,9,Mullaitivu,Northern,Home,Air Purifier,C02885,7,121132.88,1
T2024090001507,2024-09-05,2024,9,Matara,Southern,Home,LED Lamp,C04488,5,86565.61,1
T2024090001508,2024-09-06,2024,9,Colombo,Western,Accessories,Mouse Pad,C02471,6,26314.63,1
T2024090001509,2024-09-26,2024,9,Hambantota,Southern,Electronics,Smart Display,C04314,11,390132.63,1
T2024090001510,2024-09-16,2024,9,Vavuniya,Northern,Home,Storage Set,C01095,9,165679.28,1
T2024090001511,2024-09-20,2024,9,Puttalam,North Western,Home,Coffee Maker,C01950,11,205905.75,1
T2024090001512,2024-09-04,2024,9,Galle,Southern,Lifestyle,Water Bottle,C03989,11,110656.77,1
T2024090001513,2024-09-01,2024,9,Puttalam,North Western,Outdoor,Camping Light,C02232,5,72212.5,1
T2024090001514,2024-09-02,2024,9,Kandy,Central,Lifestyle,Desk Organizer,C04563,7,59224.27,1
T2024090001515,2024-09-14,2024,9,Hambantota,Southern,Electronics,Wireless Router,C03068,5,176140.2,1
T2024090001516,2024-09-01,2024,9,Kilinochchi,Northern,Electronics,Wireless Router,C04417,6,211442.38,1
T2024090001517,2024-09-08,2024,9,Mullaitivu,Northern,Home,Air Purifier,C04246,4,78231.57,1
T2024090001518,2024-09-12,2024,9,Kurunegala,North Western,Office,Document Scanner,C03251,15,425100.5,1
T2024090001519,2024-09-03,2024,9,Ratnapura,Sabaragamuwa,Accessories,Mouse Pad,C01333,5,17550.74,1
T2024090001520,2024-09-17,2024,9,Kegalle,Sabaragamuwa,Office,Laser Printer,C04129,15,367045.97,1
T2024090001521,2024-09-27,2024,9,Matara,Southern,Electronics,Wireless Router,C01650,13,517247.0,1
T2024090001522,2024-09-12,2024,9,Vavuniya,Northern,Accessories,Phone Stand,C01401,8,30239.29,1
T2024090001523,2024-09-17,2024,9,Kandy,Central,Office,Office Chair,C03268,9,250558.26,1
T2024090001524,2024-09-01,2024,9,Trincomalee,Eastern,Home,Storage Set,C02697,11,206196.21,1
T2024090001525,2024-09-08,2024,9,Kandy,Central,Office,Monitor Stand,C01796,4,113834.85,1
T2024090001526,2024-09-21,2024,9,Colombo,Western,Home,Storage Set,C04447,8,147587.03,1
T2024090001527,2024-09-12,2024,9,Ratnapura,Sabaragamuwa,Electronics,Wireless Router,C03619,11,356018.78,1
T2024090001528,2024-09-13,2024,9,Kalutara,Western,Office,Document Scanner,C03095,2,59812.73,1
T2024090001529,2024-09-07,2024,9,Batticaloa,Eastern,Lifestyle,Water Bottle,C01681,10,96629.46,1
T2024090001530,2024-09-05,2024,9,Matale,Central,Home,Storage Set,C01243,8,134470.0,1
T2024100001531,2024-10-18,2024,10,Mannar,Northern,Home,Air Purifier,C03326,10,208227.45,1
T2024100001532,2024-10-13,2024,10,Ratnapura,Sabaragamuwa,Electronics,Smart Display,C01795,4,159218.22,1
T2024100001533,2024-10-12,2024,10,Matale,Central,Outdoor,Portable Fan,C04347,10,129594.83,1
T2024100001534,2024-10-17,2024,10,Kandy,Central,Outdoor,Camping Light,C03604,7,93134.24,1
T2024100001535,2024-10-30,2024,10,Jaffna,Northern,Lifestyle,Desk Organizer,C02286,12,116190.21,1
T2024100001536,2024-10-22,2024,10,Kilinochchi,Northern,Home,Storage Set,C02412,13,224896.57,1
T2024100001537,2024-10-05,2024,10,Kegalle,Sabaragamuwa,Home,Air Purifier,C02837,8,158564.81,1
T2024100001538,2024-10-20,2024,10,Mullaitivu,Northern,Office,Laser Printer,C03663,5,133922.94,1
T2024100001539,2024-10-18,2024,10,Trincomalee,Eastern,Accessories,USB Cable,C04190,7,27154.36,1
T2024100001540,2024-10-16,2024,10,Matara,Southern,Office,Office Chair,C02436,14,411805.13,1
T2024100001541,2024-10-19,2024,10,Gampaha,Western,Electronics,Smart Display,C02696,7,244810.12,1
T2024100001542,2024-10-17,2024,10,Matara,Southern,Home,LED Lamp,C04780,9,173910.38,1
T2024100001543,2024-10-24,2024,10,Badulla,Uva,Accessories,Phone Stand,C04787,15,56795.4,1
T2024100001544,2024-10-03,2024,10,Trincomalee,Eastern,Home,Storage Set,C04157,11,207938.97,1
T2024100001545,2024-10-16,2024,10,Gampaha,Western,Outdoor,Camping Light,C04593,11,139567.85,1
T2024100001546,2024-10-13,2024,10,Anuradhapura,North Central,Office,Laser Printer,C03977,10,264526.89,1
T2024100001547,2024-10-25,2024,10,Matara,Southern,Electronics,Sound Bar,C03151,11,427913.53,1
T2024100001548,2024-10-30,2024,10,Kurunegala,North Western,Home,Coffee Maker,C02163,5,90278.61,1
T2024100001549,2024-10-29,2024,10,Gampaha,Western,Office,Laser Printer,C04754,9,263486.41,1
T2024100001550,2024-10-23,2024,10,Nuwara Eliya,Central,Office,Monitor Stand,C04690,5,132077.79,1
T2024100001551,2024-10-08,2024,10,Puttalam,North Western,Electronics,Wireless Router,C01213,12,435047.58,1
T2024100001552,2024-10-23,2024,10,Matale,Central,Office,Monitor Stand,C04894,6,156020.05,1
T2024100001553,2024-10-21,2024,10,Gampaha,Western,Home,Storage Set,C03108,4,76237.23,1
T2024100001554,2024-10-24,2024,10,Matale,Central,Lifestyle,Water Bottle,C03984,7,68883.67,1
T2024100001555,2024-10-21,2024,10,Galle,Southern,Office,Office Chair,C03820,4,116044.18,1
T2024100001556,2024-10-28,2024,10,Jaffna,Northern,Home,Storage Set,C02386,7,115469.45,1
T2024100001557,2024-10-10,2024,10,Colombo,Western,Accessories,Power Adapter,C02842,4,14853.37,1
T2024100001558,2024-10-16,2024,10,Puttalam,North Western,Outdoor,Cooler Box,C03921,7,109418.98,1
T2024100001559,2024-10-12,2024,10,Polonnaruwa,North Central,Outdoor,Cooler Box,C02660,9,126223.98,1
T2024100001560,2024-10-26,2024,10,Ratnapura,Sabaragamuwa,Lifestyle,Water Bottle,C01651,2,19681.95,1
T2024100001561,2024-10-08,2024,10,Kandy,Central,Outdoor,Cooler Box,C03008,9,127842.75,1
T2024100001562,2024-10-24,2024,10,Kegalle,Sabaragamuwa,Home,Coffee Maker,C01749,4,80123.67,1
T2024100001563,2024-10-07,2024,10,Monaragala,Uva,Electronics,Wireless Router,C01499,4,138195.0,1
T2024100001564,2024-10-26,2024,10,Hambantota,Southern,Electronics,Smart Display,C03613,9,328436.44,1
T2024100001565,2024-10-20,2024,10,Matara,Southern,Lifestyle,Fitness Band,C02762,7,64705.73,1
T2024100001566,2024-10-19,2024,10,Matara,Southern,Accessories,Mouse Pad,C02596,11,45433.65,1
T2024100001567,2024-10-16,2024,10,Kegalle,Sabaragamuwa,Home,Storage Set,C03218,8,136705.47,1
T2024100001568,2024-10-28,2024,10,Jaffna,Northern,Accessories,Power Adapter,C03165,7,26373.19,1
T2024100001569,2024-10-16,2024,10,Jaffna,Northern,Office,Laser Printer,C02493,1,27742.48,1
T2024100001570,2024-10-22,2024,10,Hambantota,Southern,Electronics,Smart Display,C04540,5,202810.41,1
T2024100001571,2024-10-25,2024,10,Nuwara Eliya,Central,Office,Office Chair,C02586,3,76103.5,1
T2024100001572,2024-10-22,2024,10,Jaffna,Northern,Home,Storage Set,C01844,5,88001.56,1
T2024100001573,2024-10-26,2024,10,Trincomalee,Eastern,Home,LED Lamp,C04246,4,67787.89,1
T2024100001574,2024-10-25,2024,10,Nuwara Eliya,Central,Lifestyle,Desk Organizer,C04416,10,90337.34,1
T2024100001575,2024-10-05,2024,10,Hambantota,Southern,Outdoor,Foldable Chair,C04038,5,72993.67,1
T2024100001576,2024-10-01,2024,10,Matara,Southern,Lifestyle,Desk Organizer,C04418,10,92066.39,1
T2024100001577,2024-10-01,2024,10,Nuwara Eliya,Central,Outdoor,Portable Fan,C03247,11,143102.99,1
T2024100001578,2024-10-26,2024,10,Matale,Central,Home,Coffee Maker,C04503,6,111257.46,1
T2024100001579,2024-10-04,2024,10,Puttalam,North Western,Office,Document Scanner,C03245,3,73303.51,1
T2024100001580,2024-10-23,2024,10,Ratnapura,Sabaragamuwa,Office,Laser Printer,C04196,15,426656.57,1
T2024100001581,2024-10-04,2024,10,Kandy,Central,Office,Document Scanner,C01486,2,49354.85,1
T2024100001582,2024-10-05,2024,10,Galle,Southern,Accessories,USB Cable,C04866,12,43871.37,1
T2024100001583,2024-10-18,2024,10,Anuradhapura,North Central,Outdoor,Foldable Chair,C02639,3,37387.2,1
T2024100001584,2024-10-05,2024,10,Kilinochchi,Northern,Office,Monitor Stand,C01180,10,244065.81,1
T2024100001585,2024-10-06,2024,10,Ratnapura,Sabaragamuwa,Home,Storage Set,C02760,5,85246.83,1
T2024100001586,2024-10-20,2024,10,Nuwara Eliya,Central,Office,Monitor Stand,C03092,10,248899.87,1
T2024100001587,2024-10-27,2024,10,Ampara,Eastern,Lifestyle,Desk Organizer,C01394,7,69477.23,1
T2024100001588,2024-10-26,2024,10,Galle,Southern,Lifestyle,Fitness Band,C03680,7,64025.53,1
T2024100001589,2024-10-18,2024,10,Batticaloa,Eastern,Office,Laser Printer,C01921,4,111426.71,1
T2024100001590,2024-10-25,2024,10,Vavuniya,Northern,Lifestyle,Travel Kit,C01599,9,90485.35,1
T2024100001591,2024-10-03,2024,10,Matara,Southern,Outdoor,Cooler Box,C03707,4,55392.6,1
T2024100001592,2024-10-13,2024,10,Jaffna,Northern,Office,Document Scanner,C01176,8,188392.15,1
T2024100001593,2024-10-09,2024,10,Colombo,Western,Electronics,Power Hub,C02233,12,450105.06,1
T2024100001594,2024-10-29,2024,10,Kilinochchi,Northern,Office,Office Chair,C03906,12,352762.61,1
T2024100001595,2024-10-04,2024,10,Kalutara,Western,Electronics,Wireless Router,C02488,2,75366.86,1
T2024100001596,2024-10-28,2024,10,Puttalam,North Western,Lifestyle,Fitness Band,C03683,5,45648.91,1
T2024100001597,2024-10-30,2024,10,Kalutara,Western,Electronics,Wireless Router,C02909,13,507675.13,1
T2024100001598,2024-10-27,2024,10,Gampaha,Western,Accessories,Mouse Pad,C02009,14,53749.42,1
T2024100001599,2024-10-07,2024,10,Galle,Southern,Lifestyle,Desk Organizer,C02628,10,100925.08,1
T2024100001600,2024-10-25,2024,10,Gampaha,Western,Electronics,Smart Display,C02335,4,162335.31,1
T2024100001601,2024-10-07,2024,10,Galle,Southern,Accessories,Mouse Pad,C02565,16,70134.99,1
T2024100001602,2024-10-01,2024,10,Hambantota,Southern,Lifestyle,Desk Organizer,C01133,6,58353.3,1
T2024100001603,2024-10-31,2024,10,Galle,Southern,Accessories,USB Cable,C04557,12,48694.1,1
T2024100001604,2024-10-31,2024,10,Ampara,Eastern,Outdoor,Portable Fan,C01130,15,219113.71,1
T2024100001605,2024-10-05,2024,10,Colombo,Western,Outdoor,Cooler Box,C01076,7,90537.02,1
T2024100001606,2024-10-12,2024,10,Puttalam,North Western,Electronics,Sound Bar,C03401,8,299901.34,1
T2024100001607,2024-10-12,2024,10,Kalutara,Western,Accessories,Phone Stand,C02488,12,45641.48,1
T2024100001608,2024-10-30,2024,10,Colombo,Western,Electronics,Power Hub,C04058,12,467751.42,1
T2024100001609,2024-10-24,2024,10,Puttalam,North Western,Home,Storage Set,C01281,12,244419.1,1
T2024100001610,2024-10-04,2024,10,Kilinochchi,Northern,Outdoor,Cooler Box,C02296,2,31165.63,1
T2024100001611,2024-10-14,2024,10,Matara,Southern,Electronics,Power Hub,C04805,12,437000.65,1
T2024100001612,2024-10-16,2024,10,Polonnaruwa,North Central,Outdoor,Camping Light,C03552,7,107020.16,1
T2024100001613,2024-10-16,2024,10,Nuwara Eliya,Central,Lifestyle,Fitness Band,C04915,10,104437.07,1
T2024100001614,2024-10-22,2024,10,Gampaha,Western,Lifestyle,Travel Kit,C02848,3,26491.02,1
T2024100001615,2024-10-09,2024,10,Kandy,Central,Office,Office Chair,C02854,4,111508.04,1
T2024100001616,2024-10-11,2024,10,Kurunegala,North Western,Lifestyle,Water Bottle,C02079,6,56555.44,1
T2024100001617,2024-10-26,2024,10,Kurunegala,North Western,Outdoor,Portable Fan,C01394,4,52328.5,1
T2024100001618,2024-10-13,2024,10,Batticaloa,Eastern,Outdoor,Cooler Box,C02327,5,69194.2,1
T2024100001619,2024-10-07,2024,10,Polonnaruwa,North Central,Electronics,Power Hub,C04704,7,232486.14,1
T2024100001620,2024-10-29,2024,10,Gampaha,Western,Home,Coffee Maker,C03763,4,70599.95,1
T2024100001621,2024-10-25,2024,10,Puttalam,North Western,Lifestyle,Fitness Band,C03805,7,60811.8,1
T2024100001622,2024-10-08,2024,10,Matara,Southern,Electronics,Sound Bar,C01775,15,592732.89,1
T2024100001623,2024-10-15,2024,10,Mannar,Northern,Home,Coffee Maker,C03516,6,123936.89,1
T2024100001624,2024-10-27,2024,10,Kegalle,Sabaragamuwa,Accessories,Phone Stand,C04257,14,64520.43,1
T2024100001625,2024-10-24,2024,10,Gampaha,Western,Office,Laser Printer,C02628,10,281922.66,1
T2024100001626,2024-10-18,2024,10,Mannar,Northern,Lifestyle,Fitness Band,C03971,4,39972.47,1
T2024100001627,2024-10-27,2024,10,Kalutara,Western,Electronics,Sound Bar,C02854,14,497170.19,1
T2024100001628,2024-10-02,2024,10,Ratnapura,Sabaragamuwa,Office,Office Chair,C03281,14,414065.6,1
T2024100001629,2024-10-15,2024,10,Galle,Southern,Lifestyle,Desk Organizer,C04904,5,50321.94,1
T2024100001630,2024-10-30,2024,10,Colombo,Western,Home,Coffee Maker,C02711,10,196395.44,1
T2024100001631,2024-10-27,2024,10,Colombo,Western,Home,LED Lamp,C04940,4,83200.51,1
T2024100001632,2024-10-19,2024,10,Galle,Southern,Electronics,Power Hub,C04204,4,158198.65,1
T2024100001633,2024-10-04,2024,10,Kandy,Central,Accessories,Phone Stand,C04289,10,42349.71,1
T2024100001634,2024-10-01,2024,10,Kalutara,Western,Electronics,Wireless Router,C03683,9,306613.21,1
T2024100001635,2024-10-22,2024,10,Gampaha,Western,Office,Document Scanner,C02903,6,169001.93,1
T2024100001636,2024-10-29,2024,10,Kurunegala,North Western,Lifestyle,Fitness Band,C03797,5,52012.69,1
T2024100001637,2024-10-19,2024,10,Anuradhapura,North Central,Home,Storage Set,C04490,4,74247.16,1
T2024100001638,2024-10-24,2024,10,Kurunegala,North Western,Electronics,Smart Display,C01726,8,309778.95,1
T2024100001639,2024-10-14,2024,10,Kandy,Central,Outdoor,Portable Fan,C04543,2,25430.71,1
T2024100001640,2024-10-14,2024,10,Polonnaruwa,North Central,Office,Monitor Stand,C03694,9,229337.6,1
T2024100001641,2024-10-19,2024,10,Colombo,Western,Electronics,Power Hub,C02989,7,262938.0,1
T2024100001642,2024-10-20,2024,10,Gampaha,Western,Outdoor,Portable Fan,C04079,7,107334.81,1
T2024100001643,2024-10-04,2024,10,Colombo,Western,Electronics,Smart Display,C01778,15,523814.86,1
T2024100001644,2024-10-23,2024,10,Trincomalee,Eastern,Accessories,Mouse Pad,C04226,10,38958.64,1
T2024100001645,2024-10-27,2024,10,Polonnaruwa,North Central,Lifestyle,Fitness Band,C04267,11,108940.17,1
T2024100001646,2024-10-21,2024,10,Trincomalee,Eastern,Electronics,Sound Bar,C01198,14,447457.19,1
T2024100001647,2024-10-27,2024,10,Anuradhapura,North Central,Office,Monitor Stand,C03938,9,237098.27,1
T2024100001648,2024-10-23,2024,10,Kandy,Central,Outdoor,Foldable Chair,C04754,16,213281.78,1
T2024100001649,2024-10-25,2024,10,Kalutara,Western,Outdoor,Foldable Chair,C04288,6,87366.9,1
T2024100001650,2024-10-27,2024,10,Polonnaruwa,North Central,Home,LED Lamp,C03594,5,101853.39,1
T2024100001651,2024-10-25,2024,10,Ampara,Eastern,Home,Storage Set,C02526,6,101045.32,1
T2024100001652,2024-10-31,2024,10,Nuwara Eliya,Central,Outdoor,Foldable Chair,C02305,4,50292.65,1
T2024100001653,2024-10-13,2024,10,Vavuniya,Northern,Accessories,Power Adapter,C02458,8,30801.31,1
T2024100001654,2024-10-05,2024,10,Colombo,Western,Office,Document Scanner,C03158,10,273721.75,1
T2024100001655,2024-10-11,2024,10,Gampaha,Western,Home,Coffee Maker,C01674,17,323079.14,1
T2024100001656,2024-10-16,2024,10,Kandy,Central,Electronics,Wireless Router,C01216,4,150651.42,1
T2024100001657,2024-10-01,2024,10,Kandy,Central,Electronics,Sound Bar,C02191,5,186740.04,1
T2024100001658,2024-10-06,2024,10,Hambantota,Southern,Lifestyle,Travel Kit,C04378,12,111199.42,1
T2024100001659,2024-10-26,2024,10,Badulla,Uva,Accessories,Power Adapter,C03982,11,44584.97,1
T2024100001660,2024-10-03,2024,10,Monaragala,Uva,Accessories,Power Adapter,C03926,14,53566.6,1
T2024100001661,2024-10-18,2024,10,Puttalam,North Western,Lifestyle,Fitness Band,C04898,5,48578.02,1
T2024100001662,2024-10-09,2024,10,Kandy,Central,Home,LED Lamp,C04812,8,124137.66,1
T2024100001663,2024-10-01,2024,10,Matara,Southern,Office,Laser Printer,C02404,8,225055.41,1
T2024100001664,2024-10-22,2024,10,Badulla,Uva,Lifestyle,Travel Kit,C01523,6,63312.33,1
T2024100001665,2024-10-14,2024,10,Vavuniya,Northern,Accessories,USB Cable,C05021,9,39766.9,1
T2024100001666,2024-10-08,2024,10,Kalutara,Western,Lifestyle,Water Bottle,C03708,8,81385.27,1
T2024100001667,2024-10-20,2024,10,Gampaha,Western,Lifestyle,Water Bottle,C01056,2,19798.45,1
T2024100001668,2024-10-24,2024,10,Gampaha,Western,Accessories,USB Cable,C04390,4,15009.33,1
T2024100001669,2024-10-21,2024,10,Puttalam,North Western,Accessories,Phone Stand,C01242,14,60475.66,1
T2024100001670,2024-10-13,2024,10,Colombo,Western,Accessories,Mouse Pad,C04339,9,35140.19,1
T2024100001671,2024-10-29,2024,10,Kalutara,Western,Home,LED Lamp,C04526,5,82543.55,1
T2024100001672,2024-10-15,2024,10,Galle,Southern,Electronics,Smart Display,C03783,10,392800.53,1
T2024100001673,2024-10-04,2024,10,Badulla,Uva,Electronics,Smart Display,C04057,4,158324.52,1
T2024100001674,2024-10-26,2024,10,Colombo,Western,Home,Coffee Maker,C01227,13,253645.36,1
T2024100001675,2024-10-18,2024,10,Ratnapura,Sabaragamuwa,Electronics,Power Hub,C02490,4,139639.58,1
T2024100001676,2024-10-17,2024,10,Mullaitivu,Northern,Lifestyle,Desk Organizer,C02455,4,42343.02,1
T2024100001677,2024-10-30,2024,10,Batticaloa,Eastern,Accessories,USB Cable,C03554,5,20102.38,1
T2024100001678,2024-10-07,2024,10,Mullaitivu,Northern,Electronics,Smart Display,C05077,8,336086.96,1
T2024100001679,2024-10-31,2024,10,Ratnapura,Sabaragamuwa,Accessories,Mouse Pad,C04670,3,12490.66,1
T2024100001680,2024-10-26,2024,10,Kandy,Central,Electronics,Power Hub,C02543,6,203645.73,1
T2024100001681,2024-10-22,2024,10,Anuradhapura,North Central,Accessories,USB Cable,C01746,9,38274.84,1
T2024100001682,2024-10-10,2024,10,Vavuniya,Northern,Lifestyle,Desk Organizer,C02647,5,47949.84,1
T2024100001683,2024-10-13,2024,10,Matale,Central,Office,Document Scanner,C04565,3,74682.59,1
T2024100001684,2024-10-16,2024,10,Matale,Central,Lifestyle,Desk Organizer,C03506,16,167707.47,1
T2024100001685,2024-10-29,2024,10,Jaffna,Northern,Electronics,Smart Display,C03516,8,312682.04,1
T2024100001686,2024-10-02,2024,10,Kalutara,Western,Home,Air Purifier,C01230,15,280953.83,1
T2024100001687,2024-10-17,2024,10,Kegalle,Sabaragamuwa,Electronics,Power Hub,C02461,6,226170.91,1
T2024100001688,2024-10-03,2024,10,Gampaha,Western,Accessories,Phone Stand,C03624,10,40155.82,1
T2024100001689,2024-10-29,2024,10,Ampara,Eastern,Electronics,Power Hub,C02688,9,362450.05,1
T2024100001690,2024-10-13,2024,10,Monaragala,Uva,Office,Monitor Stand,C02451,11,282142.6,1
T2024100001691,2024-10-29,2024,10,Colombo,Western,Electronics,Sound Bar,C03116,13,497628.24,1
T2024100001692,2024-10-23,2024,10,Kalutara,Western,Outdoor,Foldable Chair,C04353,1,14585.15,1
T2024100001693,2024-10-20,2024,10,Kandy,Central,Accessories,Mouse Pad,C03077,1,4419.89,1
T2024100001694,2024-10-21,2024,10,Trincomalee,Eastern,Lifestyle,Travel Kit,C01578,3,26113.52,1
T2024100001695,2024-10-31,2024,10,Colombo,Western,Lifestyle,Travel Kit,C03102,9,95342.83,1
T2024100001696,2024-10-25,2024,10,Kandy,Central,Home,Coffee Maker,C01889,3,58797.39,1
T2024100001697,2024-10-05,2024,10,Ratnapura,Sabaragamuwa,Lifestyle,Desk Organizer,C02645,7,59164.78,1
T2024100001698,2024-10-03,2024,10,Gampaha,Western,Electronics,Power Hub,C02512,10,396951.25,1
T2024100001699,2024-10-20,2024,10,Matara,Southern,Home,LED Lamp,C04622,10,178000.76,1
T2024100001700,2024-10-02,2024,10,Puttalam,North Western,Electronics,Sound Bar,C03605,8,314025.26,1
T2024110001701,2024-11-15,2024,11,Polonnaruwa,North Central,Home,LED Lamp,C03869,4,84949.35,1
T2024110001702,2024-11-06,2024,11,Galle,Southern,Accessories,USB Cable,C02846,8,36060.62,1
T2024110001703,2024-11-18,2024,11,Colombo,Western,Lifestyle,Travel Kit,C03358,4,46356.38,1
T2024110001704,2024-11-20,2024,11,Colombo,Western,Office,Document Scanner,C01144,10,337611.77,1
T2024110001705,2024-11-01,2024,11,Galle,Southern,Electronics,Smart Display,C02915,6,261905.88,1
T2024110001706,2024-11-19,2024,11,Puttalam,North Western,Electronics,Sound Bar,C01289,7,254630.97,1
T2024110001707,2024-11-15,2024,11,Ratnapura,Sabaragamuwa,Office,Monitor Stand,C04169,13,375167.82,1
T2024110001708,2024-11-30,2024,11,Batticaloa,Eastern,Home,Storage Set,C04926,13,270591.41,1
T2024110001709,2024-11-09,2024,11,Kandy,Central,Home,LED Lamp,C04183,12,252621.24,1
T2024110001710,2024-11-14,2024,11,Matara,Southern,Home,Air Purifier,C04768,10,227190.99,1
T2024110001711,2024-11-13,2024,11,Kegalle,Sabaragamuwa,Electronics,Wireless Router,C02705,6,239383.07,1
T2024110001712,2024-11-11,2024,11,Matara,Southern,Home,Coffee Maker,C03768,9,165123.58,1
T2024110001713,2024-11-28,2024,11,Kalutara,Western,Electronics,Sound Bar,C02595,10,440476.76,1
T2024110001714,2024-11-21,2024,11,Monaragala,Uva,Lifestyle,Desk Organizer,C04071,5,53264.84,1
T2024110001715,2024-11-02,2024,11,Gampaha,Western,Office,Monitor Stand,C04377,4,125488.04,1
T2024110001716,2024-11-15,2024,11,Ampara,Eastern,Accessories,Mouse Pad,C02478,2,8475.2,1
T2024110001717,2024-11-19,2024,11,Ampara,Eastern,Home,LED Lamp,C04293,11,211590.55,1
T2024110001718,2024-11-11,2024,11,Matale,Central,Home,LED Lamp,C04987,8,168677.43,1
T2024110001719,2024-11-03,2024,11,Kurunegala,North Western,Outdoor,Camping Light,C01536,2,36318.71,1
T2024110001720,2024-11-24,2024,11,Nuwara Eliya,Central,Electronics,Wireless Router,C02664,4,160360.65,1
T2024110001721,2024-11-11,2024,11,Galle,Southern,Accessories,Mouse Pad,C04892,9,42258.2,1
T2024110001722,2024-11-14,2024,11,Anuradhapura,North Central,Electronics,Sound Bar,C02338,3,132766.18,1
T2024110001723,2024-11-23,2024,11,Gampaha,Western,Lifestyle,Desk Organizer,C03304,12,134166.74,1
T2024110001724,2024-11-25,2024,11,Ampara,Eastern,Electronics,Power Hub,C01796,2,87979.85,1
T2024110001725,2024-11-30,2024,11,Galle,Southern,Electronics,Smart Display,C03969,6,262423.57,1
T2024110001726,2024-11-03,2024,11,Badulla,Uva,Accessories,Power Adapter,C03784,12,52433.6,1
T2024110001727,2024-11-30,2024,11,Batticaloa,Eastern,Office,Office Chair,C01910,11,356424.6,1
T2024110001728,2024-11-20,2024,11,Matale,Central,Outdoor,Camping Light,C03906,16,244612.46,1
T2024110001729,2024-11-28,2024,11,Badulla,Uva,Home,LED Lamp,C03992,5,99994.67,1
T2024110001730,2024-11-02,2024,11,Monaragala,Uva,Electronics,Wireless Router,C02368,9,389629.99,1
T2024110001731,2024-11-24,2024,11,Matara,Southern,Lifestyle,Fitness Band,C03236,16,189977.02,1
T2024110001732,2024-11-10,2024,11,Nuwara Eliya,Central,Electronics,Smart Display,C01158,6,281143.69,1
T2024110001733,2024-11-11,2024,11,Galle,Southern,Office,Monitor Stand,C04074,6,184151.7,1
T2024110001734,2024-11-18,2024,11,Galle,Southern,Home,Coffee Maker,C03143,4,82574.74,1
T2024110001735,2024-11-28,2024,11,Monaragala,Uva,Accessories,USB Cable,C03611,7,30914.46,1
T2024110001736,2024-11-12,2024,11,Anuradhapura,North Central,Electronics,Smart Display,C02451,3,135355.27,1
T2024110001737,2024-11-24,2024,11,Puttalam,North Western,Outdoor,Camping Light,C01111,11,181938.57,1
T2024110001738,2024-11-26,2024,11,Colombo,Western,Lifestyle,Desk Organizer,C03711,9,109044.87,1
T2024110001739,2024-11-03,2024,11,Kurunegala,North Western,Electronics,Smart Display,C02521,10,392318.18,1
T2024110001740,2024-11-13,2024,11,Puttalam,North Western,Electronics,Smart Display,C01651,5,216689.46,1
T2024110001741,2024-11-16,2024,11,Anuradhapura,North Central,Office,Document Scanner,C02525,5,167276.43,1
T2024110001742,2024-11-07,2024,11,Matara,Southern,Lifestyle,Fitness Band,C02441,5,57166.43,1
T2024110001743,2024-11-06,2024,11,Kegalle,Sabaragamuwa,Office,Laser Printer,C02542,12,400047.17,1
T2024110001744,2024-11-17,2024,11,Gampaha,Western,Office,Monitor Stand,C04378,9,271930.67,1
T2024110001745,2024-11-10,2024,11,Anuradhapura,North Central,Office,Laser Printer,C03062,10,291637.37,1
T2024110001746,2024-11-03,2024,11,Jaffna,Northern,Accessories,USB Cable,C04524,9,45725.38,1
T2024110001747,2024-11-19,2024,11,Colombo,Western,Outdoor,Camping Light,C03609,10,171882.48,1
T2024110001748,2024-11-15,2024,11,Trincomalee,Eastern,Electronics,Wireless Router,C03614,6,265741.08,1
T2024110001749,2024-11-08,2024,11,Jaffna,Northern,Outdoor,Foldable Chair,C02559,8,116241.2,1
T2024110001750,2024-11-15,2024,11,Galle,Southern,Outdoor,Foldable Chair,C04304,12,194130.37,1
T2024110001751,2024-11-28,2024,11,Gampaha,Western,Outdoor,Portable Fan,C01201,4,64490.79,1
T2024110001752,2024-11-19,2024,11,Galle,Southern,Electronics,Sound Bar,C02238,14,561781.55,1
T2024110001753,2024-11-01,2024,11,Galle,Southern,Electronics,Wireless Router,C02621,7,254899.61,1
T2024110001754,2024-11-14,2024,11,Kandy,Central,Electronics,Power Hub,C04546,14,554325.76,1
T2024110001755,2024-11-20,2024,11,Nuwara Eliya,Central,Electronics,Wireless Router,C04906,5,191407.89,1
T2024110001756,2024-11-21,2024,11,Anuradhapura,North Central,Home,Air Purifier,C03524,4,86950.87,1
T2024110001757,2024-11-11,2024,11,Matara,Southern,Electronics,Sound Bar,C03310,10,447117.17,1
T2024110001758,2024-11-15,2024,11,Galle,Southern,Accessories,USB Cable,C01146,6,27054.8,1
T2024110001759,2024-11-26,2024,11,Trincomalee,Eastern,Accessories,Power Adapter,C04901,5,23037.68,1
T2024110001760,2024-11-23,2024,11,Trincomalee,Eastern,Accessories,Power Adapter,C02876,8,36368.55,1
T2024110001761,2024-11-17,2024,11,Hambantota,Southern,Lifestyle,Fitness Band,C03568,12,131617.06,1
T2024110001762,2024-11-20,2024,11,Batticaloa,Eastern,Electronics,Power Hub,C04791,13,591767.88,1
T2024110001763,2024-11-23,2024,11,Colombo,Western,Home,LED Lamp,C03263,4,96064.0,1
T2024110001764,2024-11-12,2024,11,Hambantota,Southern,Electronics,Smart Display,C03681,11,486791.8,1
T2024110001765,2024-11-20,2024,11,Puttalam,North Western,Accessories,Mouse Pad,C03574,12,54086.95,1
T2024110001766,2024-11-24,2024,11,Ratnapura,Sabaragamuwa,Office,Laser Printer,C03422,3,96377.34,1
T2024110001767,2024-11-23,2024,11,Anuradhapura,North Central,Home,Storage Set,C04466,11,206630.18,1
T2024110001768,2024-11-03,2024,11,Kalutara,Western,Home,Air Purifier,C04453,6,143209.13,1
T2024110001769,2024-11-25,2024,11,Matara,Southern,Home,LED Lamp,C04639,5,112752.21,1
T2024110001770,2024-11-06,2024,11,Kandy,Central,Office,Document Scanner,C03333,8,247803.49,1
T2024110001771,2024-11-05,2024,11,Gampaha,Western,Outdoor,Portable Fan,C04022,5,82610.73,1
T2024110001772,2024-11-06,2024,11,Colombo,Western,Lifestyle,Water Bottle,C04241,5,63459.26,1
T2024110001773,2024-11-24,2024,11,Ampara,Eastern,Home,Air Purifier,C01458,10,211327.63,1
T2024110001774,2024-11-23,2024,11,Ratnapura,Sabaragamuwa,Electronics,Smart Display,C02339,4,185633.3,1
T2024110001775,2024-11-13,2024,11,Nuwara Eliya,Central,Home,Air Purifier,C05035,7,153605.58,1
T2024110001776,2024-11-15,2024,11,Trincomalee,Eastern,Lifestyle,Fitness Band,C02698,4,47098.71,1
T2024110001777,2024-11-21,2024,11,Kandy,Central,Electronics,Smart Display,C01430,12,511428.87,1
T2024110001778,2024-11-17,2024,11,Colombo,Western,Outdoor,Cooler Box,C02128,5,79401.02,1
T2024110001779,2024-11-22,2024,11,Colombo,Western,Outdoor,Portable Fan,C01193,10,168183.26,1
T2024110001780,2024-11-19,2024,11,Colombo,Western,Office,Office Chair,C02881,7,224677.73,1
T2024110001781,2024-11-07,2024,11,Vavuniya,Northern,Home,LED Lamp,C04254,4,71203.22,1
T2024110001782,2024-11-27,2024,11,Kandy,Central,Lifestyle,Desk Organizer,C02310,4,45593.22,1
T2024110001783,2024-11-21,2024,11,Kalutara,Western,Accessories,Mouse Pad,C01977,5,20312.16,1
T2024110001784,2024-11-06,2024,11,Kegalle,Sabaragamuwa,Office,Document Scanner,C02677,3,94287.42,1
T2024110001785,2024-11-27,2024,11,Kurunegala,North Western,Outdoor,Cooler Box,C03447,9,129180.77,1
T2024110001786,2024-11-19,2024,11,Anuradhapura,North Central,Home,Air Purifier,C02883,13,314606.95,1
T2024110001787,2024-11-28,2024,11,Jaffna,Northern,Home,LED Lamp,C02483,5,102945.22,1
T2024110001788,2024-11-30,2024,11,Kurunegala,North Western,Lifestyle,Desk Organizer,C02354,7,78993.59,1
T2024110001789,2024-11-20,2024,11,Puttalam,North Western,Office,Office Chair,C01637,3,86135.7,1
T2024110001790,2024-11-10,2024,11,Batticaloa,Eastern,Outdoor,Foldable Chair,C01001,6,102698.12,1
T2024110001791,2024-11-24,2024,11,Gampaha,Western,Home,LED Lamp,C04467,12,231003.67,1
T2024110001792,2024-11-10,2024,11,Ampara,Eastern,Home,Air Purifier,C01984,4,89217.32,1
T2024110001793,2024-11-06,2024,11,Gampaha,Western,Office,Laser Printer,C04904,1,29589.77,1
T2024110001794,2024-11-01,2024,11,Matara,Southern,Accessories,Power Adapter,C03213,9,43209.08,1
T2024110001795,2024-11-02,2024,11,Kalutara,Western,Home,Storage Set,C01245,7,154510.93,1
T2024110001796,2024-11-25,2024,11,Kalutara,Western,Electronics,Smart Display,C01517,12,540379.48,1
T2024110001797,2024-11-08,2024,11,Kalutara,Western,Home,Coffee Maker,C02541,9,208258.59,1
T2024110001798,2024-11-26,2024,11,Badulla,Uva,Outdoor,Portable Fan,C05003,4,71597.88,1
T2024110001799,2024-11-27,2024,11,Matale,Central,Electronics,Wireless Router,C04738,7,269105.67,1
T2024110001800,2024-11-14,2024,11,Kurunegala,North Western,Lifestyle,Water Bottle,C03841,4,42696.93,1
T2024110001801,2024-11-22,2024,11,Kegalle,Sabaragamuwa,Outdoor,Cooler Box,C05052,7,107268.32,1
T2024110001802,2024-11-30,2024,11,Colombo,Western,Home,LED Lamp,C03727,6,122335.35,1
T2024110001803,2024-11-17,2024,11,Polonnaruwa,North Central,Electronics,Smart Display,C03814,13,638215.04,1
T2024110001804,2024-11-27,2024,11,Mullaitivu,Northern,Lifestyle,Travel Kit,C02143,11,128469.22,1
T2024110001805,2024-11-17,2024,11,Colombo,Western,Home,Air Purifier,C01344,3,58257.67,1
T2024110001806,2024-11-16,2024,11,Ampara,Eastern,Electronics,Sound Bar,C03744,3,130726.16,1
T2024110001807,2024-11-19,2024,11,Mannar,Northern,Home,Storage Set,C02795,6,127441.45,1
T2024110001808,2024-11-23,2024,11,Kandy,Central,Office,Office Chair,C02543,1,31537.09,1
T2024110001809,2024-11-08,2024,11,Anuradhapura,North Central,Lifestyle,Fitness Band,C03512,10,107688.62,1
T2024110001810,2024-11-01,2024,11,Kilinochchi,Northern,Electronics,Sound Bar,C01193,2,76898.24,1
T2024110001811,2024-11-15,2024,11,Anuradhapura,North Central,Office,Laser Printer,C03077,14,430092.41,1
T2024110001812,2024-11-13,2024,11,Ampara,Eastern,Electronics,Wireless Router,C03812,6,225965.13,1
T2024110001813,2024-11-02,2024,11,Mullaitivu,Northern,Lifestyle,Fitness Band,C05026,7,75438.8,1
T2024110001814,2024-11-14,2024,11,Kurunegala,North Western,Outdoor,Portable Fan,C01803,9,149042.23,1
T2024110001815,2024-11-02,2024,11,Ratnapura,Sabaragamuwa,Office,Laser Printer,C04113,15,510555.14,1
T2024110001816,2024-11-24,2024,11,Hambantota,Southern,Lifestyle,Fitness Band,C03011,11,129910.58,1
T2024110001817,2024-11-02,2024,11,Matara,Southern,Outdoor,Cooler Box,C04845,5,79930.28,1
T2024110001818,2024-11-19,2024,11,Kalutara,Western,Home,Air Purifier,C02052,12,269160.79,1
T2024110001819,2024-11-23,2024,11,Matara,Southern,Lifestyle,Desk Organizer,C03251,8,90051.35,1
T2024110001820,2024-11-06,2024,11,Ampara,Eastern,Electronics,Smart Display,C05024,13,551504.36,1
T2024110001821,2024-11-22,2024,11,Colombo,Western,Office,Document Scanner,C01899,4,139647.23,1
T2024110001822,2024-11-25,2024,11,Hambantota,Southern,Home,Storage Set,C02447,6,121957.72,1
T2024110001823,2024-11-23,2024,11,Nuwara Eliya,Central,Office,Document Scanner,C02874,6,201768.45,1
T2024110001824,2024-11-16,2024,11,Gampaha,Western,Electronics,Smart Display,C04589,6,292272.53,1
T2024110001825,2024-11-14,2024,11,Kurunegala,North Western,Accessories,Power Adapter,C01872,7,30163.28,1
T2024110001826,2024-11-29,2024,11,Kurunegala,North Western,Electronics,Smart Display,C03153,14,584184.03,1
T2024110001827,2024-11-01,2024,11,Jaffna,Northern,Home,LED Lamp,C01992,4,86267.71,1
T2024110001828,2024-11-16,2024,11,Matara,Southern,Accessories,Power Adapter,C03155,3,15380.76,1
T2024110001829,2024-11-07,2024,11,Vavuniya,Northern,Electronics,Smart Display,C02903,4,158489.19,1
T2024110001830,2024-11-17,2024,11,Colombo,Western,Electronics,Smart Display,C01924,9,428034.13,1
T2024110001831,2024-11-28,2024,11,Matale,Central,Outdoor,Foldable Chair,C02997,7,103731.43,1
T2024110001832,2024-11-18,2024,11,Hambantota,Southern,Electronics,Sound Bar,C04178,8,345192.47,1
T2024110001833,2024-11-16,2024,11,Gampaha,Western,Electronics,Sound Bar,C01558,7,313770.77,1
T2024110001834,2024-11-08,2024,11,Gampaha,Western,Office,Document Scanner,C03964,11,339718.18,1
T2024110001835,2024-11-07,2024,11,Colombo,Western,Home,Storage Set,C01227,9,208788.01,1
T2024110001836,2024-11-16,2024,11,Matara,Southern,Outdoor,Cooler Box,C02044,8,134438.89,1
T2024110001837,2024-11-20,2024,11,Ampara,Eastern,Outdoor,Cooler Box,C02978,7,116384.33,1
T2024110001838,2024-11-23,2024,11,Matara,Southern,Electronics,Smart Display,C01696,13,543784.95,1
T2024110001839,2024-11-10,2024,11,Galle,Southern,Home,Storage Set,C03798,11,236572.28,1
T2024110001840,2024-11-25,2024,11,Polonnaruwa,North Central,Lifestyle,Desk Organizer,C04163,12,131961.01,1
T2024110001841,2024-11-11,2024,11,Ratnapura,Sabaragamuwa,Office,Office Chair,C04845,3,93546.44,1
T2024110001842,2024-11-21,2024,11,Kilinochchi,Northern,Office,Laser Printer,C03062,5,148476.16,1
T2024110001843,2024-11-19,2024,11,Mullaitivu,Northern,Electronics,Wireless Router,C02962,4,184879.58,1
T2024110001844,2024-11-09,2024,11,Anuradhapura,North Central,Lifestyle,Desk Organizer,C03282,8,93343.47,1
T2024110001845,2024-11-07,2024,11,Puttalam,North Western,Accessories,Phone Stand,C03417,9,39514.28,1
T2024110001846,2024-11-04,2024,11,Mannar,Northern,Electronics,Power Hub,C02421,10,453417.79,1
T2024110001847,2024-11-29,2024,11,Kalutara,Western,Outdoor,Foldable Chair,C02500,9,146638.57,1
T2024110001848,2024-11-05,2024,11,Galle,Southern,Office,Document Scanner,C03797,5,146078.24,1
T2024110001849,2024-11-03,2024,11,Kegalle,Sabaragamuwa,Outdoor,Portable Fan,C01027,4,69197.65,1
T2024110001850,2024-11-07,2024,11,Matara,Southern,Accessories,Power Adapter,C04445,5,25825.25,1
T2024110001851,2024-11-04,2024,11,Mullaitivu,Northern,Lifestyle,Desk Organizer,C03566,4,42154.44,1
T2024110001852,2024-11-05,2024,11,Colombo,Western,Electronics,Smart Display,C03199,11,533147.42,1
T2024110001853,2024-11-04,2024,11,Kalutara,Western,Accessories,USB Cable,C01081,5,24511.97,1
T2024110001854,2024-11-30,2024,11,Kandy,Central,Home,LED Lamp,C03186,8,182542.12,1
T2024110001855,2024-11-26,2024,11,Colombo,Western,Lifestyle,Travel Kit,C02408,15,159051.08,1
T2024110001856,2024-11-26,2024,11,Batticaloa,Eastern,Accessories,USB Cable,C03210,7,29840.93,1
T2024110001857,2024-11-30,2024,11,Kandy,Central,Lifestyle,Travel Kit,C02422,4,41159.1,1
T2024110001858,2024-11-07,2024,11,Trincomalee,Eastern,Lifestyle,Desk Organizer,C04655,4,46930.83,1
T2024110001859,2024-11-01,2024,11,Kurunegala,North Western,Lifestyle,Desk Organizer,C04115,7,72556.61,1
T2024110001860,2024-11-01,2024,11,Matara,Southern,Outdoor,Foldable Chair,C03639,7,113420.89,1
T2024110001861,2024-11-06,2024,11,Batticaloa,Eastern,Home,Air Purifier,C04094,11,229505.52,1
T2024110001862,2024-11-13,2024,11,Nuwara Eliya,Central,Home,Coffee Maker,C02892,8,172252.87,1
T2024110001863,2024-11-23,2024,11,Trincomalee,Eastern,Lifestyle,Fitness Band,C04705,11,119543.99,1
T2024110001864,2024-11-30,2024,11,Galle,Southern,Electronics,Power Hub,C04649,6,245487.27,1
T2024110001865,2024-11-06,2024,11,Kandy,Central,Home,Coffee Maker,C04921,4,85906.8,1
T2024110001866,2024-11-12,2024,11,Mullaitivu,Northern,Outdoor,Camping Light,C04125,2,30680.15,1
T2024110001867,2024-11-03,2024,11,Colombo,Western,Office,Laser Printer,C03052,7,215511.21,1
T2024110001868,2024-11-08,2024,11,Matale,Central,Outdoor,Foldable Chair,C02524,6,92571.82,1
T2024110001869,2024-11-10,2024,11,Kandy,Central,Electronics,Smart Display,C02442,8,389597.3,1
T2024110001870,2024-11-03,2024,11,Kandy,Central,Outdoor,Cooler Box,C01632,10,154837.77,1
T2024120001871,2024-12-05,2024,12,Kilinochchi,Northern,Outdoor,Foldable Chair,C02466,7,108512.3,1
T2024120001872,2024-12-17,2024,12,Nuwara Eliya,Central,Electronics,Wireless Router,C01170,7,265039.85,1
T2024120001873,2024-12-28,2024,12,Kalutara,Western,Lifestyle,Travel Kit,C02982,8,86520.35,1
T2024120001874,2024-12-06,2024,12,Hambantota,Southern,Lifestyle,Fitness Band,C03034,9,109063.88,1
T2024120001875,2024-12-17,2024,12,Kegalle,Sabaragamuwa,Electronics,Wireless Router,C04775,11,464157.79,1
T2024120001876,2024-12-26,2024,12,Mannar,Northern,Office,Document Scanner,C03900,8,256510.8,1
T2024120001877,2024-12-17,2024,12,Kurunegala,North Western,Lifestyle,Desk Organizer,C02368,12,126563.05,1
T2024120001878,2024-12-04,2024,12,Kalutara,Western,Office,Monitor Stand,C03445,8,240192.79,1
T2024120001879,2024-12-25,2024,12,Matale,Central,Electronics,Power Hub,C02628,2,82639.37,1
T2024120001880,2024-12-13,2024,12,Matara,Southern,Office,Office Chair,C03474,5,141242.21,1
T2024120001881,2024-12-23,2024,12,Monaragala,Uva,Home,Storage Set,C04821,7,156141.39,1
T2024120001882,2024-12-29,2024,12,Gampaha,Western,Accessories,Phone Stand,C02193,9,40403.85,1
T2024120001883,2024-12-03,2024,12,Colombo,Western,Lifestyle,Desk Organizer,C04551,8,84286.95,1
T2024120001884,2024-12-12,2024,12,Mannar,Northern,Electronics,Power Hub,C01556,5,188585.15,1
T2024120001885,2024-12-02,2024,12,Kalutara,Western,Accessories,Phone Stand,C03209,2,8499.34,1
T2024120001886,2024-12-12,2024,12,Galle,Southern,Lifestyle,Water Bottle,C04771,8,87550.33,1
T2024120001887,2024-12-14,2024,12,Anuradhapura,North Central,Lifestyle,Desk Organizer,C04994,10,94958.95,1
T2024120001888,2024-12-30,2024,12,Kurunegala,North Western,Lifestyle,Fitness Band,C02257,11,115544.57,1
T2024120001889,2024-12-25,2024,12,Kurunegala,North Western,Office,Office Chair,C02165,13,362645.46,1
T2024120001890,2024-12-01,2024,12,Kandy,Central,Electronics,Smart Display,C03482,14,544987.93,1
T2024120001891,2024-12-18,2024,12,Kalutara,Western,Outdoor,Cooler Box,C04498,8,144365.34,1
T2024120001892,2024-12-24,2024,12,Colombo,Western,Electronics,Smart Display,C03176,7,281137.06,1
T2024120001893,2024-12-03,2024,12,Monaragala,Uva,Electronics,Power Hub,C01936,9,398670.53,1
T2024120001894,2024-12-19,2024,12,Batticaloa,Eastern,Accessories,Mouse Pad,C03115,8,41421.7,1
T2024120001895,2024-12-26,2024,12,Batticaloa,Eastern,Home,LED Lamp,C03286,8,184608.33,1
T2024120001896,2024-12-31,2024,12,Anuradhapura,North Central,Lifestyle,Water Bottle,C03689,7,76334.45,1
T2024120001897,2024-12-27,2024,12,Colombo,Western,Office,Monitor Stand,C01873,4,122256.11,1
T2024120001898,2024-12-23,2024,12,Badulla,Uva,Home,LED Lamp,C01808,7,139834.62,1
T2024120001899,2024-12-06,2024,12,Matara,Southern,Home,Air Purifier,C02987,8,201756.32,1
T2024120001900,2024-12-13,2024,12,Puttalam,North Western,Accessories,USB Cable,C04569,11,47546.59,1
T2024120001901,2024-12-10,2024,12,Kegalle,Sabaragamuwa,Home,Coffee Maker,C01969,5,111456.06,1
T2024120001902,2024-12-14,2024,12,Ratnapura,Sabaragamuwa,Home,LED Lamp,C04321,12,228157.84,1
T2024120001903,2024-12-28,2024,12,Anuradhapura,North Central,Home,Coffee Maker,C04088,3,59104.76,1
T2024120001904,2024-12-02,2024,12,Gampaha,Western,Lifestyle,Fitness Band,C02245,1,10775.65,1
T2024120001905,2024-12-02,2024,12,Matale,Central,Outdoor,Foldable Chair,C01717,4,63789.39,1
T2024120001906,2024-12-27,2024,12,Colombo,Western,Lifestyle,Fitness Band,C01002,13,155264.07,1
T2024120001907,2024-12-20,2024,12,Anuradhapura,North Central,Lifestyle,Water Bottle,C03388,11,105354.03,1
T2024120001908,2024-12-21,2024,12,Kandy,Central,Electronics,Wireless Router,C02290,10,407570.05,1
T2024120001909,2024-12-28,2024,12,Batticaloa,Eastern,Office,Laser Printer,C04223,5,141799.74,1
T2024120001910,2024-12-21,2024,12,Anuradhapura,North Central,Home,Coffee Maker,C03406,9,187051.43,1
T2024120001911,2024-12-08,2024,12,Puttalam,North Western,Outdoor,Foldable Chair,C02725,7,121612.47,1
T2024120001912,2024-12-04,2024,12,Colombo,Western,Lifestyle,Fitness Band,C02210,17,184670.89,1
T2024120001913,2024-12-23,2024,12,Kandy,Central,Home,Coffee Maker,C02960,7,136844.39,1
T2024120001914,2024-12-21,2024,12,Kurunegala,North Western,Home,LED Lamp,C04877,2,39303.91,1
T2024120001915,2024-12-06,2024,12,Nuwara Eliya,Central,Electronics,Wireless Router,C04192,11,443325.02,1
T2024120001916,2024-12-27,2024,12,Puttalam,North Western,Outdoor,Portable Fan,C02089,5,87057.79,1
T2024120001917,2024-12-28,2024,12,Ampara,Eastern,Accessories,Phone Stand,C01061,11,56509.9,1
T2024120001918,2024-12-02,2024,12,Gampaha,Western,Outdoor,Foldable Chair,C02214,12,178466.51,1
T2024120001919,2024-12-14,2024,12,Jaffna,Northern,Home,LED Lamp,C02479,2,37553.65,1
T2024120001920,2024-12-01,2024,12,Kurunegala,North Western,Outdoor,Foldable Chair,C03763,3,48633.52,1
T2024120001921,2024-12-29,2024,12,Kalutara,Western,Electronics,Wireless Router,C04201,7,280824.42,1
T2024120001922,2024-12-31,2024,12,Kalutara,Western,Outdoor,Camping Light,C04727,10,154628.88,1
T2024120001923,2024-12-01,2024,12,Kegalle,Sabaragamuwa,Lifestyle,Water Bottle,C03725,6,70796.45,1
T2024120001924,2024-12-30,2024,12,Hambantota,Southern,Outdoor,Portable Fan,C02892,5,80588.99,1
T2024120001925,2024-12-22,2024,12,Kandy,Central,Accessories,USB Cable,C02880,13,58727.29,1
T2024120001926,2024-12-08,2024,12,Colombo,Western,Electronics,Sound Bar,C04681,6,260248.85,1
T2024120001927,2024-12-17,2024,12,Anuradhapura,North Central,Home,Storage Set,C01134,12,265083.07,1
T2024120001928,2024-12-18,2024,12,Puttalam,North Western,Office,Document Scanner,C02749,9,276552.68,1
T2024120001929,2024-12-06,2024,12,Polonnaruwa,North Central,Accessories,Mouse Pad,C03692,7,30586.3,1
T2024120001930,2024-12-04,2024,12,Colombo,Western,Office,Document Scanner,C01170,3,101816.37,1
T2024120001931,2024-12-06,2024,12,Kalutara,Western,Home,Coffee Maker,C04405,13,258336.18,1
T2024120001932,2024-12-18,2024,12,Galle,Southern,Outdoor,Foldable Chair,C03536,9,154264.64,1
T2024120001933,2024-12-03,2024,12,Kegalle,Sabaragamuwa,Outdoor,Camping Light,C02963,11,188898.21,1
T2024120001934,2024-12-04,2024,12,Kegalle,Sabaragamuwa,Electronics,Power Hub,C03766,7,295503.52,1
T2024120001935,2024-12-12,2024,12,Hambantota,Southern,Electronics,Wireless Router,C01683,11,432591.98,1
T2024120001936,2024-12-30,2024,12,Anuradhapura,North Central,Lifestyle,Water Bottle,C01150,13,159157.84,1
T2024120001937,2024-12-17,2024,12,Kegalle,Sabaragamuwa,Electronics,Wireless Router,C02314,11,450265.85,1
T2024120001938,2024-12-11,2024,12,Kegalle,Sabaragamuwa,Outdoor,Foldable Chair,C01245,12,201749.13,1
T2024120001939,2024-12-06,2024,12,Gampaha,Western,Lifestyle,Desk Organizer,C02740,4,44823.51,1
T2024120001940,2024-12-18,2024,12,Kurunegala,North Western,Electronics,Sound Bar,C05050,10,404619.93,1
T2024120001941,2024-12-01,2024,12,Kalutara,Western,Electronics,Power Hub,C02541,8,296940.14,1
T2024120001942,2024-12-28,2024,12,Ampara,Eastern,Home,Air Purifier,C03582,7,148006.86,1
T2024120001943,2024-12-16,2024,12,Mullaitivu,Northern,Lifestyle,Fitness Band,C02113,7,86385.74,1
T2024120001944,2024-12-10,2024,12,Gampaha,Western,Outdoor,Foldable Chair,C03016,7,118007.9,1
T2024120001945,2024-12-23,2024,12,Polonnaruwa,North Central,Electronics,Wireless Router,C02122,5,204044.44,1
T2024120001946,2024-12-03,2024,12,Kandy,Central,Outdoor,Camping Light,C03981,7,116384.78,1
T2024120001947,2024-12-23,2024,12,Colombo,Western,Accessories,Power Adapter,C02514,3,12883.85,1
T2024120001948,2024-12-04,2024,12,Batticaloa,Eastern,Outdoor,Foldable Chair,C01929,15,256195.01,1
T2024120001949,2024-12-08,2024,12,Badulla,Uva,Electronics,Sound Bar,C01646,2,75453.71,1
T2024120001950,2024-12-30,2024,12,Kurunegala,North Western,Accessories,USB Cable,C03435,8,35748.29,1
T2024120001951,2024-12-22,2024,12,Kurunegala,North Western,Electronics,Power Hub,C01762,5,220544.81,1
T2024120001952,2024-12-29,2024,12,Colombo,Western,Accessories,USB Cable,C01876,7,34183.33,1
T2024120001953,2024-12-03,2024,12,Galle,Southern,Electronics,Sound Bar,C03029,5,183220.03,1
T2024120001954,2024-12-07,2024,12,Kurunegala,North Western,Electronics,Smart Display,C04853,10,383115.37,1
T2024120001955,2024-12-16,2024,12,Kandy,Central,Home,Coffee Maker,C02537,8,153619.36,1
T2024120001956,2024-12-05,2024,12,Batticaloa,Eastern,Home,Coffee Maker,C03821,6,122009.35,1
T2024120001957,2024-12-09,2024,12,Matale,Central,Home,Air Purifier,C04443,9,206671.07,1
T2024120001958,2024-12-19,2024,12,Galle,Southern,Electronics,Wireless Router,C02051,4,176300.46,1
T2024120001959,2024-12-08,2024,12,Kegalle,Sabaragamuwa,Home,Air Purifier,C02892,10,229257.54,1
T2024120001960,2024-12-21,2024,12,Gampaha,Western,Electronics,Smart Display,C01024,4,170922.78,1
T2024120001961,2024-12-05,2024,12,Matara,Southern,Home,Storage Set,C02183,10,223322.74,1
T2024120001962,2024-12-22,2024,12,Nuwara Eliya,Central,Home,Coffee Maker,C04633,4,87463.85,1
T2024120001963,2024-12-16,2024,12,Galle,Southern,Electronics,Sound Bar,C05014,14,572814.81,1
T2024120001964,2024-12-24,2024,12,Colombo,Western,Lifestyle,Fitness Band,C01489,7,75030.52,1
T2024120001965,2024-12-06,2024,12,Gampaha,Western,Home,Coffee Maker,C03289,6,110181.24,1
T2024120001966,2024-12-15,2024,12,Colombo,Western,Lifestyle,Water Bottle,C02838,4,48500.91,1
T2024120001967,2024-12-15,2024,12,Kegalle,Sabaragamuwa,Home,Storage Set,C02807,13,247091.65,1
T2024120001968,2024-12-09,2024,12,Ampara,Eastern,Home,LED Lamp,C01900,10,217786.0,1
T2024120001969,2024-12-01,2024,12,Kandy,Central,Office,Monitor Stand,C04308,3,106281.92,1
T2024120001970,2024-12-21,2024,12,Kandy,Central,Home,LED Lamp,C02499,7,149605.22,1
T2024120001971,2024-12-01,2024,12,Ratnapura,Sabaragamuwa,Home,Storage Set,C03796,7,137148.63,1
T2024120001972,2024-12-21,2024,12,Kurunegala,North Western,Lifestyle,Water Bottle,C02635,6,68099.04,1
T2024120001973,2024-12-20,2024,12,Mannar,Northern,Home,Storage Set,C04866,4,81880.59,1
T2024120001974,2024-12-16,2024,12,Polonnaruwa,North Central,Home,LED Lamp,C03732,4,95338.23,1
T2024120001975,2024-12-14,2024,12,Trincomalee,Eastern,Electronics,Sound Bar,C02895,12,456172.77,1
T2024120001976,2024-12-23,2024,12,Kilinochchi,Northern,Office,Laser Printer,C04615,4,132846.67,1
T2024120001977,2024-12-04,2024,12,Galle,Southern,Electronics,Smart Display,C04352,16,710468.23,1
T2024120001978,2024-12-03,2024,12,Badulla,Uva,Electronics,Sound Bar,C01974,11,460206.33,1
T2024120001979,2024-12-16,2024,12,Kurunegala,North Western,Accessories,Phone Stand,C01362,9,44682.71,1
T2024120001980,2024-12-29,2024,12,Ratnapura,Sabaragamuwa,Lifestyle,Travel Kit,C04374,5,48084.08,1
T2024120001981,2024-12-23,2024,12,Kandy,Central,Lifestyle,Fitness Band,C04499,6,63405.61,1
T2024120001982,2024-12-22,2024,12,Mannar,Northern,Electronics,Smart Display,C01175,5,206247.41,1
T2024120001983,2024-12-27,2024,12,Kandy,Central,Electronics,Sound Bar,C02605,4,149497.34,1
T2024120001984,2024-12-04,2024,12,Colombo,Western,Lifestyle,Travel Kit,C01258,10,120312.12,1
T2024120001985,2024-12-05,2024,12,Batticaloa,Eastern,Outdoor,Foldable Chair,C04538,9,157399.11,1
T2024120001986,2024-12-18,2024,12,Hambantota,Southern,Electronics,Wireless Router,C01288,4,174638.56,1
T2024120001987,2024-12-05,2024,12,Gampaha,Western,Outdoor,Cooler Box,C01600,6,99323.67,1
T2024120001988,2024-12-06,2024,12,Kandy,Central,Lifestyle,Water Bottle,C04712,11,118580.54,1
T2024120001989,2024-12-09,2024,12,Kalutara,Western,Lifestyle,Travel Kit,C04647,5,58737.43,1
T2024120001990,2024-12-28,2024,12,Kalutara,Western,Home,Storage Set,C01746,8,180907.34,1
T2024120001991,2024-12-13,2024,12,Monaragala,Uva,Electronics,Smart Display,C04927,13,587640.64,1
T2024120001992,2024-12-08,2024,12,Colombo,Western,Electronics,Sound Bar,C02036,13,527759.48,1
T2024120001993,2024-12-17,2024,12,Kilinochchi,Northern,Electronics,Smart Display,C03779,7,291672.22,1
T2024120001994,2024-12-16,2024,12,Mannar,Northern,Outdoor,Camping Light,C04504,12,183088.8,1
T2024120001995,2024-12-03,2024,12,Trincomalee,Eastern,Electronics,Sound Bar,C04624,6,264061.37,1
T2024120001996,2024-12-28,2024,12,Kurunegala,North Western,Home,LED Lamp,C03264,5,97351.5,1
T2024120001997,2024-12-03,2024,12,Puttalam,North Western,Outdoor,Camping Light,C01249,5,80822.33,1
T2024120001998,2024-12-15,2024,12,Colombo,Western,Office,Document Scanner,C01805,11,357100.46,1
T2024120001999,2024-12-12,2024,12,Colombo,Western,Office,Laser Printer,C02227,5,158378.78,1
T2024120002000,2024-12-03,2024,12,Ampara,Eastern,Outdoor,Foldable Chair,C02305,7,98924.35,1
T2024120002001,2024-12-06,2024,12,Kilinochchi,Northern,Home,Air Purifier,C02234,11,221820.46,1
T2024120002002,2024-12-17,2024,12,Puttalam,North Western,Home,Storage Set,C01331,6,107297.42,1
T2024120002003,2024-12-12,2024,12,Colombo,Western,Office,Office Chair,C04096,9,250158.58,1
T2024120002004,2024-12-08,2024,12,Kandy,Central,Electronics,Power Hub,C02008,6,251361.02,1
T2024120002005,2024-12-10,2024,12,Kandy,Central,Home,Air Purifier,C04000,11,255001.43,1
T2024120002006,2024-12-02,2024,12,Kurunegala,North Western,Lifestyle,Fitness Band,C04849,6,59794.88,1
T2024120002007,2024-12-25,2024,12,Polonnaruwa,North Central,Lifestyle,Water Bottle,C01140,8,87013.03,1
T2024120002008,2024-12-30,2024,12,Kalutara,Western,Electronics,Wireless Router,C01385,3,115242.11,1
T2024120002009,2024-12-21,2024,12,Gampaha,Western,Lifestyle,Fitness Band,C03144,10,127562.96,1
T2024120002010,2024-12-13,2024,12,Kilinochchi,Northern,Lifestyle,Travel Kit,C02589,10,107005.9,1
T2024120002011,2024-12-23,2024,12,Galle,Southern,Home,Air Purifier,C02160,6,140328.47,1
T2024120002012,2024-12-10,2024,12,Jaffna,Northern,Office,Monitor Stand,C04340,4,115570.85,1
T2024120002013,2024-12-04,2024,12,Kurunegala,North Western,Electronics,Power Hub,C02753,5,226778.3,1
T2024120002014,2024-12-31,2024,12,Hambantota,Southern,Electronics,Power Hub,C03389,16,647768.52,1
T2024120002015,2024-12-06,2024,12,Ratnapura,Sabaragamuwa,Home,Coffee Maker,C01347,6,118701.97,1
T2024120002016,2024-12-31,2024,12,Nuwara Eliya,Central,Office,Monitor Stand,C02571,12,405934.21,1
T2024120002017,2024-12-17,2024,12,Hambantota,Southern,Home,Coffee Maker,C03381,8,170461.02,1
T2024120002018,2024-12-12,2024,12,Monaragala,Uva,Electronics,Sound Bar,C01893,5,205170.12,1
T2024120002019,2024-12-15,2024,12,Kalutara,Western,Accessories,Power Adapter,C02100,8,39824.92,1
T2024120002020,2024-12-08,2024,12,Colombo,Western,Office,Laser Printer,C03387,4,120798.48,1
T2024120002021,2024-12-13,2024,12,Kalutara,Western,Lifestyle,Water Bottle,C02001,10,122487.37,1
T2024120002022,2024-12-24,2024,12,Colombo,Western,Office,Document Scanner,C04822,12,365592.48,1
T2024120002023,2024-12-16,2024,12,Batticaloa,Eastern,Electronics,Smart Display,C02622,4,172237.66,1
T2024120002024,2024-12-24,2024,12,Kegalle,Sabaragamuwa,Electronics,Power Hub,C01285,3,107328.64,1
T2024120002025,2024-12-04,2024,12,Puttalam,North Western,Lifestyle,Water Bottle,C04190,7,76364.54,1
T2024120002026,2024-12-30,2024,12,Puttalam,North Western,Office,Laser Printer,C01088,4,137868.83,1
T2024120002027,2024-12-18,2024,12,Vavuniya,Northern,Home,Storage Set,C01918,3,66400.45,1
T2024120002028,2024-12-09,2024,12,Kandy,Central,Home,Storage Set,C05075,10,213437.62,1
T2024120002029,2024-12-29,2024,12,Gampaha,Western,Office,Document Scanner,C01026,8,241460.56,1
T2024120002030,2024-12-10,2024,12,Batticaloa,Eastern,Home,Air Purifier,C01625,8,180460.01,1
T2024120002031,2024-12-08,2024,12,Ampara,Eastern,Lifestyle,Fitness Band,C03395,4,44838.95,1
T2024120002032,2024-12-06,2024,12,Anuradhapura,North Central,Lifestyle,Desk Organizer,C02596,11,114543.39,1
T2024120002033,2024-12-15,2024,12,Batticaloa,Eastern,Lifestyle,Fitness Band,C02968,5,55378.8,1
T2024120002034,2024-12-17,2024,12,Colombo,Western,Accessories,Power Adapter,C02066,7,38883.86,1
T2024120002035,2024-12-16,2024,12,Anuradhapura,North Central,Office,Monitor Stand,C02947,14,444057.64,1
T2024120002036,2024-12-25,2024,12,Jaffna,Northern,Electronics,Sound Bar,C04495,12,550969.59,1
T2024120002037,2024-12-13,2024,12,Badulla,Uva,Electronics,Sound Bar,C03960,6,262584.39,1
T2024120002038,2024-12-31,2024,12,Galle,Southern,Office,Laser Printer,C03625,10,288231.91,1
T2024120002039,2024-12-02,2024,12,Puttalam,North Western,Home,Coffee Maker,C03915,11,234114.1,1
T2024120002040,2024-12-25,2024,12,Matara,Southern,Electronics,Power Hub,C04478,8,342327.16,1
T2025010002041,2025-01-24,2025,1,Kalutara,Western,Lifestyle,Water Bottle,C03379,15,143841.33,1
T2025010002042,2025-01-11,2025,1,Badulla,Uva,Electronics,Power Hub,C02590,5,183910.52,1
T2025010002043,2025-01-07,2025,1,Kurunegala,North Western,Lifestyle,Desk Organizer,C01378,4,41973.7,1
T2025010002044,2025-01-20,2025,1,Colombo,Western,Office,Document Scanner,C01148,11,316080.51,1
T2025010002045,2025-01-19,2025,1,Vavuniya,Northern,Electronics,Wireless Router,C03341,4,136589.32,1
T2025010002046,2025-01-25,2025,1,Kegalle,Sabaragamuwa,Lifestyle,Travel Kit,C04301,8,83295.04,1
T2025010002047,2025-01-27,2025,1,Puttalam,North Western,Lifestyle,Desk Organizer,C03429,8,81215.95,1
T2025010002048,2025-01-29,2025,1,Kurunegala,North Western,Office,Document Scanner,C01735,7,189677.95,1
T2025010002049,2025-01-11,2025,1,Vavuniya,Northern,Office,Office Chair,C02204,8,212843.62,1
T2025010002050,2025-01-29,2025,1,Badulla,Uva,Lifestyle,Travel Kit,C02435,4,39389.93,1
T2025010002051,2025-01-19,2025,1,Matale,Central,Electronics,Power Hub,C04312,8,334494.32,1
T2025010002052,2025-01-13,2025,1,Batticaloa,Eastern,Electronics,Power Hub,C02270,9,340359.02,1
T2025010002053,2025-01-24,2025,1,Kegalle,Sabaragamuwa,Electronics,Power Hub,C02425,4,159632.35,1
T2025010002054,2025-01-29,2025,1,Jaffna,Northern,Electronics,Wireless Router,C02999,14,476804.09,1
T2025010002055,2025-01-29,2025,1,Kurunegala,North Western,Outdoor,Foldable Chair,C01026,5,76588.54,1
T2025010002056,2025-01-01,2025,1,Kegalle,Sabaragamuwa,Accessories,Mouse Pad,C03797,8,39005.96,1
T2025010002057,2025-01-22,2025,1,Galle,Southern,Outdoor,Cooler Box,C04557,5,78842.81,1
T2025010002058,2025-01-01,2025,1,Vavuniya,Northern,Home,Air Purifier,C02775,8,184324.02,1
T2025010002059,2025-01-26,2025,1,Trincomalee,Eastern,Office,Office Chair,C02559,7,215224.12,1
T2025010002060,2025-01-18,2025,1,Kandy,Central,Electronics,Wireless Router,C04266,4,158884.78,1
T2025010002061,2025-01-27,2025,1,Polonnaruwa,North Central,Home,Air Purifier,C01242,14,294803.79,1
T2025010002062,2025-01-30,2025,1,Colombo,Western,Office,Document Scanner,C04201,12,338544.71,1
T2025010002063,2025-01-03,2025,1,Gampaha,Western,Accessories,Mouse Pad,C02656,3,12266.45,1
T2025010002064,2025-01-31,2025,1,Nuwara Eliya,Central,Accessories,USB Cable,C01393,3,12838.94,1
T2025010002065,2025-01-02,2025,1,Ampara,Eastern,Electronics,Smart Display,C03633,7,290654.9,1
T2025010002066,2025-01-21,2025,1,Kalutara,Western,Lifestyle,Desk Organizer,C04369,4,44410.75,1
T2025010002067,2025-01-15,2025,1,Batticaloa,Eastern,Home,Storage Set,C04610,8,159055.45,1
T2025010002068,2025-01-25,2025,1,Kurunegala,North Western,Lifestyle,Travel Kit,C04304,12,123555.28,1
T2025010002069,2025-01-24,2025,1,Gampaha,Western,Electronics,Smart Display,C05032,8,331546.25,1
T2025010002070,2025-01-01,2025,1,Ratnapura,Sabaragamuwa,Accessories,USB Cable,C03159,6,25656.59,1
T2025010002071,2025-01-15,2025,1,Kandy,Central,Accessories,Phone Stand,C02661,4,19648.91,1
T2025010002072,2025-01-30,2025,1,Galle,Southern,Accessories,Phone Stand,C03825,15,58369.75,1
T2025010002073,2025-01-22,2025,1,Ratnapura,Sabaragamuwa,Lifestyle,Travel Kit,C02346,3,33092.11,1
T2025010002074,2025-01-27,2025,1,Galle,Southern,Electronics,Power Hub,C02950,7,285839.71,1
T2025010002075,2025-01-04,2025,1,Hambantota,Southern,Lifestyle,Water Bottle,C04081,4,39248.74,1
T2025010002076,2025-01-28,2025,1,Matale,Central,Home,Air Purifier,C02382,8,147912.12,1
T2025010002077,2025-01-09,2025,1,Matale,Central,Electronics,Smart Display,C04533,5,182617.03,1
T2025010002078,2025-01-16,2025,1,Kalutara,Western,Home,Air Purifier,C04264,7,156938.83,1
T2025010002079,2025-01-03,2025,1,Kurunegala,North Western,Lifestyle,Travel Kit,C02530,1,9993.28,1
T2025010002080,2025-01-21,2025,1,Badulla,Uva,Accessories,Phone Stand,C01839,4,17644.71,1
T2025010002081,2025-01-08,2025,1,Kalutara,Western,Lifestyle,Desk Organizer,C04588,10,114173.0,1
T2025010002082,2025-01-18,2025,1,Badulla,Uva,Lifestyle,Fitness Band,C02452,9,93259.36,1
T2025010002083,2025-01-16,2025,1,Nuwara Eliya,Central,Lifestyle,Desk Organizer,C01188,11,114919.29,1
T2025010002084,2025-01-16,2025,1,Galle,Southern,Accessories,USB Cable,C04716,9,38695.1,1
T2025010002085,2025-01-12,2025,1,Kandy,Central,Home,LED Lamp,C01127,10,194207.26,1
T2025010002086,2025-01-21,2025,1,Colombo,Western,Outdoor,Cooler Box,C02835,6,100269.76,1
T2025010002087,2025-01-25,2025,1,Kegalle,Sabaragamuwa,Office,Monitor Stand,C01122,5,167493.13,1
T2025010002088,2025-01-17,2025,1,Trincomalee,Eastern,Home,LED Lamp,C01597,9,200750.5,1
T2025010002089,2025-01-25,2025,1,Kegalle,Sabaragamuwa,Electronics,Power Hub,C04742,8,266076.23,1
T2025010002090,2025-01-20,2025,1,Kilinochchi,Northern,Office,Office Chair,C04523,8,212571.66,1
T2025010002091,2025-01-28,2025,1,Badulla,Uva,Accessories,Phone Stand,C01310,5,19110.03,1
T2025010002092,2025-01-17,2025,1,Trincomalee,Eastern,Electronics,Power Hub,C03055,15,603555.74,1
T2025010002093,2025-01-10,2025,1,Badulla,Uva,Home,Air Purifier,C01689,5,102034.77,1
T2025010002094,2025-01-03,2025,1,Matara,Southern,Outdoor,Camping Light,C04616,6,80260.07,1
T2025010002095,2025-01-01,2025,1,Galle,Southern,Home,LED Lamp,C02530,14,268044.69,1
T2025010002096,2025-01-16,2025,1,Puttalam,North Western,Accessories,USB Cable,C04780,8,33975.21,1
T2025010002097,2025-01-23,2025,1,Gampaha,Western,Office,Document Scanner,C05074,12,393634.43,1
T2025010002098,2025-01-26,2025,1,Matale,Central,Lifestyle,Desk Organizer,C01313,9,85794.95,1
T2025010002099,2025-01-02,2025,1,Colombo,Western,Office,Office Chair,C04021,9,294939.52,1
T2025010002100,2025-01-19,2025,1,Kurunegala,North Western,Home,Coffee Maker,C04741,2,41422.99,1
T2025010002101,2025-01-09,2025,1,Kandy,Central,Lifestyle,Water Bottle,C04069,5,56094.08,1
T2025010002102,2025-01-27,2025,1,Hambantota,Southern,Home,LED Lamp,C03892,11,209708.72,1
T2025010002103,2025-01-27,2025,1,Batticaloa,Eastern,Electronics,Wireless Router,C04207,12,510253.41,1
T2025010002104,2025-01-13,2025,1,Kilinochchi,Northern,Accessories,USB Cable,C03787,4,16297.46,1
T2025010002105,2025-01-30,2025,1,Kalutara,Western,Outdoor,Portable Fan,C02458,14,196485.27,1
T2025010002106,2025-01-11,2025,1,Kalutara,Western,Accessories,Phone Stand,C02821,7,33321.79,1
T2025010002107,2025-01-12,2025,1,Gampaha,Western,Outdoor,Camping Light,C04205,6,100808.87,1
T2025010002108,2025-01-20,2025,1,Jaffna,Northern,Accessories,Power Adapter,C01129,5,22365.58,1
T2025010002109,2025-01-21,2025,1,Anuradhapura,North Central,Electronics,Sound Bar,C03512,8,320080.39,1
T2025010002110,2025-01-20,2025,1,Anuradhapura,North Central,Electronics,Smart Display,C04943,7,247231.13,1
T2025010002111,2025-01-26,2025,1,Anuradhapura,North Central,Home,LED Lamp,C03205,2,42862.49,1
T2025010002112,2025-01-04,2025,1,Galle,Southern,Electronics,Wireless Router,C04717,5,193376.69,1
T2025010002113,2025-01-16,2025,1,Kalutara,Western,Electronics,Sound Bar,C04437,10,441270.16,1
T2025010002114,2025-01-01,2025,1,Kandy,Central,Lifestyle,Water Bottle,C01376,15,150503.5,1
T2025010002115,2025-01-31,2025,1,Trincomalee,Eastern,Office,Laser Printer,C03323,10,267255.61,1
T2025010002116,2025-01-18,2025,1,Kalutara,Western,Home,Air Purifier,C04874,3,66685.03,1
T2025010002117,2025-01-08,2025,1,Kurunegala,North Western,Electronics,Wireless Router,C02064,12,470457.07,1
T2025010002118,2025-01-14,2025,1,Galle,Southern,Accessories,Power Adapter,C04508,2,8182.44,1
T2025010002119,2025-01-09,2025,1,Jaffna,Northern,Outdoor,Portable Fan,C04623,5,68879.13,1
T2025010002120,2025-01-24,2025,1,Kurunegala,North Western,Lifestyle,Water Bottle,C03782,8,92192.66,1
T2025010002121,2025-01-17,2025,1,Puttalam,North Western,Outdoor,Foldable Chair,C02457,3,51577.08,1
T2025010002122,2025-01-01,2025,1,Kegalle,Sabaragamuwa,Outdoor,Portable Fan,C03723,4,67312.14,1
T2025010002123,2025-01-19,2025,1,Colombo,Western,Outdoor,Foldable Chair,C02881,9,133729.87,1
T2025010002124,2025-01-28,2025,1,Gampaha,Western,Outdoor,Camping Light,C03671,5,73132.34,1
T2025010002125,2025-01-18,2025,1,Nuwara Eliya,Central,Electronics,Sound Bar,C04488,10,405225.23,1
T2025010002126,2025-01-19,2025,1,Matale,Central,Outdoor,Portable Fan,C04161,8,128347.12,1
T2025010002127,2025-01-15,2025,1,Jaffna,Northern,Outdoor,Cooler Box,C04466,13,209531.35,1
T2025010002128,2025-01-12,2025,1,Ampara,Eastern,Electronics,Smart Display,C02063,12,553797.63,1
T2025010002129,2025-01-26,2025,1,Ratnapura,Sabaragamuwa,Home,Air Purifier,C02790,11,248211.95,1
T2025010002130,2025-01-07,2025,1,Kurunegala,North Western,Electronics,Smart Display,C02035,8,368856.11,1
T2025010002131,2025-01-24,2025,1,Batticaloa,Eastern,Office,Laser Printer,C04090,1,27018.62,1
T2025010002132,2025-01-12,2025,1,Matara,Southern,Lifestyle,Travel Kit,C04795,2,19003.22,1
T2025010002133,2025-01-26,2025,1,Galle,Southern,Office,Document Scanner,C02450,4,111287.38,1
T2025010002134,2025-01-16,2025,1,Matale,Central,Outdoor,Foldable Chair,C03177,4,53202.37,1
T2025010002135,2025-01-13,2025,1,Ratnapura,Sabaragamuwa,Home,Air Purifier,C04716,13,283941.34,1
T2025010002136,2025-01-31,2025,1,Galle,Southern,Lifestyle,Travel Kit,C04601,3,32146.3,1
T2025010002137,2025-01-30,2025,1,Matara,Southern,Electronics,Power Hub,C02780,8,320698.53,1
T2025010002138,2025-01-06,2025,1,Ratnapura,Sabaragamuwa,Accessories,Power Adapter,C02490,4,18702.61,1
T2025010002139,2025-01-24,2025,1,Kalutara,Western,Home,LED Lamp,C01826,6,108186.31,1
T2025010002140,2025-01-29,2025,1,Colombo,Western,Home,LED Lamp,C02938,4,84978.65,1
T2025010002141,2025-01-18,2025,1,Puttalam,North Western,Outdoor,Cooler Box,C03624,14,207740.72,1
T2025010002142,2025-01-06,2025,1,Hambantota,Southern,Office,Document Scanner,C02793,11,317777.55,1
T2025010002143,2025-01-20,2025,1,Vavuniya,Northern,Home,Coffee Maker,C05081,10,177319.74,1
T2025010002144,2025-01-06,2025,1,Batticaloa,Eastern,Outdoor,Portable Fan,C01023,8,120962.99,1
T2025010002145,2025-01-24,2025,1,Colombo,Western,Home,Storage Set,C05078,3,60916.35,1
T2025010002146,2025-01-05,2025,1,Gampaha,Western,Accessories,Phone Stand,C02071,2,9888.53,1
T2025010002147,2025-01-06,2025,1,Gampaha,Western,Home,Air Purifier,C02544,2,36855.02,1
T2025010002148,2025-01-12,2025,1,Hambantota,Southern,Outdoor,Portable Fan,C04592,9,142220.99,1
T2025010002149,2025-01-30,2025,1,Ampara,Eastern,Home,LED Lamp,C04231,3,65596.42,1
T2025010002150,2025-01-30,2025,1,Kalutara,Western,Home,Coffee Maker,C02936,6,102188.01,1
T2025010002151,2025-01-03,2025,1,Polonnaruwa,North Central,Lifestyle,Fitness Band,C04771,5,57146.86,1
T2025010002152,2025-01-25,2025,1,Badulla,Uva,Lifestyle,Fitness Band,C01188,4,40370.39,1
T2025010002153,2025-01-07,2025,1,Kurunegala,North Western,Office,Laser Printer,C03481,7,201499.13,1
T2025010002154,2025-01-19,2025,1,Kalutara,Western,Office,Office Chair,C01041,6,176856.01,1
T2025010002155,2025-01-13,2025,1,Trincomalee,Eastern,Lifestyle,Fitness Band,C02190,2,19538.25,1
T2025010002156,2025-01-15,2025,1,Gampaha,Western,Electronics,Power Hub,C04360,10,381395.44,1
T2025010002157,2025-01-04,2025,1,Batticaloa,Eastern,Outdoor,Camping Light,C01950,6,84002.02,1
T2025010002158,2025-01-05,2025,1,Colombo,Western,Office,Laser Printer,C04658,10,296989.18,1
T2025010002159,2025-01-02,2025,1,Puttalam,North Western,Accessories,Phone Stand,C02754,5,20491.61,1
T2025010002160,2025-01-21,2025,1,Nuwara Eliya,Central,Lifestyle,Travel Kit,C04731,12,127184.02,1
T2025010002161,2025-01-04,2025,1,Gampaha,Western,Outdoor,Foldable Chair,C02443,3,39820.6,1
T2025010002162,2025-01-28,2025,1,Trincomalee,Eastern,Office,Office Chair,C03762,1,30735.09,1
T2025010002163,2025-01-27,2025,1,Gampaha,Western,Home,LED Lamp,C01141,11,208895.5,1
T2025010002164,2025-01-26,2025,1,Kegalle,Sabaragamuwa,Home,Storage Set,C01541,10,206338.71,1
T2025010002165,2025-01-25,2025,1,Kurunegala,North Western,Lifestyle,Water Bottle,C02051,9,97026.58,1
T2025010002166,2025-01-05,2025,1,Puttalam,North Western,Electronics,Power Hub,C01972,5,191654.72,1
T2025010002167,2025-01-25,2025,1,Mannar,Northern,Lifestyle,Desk Organizer,C03515,13,131456.5,1
T2025010002168,2025-01-05,2025,1,Kandy,Central,Electronics,Sound Bar,C01211,16,668011.61,1
T2025010002169,2025-01-18,2025,1,Gampaha,Western,Office,Document Scanner,C02891,7,181585.23,1
T2025010002170,2025-01-14,2025,1,Batticaloa,Eastern,Lifestyle,Fitness Band,C04533,12,113676.8,1
T2025010002171,2025-01-11,2025,1,Gampaha,Western,Outdoor,Camping Light,C03805,5,86893.1,1
T2025010002172,2025-01-08,2025,1,Kandy,Central,Office,Monitor Stand,C01266,2,52552.05,1
T2025010002173,2025-01-12,2025,1,Monaragala,Uva,Home,Storage Set,C04699,6,119448.14,1
T2025010002174,2025-01-10,2025,1,Colombo,Western,Lifestyle,Water Bottle,C04048,6,60679.92,1
T2025010002175,2025-01-15,2025,1,Kandy,Central,Outdoor,Cooler Box,C03058,6,78972.85,1
T2025010002176,2025-01-07,2025,1,Colombo,Western,Electronics,Smart Display,C01318,2,90827.04,1
T2025010002177,2025-01-25,2025,1,Mannar,Northern,Electronics,Power Hub,C03263,14,533149.55,1
T2025010002178,2025-01-15,2025,1,Jaffna,Northern,Lifestyle,Fitness Band,C04001,3,33020.34,1
T2025010002179,2025-01-07,2025,1,Kegalle,Sabaragamuwa,Office,Document Scanner,C01692,7,207703.48,1
T2025010002180,2025-01-03,2025,1,Kandy,Central,Lifestyle,Travel Kit,C03721,15,167679.67,1
T2025010002181,2025-01-10,2025,1,Galle,Southern,Lifestyle,Water Bottle,C05031,4,42221.07,1
T2025010002182,2025-01-12,2025,1,Kurunegala,North Western,Electronics,Power Hub,C02489,7,274512.88,1
T2025010002183,2025-01-01,2025,1,Matara,Southern,Office,Monitor Stand,C05065,4,119033.41,1
T2025010002184,2025-01-06,2025,1,Kalutara,Western,Office,Office Chair,C04298,11,345276.92,1
T2025010002185,2025-01-27,2025,1,Ratnapura,Sabaragamuwa,Outdoor,Portable Fan,C04579,4,60532.07,1
T2025010002186,2025-01-02,2025,1,Jaffna,Northern,Outdoor,Portable Fan,C01156,2,28188.38,1
T2025010002187,2025-01-25,2025,1,Matara,Southern,Home,Coffee Maker,C01205,3,53195.93,1
T2025010002188,2025-01-02,2025,1,Mullaitivu,Northern,Office,Laser Printer,C03067,2,57587.54,1
T2025010002189,2025-01-19,2025,1,Kandy,Central,Outdoor,Camping Light,C03209,1,14779.07,1
T2025010002190,2025-01-26,2025,1,Matale,Central,Electronics,Wireless Router,C01311,8,305188.7,1
T2025010002191,2025-01-21,2025,1,Anuradhapura,North Central,Accessories,Mouse Pad,C05038,4,15905.98,1
T2025010002192,2025-01-20,2025,1,Mullaitivu,Northern,Office,Document Scanner,C04132,8,219694.39,1
T2025010002193,2025-01-16,2025,1,Monaragala,Uva,Accessories,Phone Stand,C02772,5,19805.86,1
T2025010002194,2025-01-14,2025,1,Vavuniya,Northern,Home,LED Lamp,C03641,4,78817.91,1
T2025010002195,2025-01-26,2025,1,Trincomalee,Eastern,Office,Laser Printer,C04655,1,30719.32,1
T2025010002196,2025-01-07,2025,1,Gampaha,Western,Lifestyle,Travel Kit,C01216,7,71807.13,1
T2025010002197,2025-01-27,2025,1,Polonnaruwa,North Central,Electronics,Power Hub,C01450,4,166520.72,1
T2025010002198,2025-01-28,2025,1,Batticaloa,Eastern,Office,Monitor Stand,C01779,14,464146.67,1
T2025010002199,2025-01-29,2025,1,Kandy,Central,Office,Document Scanner,C02201,3,100241.42,1
T2025010002200,2025-01-27,2025,1,Kurunegala,North Western,Lifestyle,Water Bottle,C01251,11,98970.92,1
T2025010002201,2025-01-06,2025,1,Ratnapura,Sabaragamuwa,Accessories,Power Adapter,C02133,10,44374.81,1
T2025010002202,2025-01-17,2025,1,Jaffna,Northern,Office,Office Chair,C04608,6,182860.58,1
T2025010002203,2025-01-14,2025,1,Kalutara,Western,Outdoor,Foldable Chair,C01384,7,108792.45,1
T2025010002204,2025-01-19,2025,1,Anuradhapura,North Central,Electronics,Sound Bar,C04116,3,123060.94,1
T2025010002205,2025-01-22,2025,1,Puttalam,North Western,Office,Office Chair,C05094,11,310040.98,1
T2025010002206,2025-01-24,2025,1,Mullaitivu,Northern,Lifestyle,Travel Kit,C04796,10,104248.48,1
T2025010002207,2025-01-08,2025,1,Ampara,Eastern,Electronics,Smart Display,C03906,10,403546.22,1
T2025010002208,2025-01-02,2025,1,Puttalam,North Western,Lifestyle,Water Bottle,C04500,7,74847.16,1
T2025010002209,2025-01-24,2025,1,Kalutara,Western,Home,LED Lamp,C03731,6,106152.37,1
T2025010002210,2025-01-10,2025,1,Vavuniya,Northern,Outdoor,Portable Fan,C02489,9,144862.43,1
T2025020002211,2025-02-18,2025,2,Kurunegala,North Western,Home,Storage Set,C04144,5,88887.51,1
T2025020002212,2025-02-03,2025,2,Matara,Southern,Home,Coffee Maker,C02243,6,109573.31,1
T2025020002213,2025-02-27,2025,2,Gampaha,Western,Electronics,Wireless Router,C02992,8,289703.26,1
T2025020002214,2025-02-18,2025,2,Gampaha,Western,Lifestyle,Travel Kit,C03179,6,68140.82,1
T2025020002215,2025-02-13,2025,2,Batticaloa,Eastern,Outdoor,Cooler Box,C03118,7,111433.48,1
T2025020002216,2025-02-20,2025,2,Matara,Southern,Lifestyle,Desk Organizer,C01181,11,108057.19,1
T2025020002217,2025-02-22,2025,2,Kalutara,Western,Outdoor,Cooler Box,C03931,10,156527.96,1
T2025020002218,2025-02-08,2025,2,Kegalle,Sabaragamuwa,Outdoor,Portable Fan,C01885,4,65523.77,1
T2025020002219,2025-02-11,2025,2,Nuwara Eliya,Central,Accessories,USB Cable,C03085,8,32710.51,1
T2025020002220,2025-02-09,2025,2,Puttalam,North Western,Office,Office Chair,C03952,10,293383.11,1
T2025020002221,2025-02-28,2025,2,Gampaha,Western,Electronics,Wireless Router,C01259,4,157949.93,1
T2025020002222,2025-02-25,2025,2,Puttalam,North Western,Home,Air Purifier,C04851,10,234535.38,1
T2025020002223,2025-02-18,2025,2,Puttalam,North Western,Electronics,Wireless Router,C01343,7,306250.28,1
T2025020002224,2025-02-09,2025,2,Badulla,Uva,Lifestyle,Travel Kit,C01794,3,28290.98,1
T2025020002225,2025-02-20,2025,2,Polonnaruwa,North Central,Electronics,Sound Bar,C03675,4,149186.53,1
T2025020002226,2025-02-23,2025,2,Ratnapura,Sabaragamuwa,Lifestyle,Travel Kit,C04243,8,78373.93,1
T2025020002227,2025-02-11,2025,2,Galle,Southern,Home,Air Purifier,C03682,8,190725.18,1
T2025020002228,2025-02-28,2025,2,Gampaha,Western,Office,Office Chair,C01480,9,270908.56,1
T2025020002229,2025-02-04,2025,2,Kandy,Central,Accessories,USB Cable,C03878,3,12598.11,1
T2025020002230,2025-02-14,2025,2,Kandy,Central,Office,Document Scanner,C02697,5,145463.61,1
T2025020002231,2025-02-20,2025,2,Gampaha,Western,Lifestyle,Water Bottle,C04051,2,22154.81,1
T2025020002232,2025-02-10,2025,2,Colombo,Western,Office,Monitor Stand,C02114,7,217659.92,1
T2025020002233,2025-02-26,2025,2,Colombo,Western,Accessories,Mouse Pad,C03245,13,61445.35,1
T2025020002234,2025-02-26,2025,2,Matara,Southern,Lifestyle,Fitness Band,C03678,6,58165.69,1
T2025020002235,2025-02-11,2025,2,Matale,Central,Outdoor,Portable Fan,C04630,7,93296.69,1
T2025020002236,2025-02-07,2025,2,Puttalam,North Western,Home,Coffee Maker,C02809,11,238929.85,1
T2025020002237,2025-02-26,2025,2,Matara,Southern,Home,Coffee Maker,C03115,6,116658.53,1
T2025020002238,2025-02-23,2025,2,Polonnaruwa,North Central,Electronics,Power Hub,C03757,5,178263.11,1
T2025020002239,2025-02-23,2025,2,Batticaloa,Eastern,Home,Air Purifier,C01076,14,291389.39,1
T2025020002240,2025-02-14,2025,2,Gampaha,Western,Electronics,Sound Bar,C04703,15,587004.37,1
T2025020002241,2025-02-13,2025,2,Matale,Central,Electronics,Wireless Router,C01552,2,70807.15,1
T2025020002242,2025-02-18,2025,2,Kurunegala,North Western,Electronics,Wireless Router,C03058,11,455434.46,1
T2025020002243,2025-02-16,2025,2,Colombo,Western,Accessories,USB Cable,C01888,8,39994.89,1
T2025020002244,2025-02-28,2025,2,Kurunegala,North Western,Accessories,Phone Stand,C02605,3,13683.33,1
T2025020002245,2025-02-15,2025,2,Matara,Southern,Outdoor,Camping Light,C03239,4,63539.08,1
T2025020002246,2025-02-05,2025,2,Polonnaruwa,North Central,Office,Document Scanner,C01624,10,330412.86,1
T2025020002247,2025-02-08,2025,2,Kalutara,Western,Home,Storage Set,C03803,6,121057.12,1
T2025020002248,2025-02-27,2025,2,Badulla,Uva,Lifestyle,Desk Organizer,C03871,9,91488.48,1
T2025020002249,2025-02-22,2025,2,Ratnapura,Sabaragamuwa,Electronics,Sound Bar,C02011,8,311926.67,1
T2025020002250,2025-02-02,2025,2,Nuwara Eliya,Central,Home,Coffee Maker,C01387,9,175060.29,1
T2025020002251,2025-02-24,2025,2,Ampara,Eastern,Home,Storage Set,C03774,4,76086.42,1
T2025020002252,2025-02-10,2025,2,Gampaha,Western,Accessories,Phone Stand,C04666,10,46374.82,1
T2025020002253,2025-02-15,2025,2,Trincomalee,Eastern,Office,Laser Printer,C04693,13,377142.99,1
T2025020002254,2025-02-06,2025,2,Kandy,Central,Home,LED Lamp,C05009,2,40475.36,1
T2025020002255,2025-02-12,2025,2,Kilinochchi,Northern,Office,Laser Printer,C04890,10,312972.59,1
T2025020002256,2025-02-27,2025,2,Anuradhapura,North Central,Electronics,Power Hub,C03023,2,75824.0,1
T2025020002257,2025-02-24,2025,2,Colombo,Western,Office,Office Chair,C03663,7,226940.27,1
T2025020002258,2025-02-01,2025,2,Batticaloa,Eastern,Electronics,Sound Bar,C03504,2,87732.54,1
T2025020002259,2025-02-16,2025,2,Jaffna,Northern,Office,Document Scanner,C04609,7,212578.22,1
T2025020002260,2025-02-09,2025,2,Polonnaruwa,North Central,Home,LED Lamp,C03285,5,102436.54,1
T2025020002261,2025-02-23,2025,2,Kandy,Central,Lifestyle,Travel Kit,C03963,3,32429.16,1
T2025020002262,2025-02-21,2025,2,Matara,Southern,Outdoor,Camping Light,C01128,9,144073.94,1
T2025020002263,2025-02-17,2025,2,Kandy,Central,Office,Office Chair,C04740,7,184583.99,1
T2025020002264,2025-02-25,2025,2,Kurunegala,North Western,Outdoor,Portable Fan,C02270,9,123421.64,1
T2025020002265,2025-02-09,2025,2,Hambantota,Southern,Office,Document Scanner,C01858,12,366293.47,1
T2025020002266,2025-02-23,2025,2,Galle,Southern,Electronics,Smart Display,C04124,5,198153.54,1
T2025020002267,2025-02-17,2025,2,Anuradhapura,North Central,Office,Document Scanner,C02334,5,153616.31,1
T2025020002268,2025-02-13,2025,2,Gampaha,Western,Electronics,Power Hub,C01247,13,458033.83,1
T2025020002269,2025-02-06,2025,2,Kalutara,Western,Electronics,Smart Display,C02738,4,153481.49,1
T2025020002270,2025-02-03,2025,2,Colombo,Western,Electronics,Smart Display,C01134,9,365783.14,1
T2025020002271,2025-02-23,2025,2,Galle,Southern,Electronics,Smart Display,C04940,6,228353.04,1
T2025020002272,2025-02-10,2025,2,Anuradhapura,North Central,Electronics,Power Hub,C01762,3,116328.16,1
T2025020002273,2025-02-19,2025,2,Matale,Central,Home,LED Lamp,C01697,7,122084.85,1
T2025020002274,2025-02-11,2025,2,Kandy,Central,Outdoor,Cooler Box,C02598,5,77649.27,1
T2025020002275,2025-02-01,2025,2,Matale,Central,Office,Laser Printer,C01286,4,128302.69,1
T2025020002276,2025-02-12,2025,2,Matara,Southern,Outdoor,Cooler Box,C01029,11,158770.26,1
T2025020002277,2025-02-11,2025,2,Ratnapura,Sabaragamuwa,Lifestyle,Desk Organizer,C01611,2,21342.8,1
T2025020002278,2025-02-09,2025,2,Matara,Southern,Accessories,Mouse Pad,C04458,3,11780.01,1
T2025020002279,2025-02-23,2025,2,Monaragala,Uva,Home,Air Purifier,C01740,12,281152.48,1
T2025020002280,2025-02-04,2025,2,Kegalle,Sabaragamuwa,Electronics,Power Hub,C03654,6,237170.81,1
T2025020002281,2025-02-12,2025,2,Kandy,Central,Office,Laser Printer,C01124,10,303911.62,1
T2025020002282,2025-02-18,2025,2,Matara,Southern,Electronics,Sound Bar,C04096,10,387108.75,1
T2025020002283,2025-02-18,2025,2,Gampaha,Western,Office,Laser Printer,C02918,6,174208.05,1
T2025020002284,2025-02-12,2025,2,Gampaha,Western,Lifestyle,Desk Organizer,C01596,2,22506.54,1
T2025020002285,2025-02-13,2025,2,Kalutara,Western,Lifestyle,Fitness Band,C04724,2,21582.29,1
T2025020002286,2025-02-15,2025,2,Colombo,Western,Electronics,Power Hub,C03937,12,469971.43,1
T2025020002287,2025-02-10,2025,2,Mannar,Northern,Outdoor,Portable Fan,C01121,15,237213.92,1
T2025020002288,2025-02-03,2025,2,Puttalam,North Western,Accessories,Power Adapter,C02141,11,45378.01,1
T2025020002289,2025-02-15,2025,2,Matale,Central,Accessories,Mouse Pad,C04987,5,20634.19,1
T2025020002290,2025-02-04,2025,2,Hambantota,Southern,Home,LED Lamp,C01612,7,139653.15,1
T2025020002291,2025-02-14,2025,2,Gampaha,Western,Electronics,Power Hub,C02129,5,176399.19,1
T2025020002292,2025-02-02,2025,2,Ratnapura,Sabaragamuwa,Home,Air Purifier,C04681,11,249499.91,1
T2025020002293,2025-02-27,2025,2,Kurunegala,North Western,Home,LED Lamp,C01863,8,164276.78,1
T2025020002294,2025-02-25,2025,2,Hambantota,Southern,Outdoor,Foldable Chair,C04565,7,89773.78,1
T2025020002295,2025-02-27,2025,2,Gampaha,Western,Outdoor,Foldable Chair,C05071,1,16363.14,1
T2025020002296,2025-02-09,2025,2,Colombo,Western,Home,Coffee Maker,C04359,14,285265.43,1
T2025020002297,2025-02-17,2025,2,Anuradhapura,North Central,Home,Storage Set,C02456,4,80055.2,1
T2025020002298,2025-02-02,2025,2,Badulla,Uva,Accessories,Power Adapter,C01042,3,12817.7,1
T2025020002299,2025-02-03,2025,2,Kalutara,Western,Office,Document Scanner,C02970,4,113031.44,1
T2025020002300,2025-02-16,2025,2,Ratnapura,Sabaragamuwa,Lifestyle,Water Bottle,C01052,3,31634.12,1
T2025020002301,2025-02-04,2025,2,Ampara,Eastern,Outdoor,Camping Light,C01750,8,126954.8,1
T2025020002302,2025-02-11,2025,2,Kalutara,Western,Lifestyle,Fitness Band,C01706,4,39215.4,1
T2025020002303,2025-02-27,2025,2,Kurunegala,North Western,Electronics,Power Hub,C01437,8,300428.98,1
T2025020002304,2025-02-01,2025,2,Hambantota,Southern,Outdoor,Foldable Chair,C01121,14,207247.19,1
T2025020002305,2025-02-23,2025,2,Badulla,Uva,Lifestyle,Water Bottle,C03681,5,56443.31,1
T2025020002306,2025-02-28,2025,2,Puttalam,North Western,Lifestyle,Desk Organizer,C02748,12,115077.16,1
T2025020002307,2025-02-27,2025,2,Kandy,Central,Accessories,USB Cable,C04387,10,46794.93,1
T2025020002308,2025-02-26,2025,2,Ratnapura,Sabaragamuwa,Accessories,Phone Stand,C03547,7,30344.61,1
T2025020002309,2025-02-25,2025,2,Colombo,Western,Home,LED Lamp,C03882,8,168433.14,1
T2025020002310,2025-02-26,2025,2,Trincomalee,Eastern,Electronics,Wireless Router,C02748,11,415670.91,1
T2025020002311,2025-02-28,2025,2,Jaffna,Northern,Outdoor,Cooler Box,C03764,13,199714.74,1
T2025020002312,2025-02-24,2025,2,Galle,Southern,Home,Storage Set,C01319,6,104924.49,1
T2025020002313,2025-02-18,2025,2,Kandy,Central,Office,Monitor Stand,C03455,7,209818.33,1
T2025020002314,2025-02-05,2025,2,Matale,Central,Electronics,Wireless Router,C04326,7,270916.21,1
T2025020002315,2025-02-13,2025,2,Matara,Southern,Lifestyle,Water Bottle,C01411,6,64430.49,1
T2025020002316,2025-02-19,2025,2,Colombo,Western,Accessories,Phone Stand,C02688,4,18765.35,1
T2025020002317,2025-02-02,2025,2,Colombo,Western,Accessories,Power Adapter,C01878,7,34788.6,1
T2025020002318,2025-02-03,2025,2,Ampara,Eastern,Office,Office Chair,C01817,17,469650.01,1
T2025020002319,2025-02-11,2025,2,Ratnapura,Sabaragamuwa,Electronics,Smart Display,C02166,11,464899.45,1
T2025020002320,2025-02-21,2025,2,Trincomalee,Eastern,Electronics,Sound Bar,C02378,2,81640.91,1
T2025020002321,2025-02-22,2025,2,Ratnapura,Sabaragamuwa,Home,Coffee Maker,C01682,4,72605.53,1
T2025020002322,2025-02-28,2025,2,Ampara,Eastern,Electronics,Wireless Router,C03928,15,511561.69,1
T2025020002323,2025-02-11,2025,2,Puttalam,North Western,Office,Laser Printer,C01647,3,83474.45,1
T2025020002324,2025-02-21,2025,2,Monaragala,Uva,Home,Coffee Maker,C04606,13,242750.18,1
T2025020002325,2025-02-25,2025,2,Kandy,Central,Accessories,Mouse Pad,C01819,6,25359.45,1
T2025020002326,2025-02-21,2025,2,Hambantota,Southern,Lifestyle,Water Bottle,C04000,2,20311.44,1
T2025020002327,2025-02-10,2025,2,Colombo,Western,Accessories,Power Adapter,C02772,10,39159.5,1
T2025020002328,2025-02-07,2025,2,Gampaha,Western,Home,LED Lamp,C01258,6,122262.31,1
T2025020002329,2025-02-21,2025,2,Colombo,Western,Lifestyle,Fitness Band,C02814,5,55819.58,1
T2025020002330,2025-02-22,2025,2,Ratnapura,Sabaragamuwa,Home,LED Lamp,C04063,8,145876.0,1
T2025020002331,2025-02-19,2025,2,Galle,Southern,Electronics,Power Hub,C04989,14,502889.9,1
T2025020002332,2025-02-18,2025,2,Galle,Southern,Lifestyle,Fitness Band,C01604,6,61959.8,1
T2025020002333,2025-02-17,2025,2,Colombo,Western,Office,Office Chair,C04924,5,158794.76,1
T2025020002334,2025-02-19,2025,2,Ampara,Eastern,Lifestyle,Water Bottle,C03513,9,105242.3,1
T2025020002335,2025-02-25,2025,2,Colombo,Western,Home,Storage Set,C04089,12,225945.8,1
T2025020002336,2025-02-03,2025,2,Colombo,Western,Electronics,Wireless Router,C01091,7,310738.01,1
T2025020002337,2025-02-04,2025,2,Kandy,Central,Accessories,Phone Stand,C03342,7,28186.56,1
T2025020002338,2025-02-26,2025,2,Colombo,Western,Electronics,Sound Bar,C02793,4,159460.09,1
T2025020002339,2025-02-21,2025,2,Colombo,Western,Office,Laser Printer,C01327,13,398469.83,1
T2025020002340,2025-02-08,2025,2,Galle,Southern,Electronics,Power Hub,C03075,1,43564.88,1
T2025020002341,2025-02-20,2025,2,Colombo,Western,Home,LED Lamp,C02115,13,251943.37,1
T2025020002342,2025-02-25,2025,2,Ratnapura,Sabaragamuwa,Accessories,Mouse Pad,C03737,12,51742.28,1
T2025020002343,2025-02-06,2025,2,Matara,Southern,Outdoor,Cooler Box,C01719,8,121231.34,1
T2025020002344,2025-02-14,2025,2,Matale,Central,Home,LED Lamp,C02969,9,198564.04,1
T2025020002345,2025-02-17,2025,2,Badulla,Uva,Electronics,Wireless Router,C03898,4,144573.82,1
T2025020002346,2025-02-15,2025,2,Badulla,Uva,Office,Office Chair,C01009,3,94846.47,1
T2025020002347,2025-02-07,2025,2,Kandy,Central,Outdoor,Camping Light,C02483,6,103142.52,1
T2025020002348,2025-02-12,2025,2,Ampara,Eastern,Office,Office Chair,C01554,13,395666.35,1
T2025020002349,2025-02-19,2025,2,Jaffna,Northern,Accessories,USB Cable,C03999,3,12682.13,1
T2025020002350,2025-02-18,2025,2,Jaffna,Northern,Electronics,Wireless Router,C03723,8,327463.15,1
T2025020002351,2025-02-23,2025,2,Vavuniya,Northern,Lifestyle,Desk Organizer,C02372,9,87029.89,1
T2025020002352,2025-02-16,2025,2,Colombo,Western,Electronics,Wireless Router,C02937,7,284440.05,1
T2025020002353,2025-02-17,2025,2,Polonnaruwa,North Central,Electronics,Power Hub,C02267,13,509653.81,1
T2025020002354,2025-02-22,2025,2,Anuradhapura,North Central,Home,Coffee Maker,C01438,3,60059.42,1
T2025020002355,2025-02-06,2025,2,Kurunegala,North Western,Lifestyle,Fitness Band,C01443,8,81395.51,1
T2025020002356,2025-02-22,2025,2,Gampaha,Western,Accessories,Phone Stand,C02109,14,60272.47,1
T2025020002357,2025-02-24,2025,2,Kandy,Central,Lifestyle,Water Bottle,C02732,3,31394.17,1
T2025020002358,2025-02-23,2025,2,Kurunegala,North Western,Electronics,Wireless Router,C02608,1,36914.01,1
T2025020002359,2025-02-23,2025,2,Gampaha,Western,Office,Laser Printer,C03270,9,258200.78,1
T2025020002360,2025-02-23,2025,2,Gampaha,Western,Lifestyle,Water Bottle,C02042,12,123387.07,1
T2025020002361,2025-02-14,2025,2,Colombo,Western,Outdoor,Cooler Box,C01767,5,70388.4,1
T2025020002362,2025-02-23,2025,2,Galle,Southern,Electronics,Smart Display,C03822,11,419006.39,1
T2025020002363,2025-02-05,2025,2,Matara,Southern,Home,Air Purifier,C02838,10,220038.45,1
T2025020002364,2025-02-10,2025,2,Kegalle,Sabaragamuwa,Electronics,Smart Display,C04848,6,256349.94,1
T2025020002365,2025-02-26,2025,2,Vavuniya,Northern,Accessories,Phone Stand,C01978,2,8040.65,1
T2025020002366,2025-02-06,2025,2,Anuradhapura,North Central,Electronics,Power Hub,C04211,4,143146.12,1
T2025020002367,2025-02-12,2025,2,Ratnapura,Sabaragamuwa,Home,Air Purifier,C01458,6,133369.48,1
T2025020002368,2025-02-13,2025,2,Polonnaruwa,North Central,Accessories,Mouse Pad,C01333,4,17706.73,1
T2025020002369,2025-02-12,2025,2,Colombo,Western,Lifestyle,Desk Organizer,C03966,3,32909.38,1
T2025020002370,2025-02-07,2025,2,Matale,Central,Electronics,Power Hub,C04208,9,362492.3,1
T2025020002371,2025-02-10,2025,2,Kurunegala,North Western,Lifestyle,Water Bottle,C01070,9,89771.56,1
T2025020002372,2025-02-14,2025,2,Kalutara,Western,Outdoor,Portable Fan,C02104,12,166803.62,1
T2025020002373,2025-02-27,2025,2,Kegalle,Sabaragamuwa,Home,Storage Set,C02126,10,205365.54,1
T2025020002374,2025-02-22,2025,2,Trincomalee,Eastern,Home,LED Lamp,C01831,7,142977.65,1
T2025020002375,2025-02-05,2025,2,Kilinochchi,Northern,Lifestyle,Fitness Band,C04339,9,101844.57,1
T2025020002376,2025-02-08,2025,2,Ampara,Eastern,Lifestyle,Desk Organizer,C03160,4,40807.5,1
T2025020002377,2025-02-06,2025,2,Badulla,Uva,Office,Monitor Stand,C04776,13,395627.68,1
T2025020002378,2025-02-27,2025,2,Kilinochchi,Northern,Electronics,Wireless Router,C02658,2,83683.4,1
T2025020002379,2025-02-01,2025,2,Colombo,Western,Outdoor,Portable Fan,C04324,6,98177.88,1
T2025020002380,2025-02-16,2025,2,Polonnaruwa,North Central,Outdoor,Portable Fan,C03201,5,71182.92,1
T2025030002381,2025-03-31,2025,3,Kurunegala,North Western,Office,Monitor Stand,C03749,4,147027.69,1
T2025030002382,2025-03-13,2025,3,Galle,Southern,Lifestyle,Water Bottle,C04220,14,164516.81,1
T2025030002383,2025-03-29,2025,3,Galle,Southern,Outdoor,Portable Fan,C02710,5,79886.25,1
T2025030002384,2025-03-30,2025,3,Matale,Central,Electronics,Smart Display,C03721,12,589941.83,1
T2025030002385,2025-03-20,2025,3,Jaffna,Northern,Outdoor,Cooler Box,C04270,4,74751.32,1
T2025030002386,2025-03-04,2025,3,Vavuniya,Northern,Home,Storage Set,C02489,12,254047.89,1
T2025030002387,2025-03-25,2025,3,Badulla,Uva,Home,LED Lamp,C04015,10,253490.18,1
T2025030002388,2025-03-22,2025,3,Kalutara,Western,Electronics,Wireless Router,C01432,14,620066.76,1
T2025030002389,2025-03-27,2025,3,Kalutara,Western,Outdoor,Cooler Box,C04404,3,55951.12,1
T2025030002390,2025-03-08,2025,3,Kalutara,Western,Outdoor,Portable Fan,C04381,9,161709.49,1
T2025030002391,2025-03-18,2025,3,Kegalle,Sabaragamuwa,Office,Laser Printer,C01246,9,315364.89,1
T2025030002392,2025-03-30,2025,3,Ratnapura,Sabaragamuwa,Outdoor,Cooler Box,C02164,3,48614.78,1
T2025030002393,2025-03-06,2025,3,Matara,Southern,Accessories,Power Adapter,C03608,4,22241.54,1
T2025030002394,2025-03-09,2025,3,Kurunegala,North Western,Electronics,Power Hub,C03128,12,548796.21,1
T2025030002395,2025-03-23,2025,3,Colombo,Western,Lifestyle,Travel Kit,C01208,7,94142.36,1
T2025030002396,2025-03-19,2025,3,Kandy,Central,Lifestyle,Desk Organizer,C02082,6,74163.19,1
T2025030002397,2025-03-30,2025,3,Kalutara,Western,Lifestyle,Fitness Band,C03283,3,39016.06,1
T2025030002398,2025-03-30,2025,3,Anuradhapura,North Central,Outdoor,Camping Light,C01202,14,224687.58,1
T2025030002399,2025-03-16,2025,3,Ampara,Eastern,Electronics,Smart Display,C02246,12,540316.94,1
T2025030002400,2025-03-04,2025,3,Colombo,Western,Electronics,Power Hub,C02597,6,288709.91,1
T2025030002401,2025-03-25,2025,3,Kegalle,Sabaragamuwa,Office,Laser Printer,C02783,6,224762.61,1
T2025030002402,2025-03-04,2025,3,Jaffna,Northern,Electronics,Smart Display,C02626,4,196818.86,1
T2025030002403,2025-03-30,2025,3,Kurunegala,North Western,Lifestyle,Desk Organizer,C02442,10,125343.76,1
T2025030002404,2025-03-12,2025,3,Vavuniya,Northern,Office,Document Scanner,C03017,3,94257.46,1
T2025030002405,2025-03-05,2025,3,Nuwara Eliya,Central,Accessories,Phone Stand,C02923,4,21002.88,1
T2025030002406,2025-03-10,2025,3,Kandy,Central,Office,Office Chair,C01012,6,205314.21,1
T2025030002407,2025-03-14,2025,3,Puttalam,North Western,Electronics,Sound Bar,C04468,3,135267.65,1
T2025030002408,2025-03-02,2025,3,Hambantota,Southern,Electronics,Smart Display,C04762,7,320630.97,1
T2025030002409,2025-03-13,2025,3,Puttalam,North Western,Electronics,Sound Bar,C02638,2,83358.61,1
T2025030002410,2025-03-23,2025,3,Gampaha,Western,Electronics,Sound Bar,C02499,3,147530.56,1
T2025030002411,2025-03-16,2025,3,Ratnapura,Sabaragamuwa,Outdoor,Foldable Chair,C04298,4,69480.56,1
T2025030002412,2025-03-05,2025,3,Gampaha,Western,Electronics,Sound Bar,C02252,14,674898.82,1
T2025030002413,2025-03-05,2025,3,Colombo,Western,Electronics,Wireless Router,C03079,5,244438.61,1
T2025030002414,2025-03-24,2025,3,Gampaha,Western,Outdoor,Cooler Box,C02464,14,243278.96,1
T2025030002415,2025-03-12,2025,3,Kalutara,Western,Accessories,Power Adapter,C02730,9,51430.85,1
T2025030002416,2025-03-03,2025,3,Anuradhapura,North Central,Office,Document Scanner,C03005,12,386059.44,1
T2025030002417,2025-03-04,2025,3,Kandy,Central,Office,Document Scanner,C03260,11,334421.18,1
T2025030002418,2025-03-21,2025,3,Kandy,Central,Lifestyle,Water Bottle,C02000,8,92454.54,1
T2025030002419,2025-03-17,2025,3,Kandy,Central,Home,Storage Set,C01470,11,263777.14,1
T2025030002420,2025-03-03,2025,3,Vavuniya,Northern,Office,Monitor Stand,C04164,5,158705.52,1
T2025030002421,2025-03-30,2025,3,Colombo,Western,Home,Air Purifier,C02428,8,186903.55,1
T2025030002422,2025-03-19,2025,3,Matara,Southern,Office,Laser Printer,C01635,10,353505.41,1
T2025030002423,2025-03-19,2025,3,Matara,Southern,Electronics,Smart Display,C04080,16,765890.0,1
T2025030002424,2025-03-16,2025,3,Kilinochchi,Northern,Home,LED Lamp,C01494,11,277494.81,1
T2025030002425,2025-03-03,2025,3,Kandy,Central,Lifestyle,Travel Kit,C01123,8,103435.75,1
T2025030002426,2025-03-03,2025,3,Gampaha,Western,Office,Office Chair,C03519,14,488591.56,1
T2025030002427,2025-03-13,2025,3,Monaragala,Uva,Office,Document Scanner,C04719,2,73337.06,1
T2025030002428,2025-03-08,2025,3,Kalutara,Western,Electronics,Power Hub,C04964,3,140082.59,1
T2025030002429,2025-03-31,2025,3,Gampaha,Western,Office,Laser Printer,C04772,5,169175.1,1
T2025030002430,2025-03-08,2025,3,Kilinochchi,Northern,Lifestyle,Desk Organizer,C03887,12,151286.68,1
T2025030002431,2025-03-04,2025,3,Monaragala,Uva,Office,Monitor Stand,C02664,8,274458.0,1
T2025030002432,2025-03-08,2025,3,Nuwara Eliya,Central,Electronics,Wireless Router,C02489,3,125998.03,1
T2025030002433,2025-03-16,2025,3,Vavuniya,Northern,Home,Air Purifier,C03860,11,253953.36,1
T2025030002434,2025-03-01,2025,3,Mannar,Northern,Lifestyle,Water Bottle,C04932,10,105974.91,1
T2025030002435,2025-03-18,2025,3,Kegalle,Sabaragamuwa,Lifestyle,Water Bottle,C03533,9,105494.54,1
T2025030002436,2025-03-29,2025,3,Matale,Central,Lifestyle,Desk Organizer,C03536,14,168706.25,1
T2025030002437,2025-03-28,2025,3,Galle,Southern,Home,Air Purifier,C03105,5,109961.64,1
T2025030002438,2025-03-02,2025,3,Nuwara Eliya,Central,Office,Document Scanner,C02632,8,265761.21,1
T2025030002439,2025-03-03,2025,3,Mannar,Northern,Office,Document Scanner,C04616,3,105200.37,1
T2025030002440,2025-03-07,2025,3,Gampaha,Western,Office,Office Chair,C03631,2,66795.57,1
T2025030002441,2025-03-06,2025,3,Kurunegala,North Western,Electronics,Wireless Router,C01903,7,317159.17,1
T2025030002442,2025-03-20,2025,3,Matara,Southern,Electronics,Smart Display,C03573,5,228494.55,1
T2025030002443,2025-03-30,2025,3,Polonnaruwa,North Central,Outdoor,Portable Fan,C03857,5,91904.33,1
T2025030002444,2025-03-24,2025,3,Matale,Central,Home,Coffee Maker,C03394,4,98804.16,1
T2025030002445,2025-03-19,2025,3,Puttalam,North Western,Home,Air Purifier,C04241,14,328810.92,1
T2025030002446,2025-03-19,2025,3,Kandy,Central,Office,Monitor Stand,C03260,6,192210.67,1
T2025030002447,2025-03-08,2025,3,Badulla,Uva,Home,LED Lamp,C02197,2,43208.19,1
T2025030002448,2025-03-04,2025,3,Gampaha,Western,Office,Office Chair,C03209,5,165245.41,1
T2025030002449,2025-03-02,2025,3,Kegalle,Sabaragamuwa,Outdoor,Portable Fan,C02058,9,142048.39,1
T2025030002450,2025-03-07,2025,3,Puttalam,North Western,Lifestyle,Water Bottle,C03849,5,62162.46,1
T2025030002451,2025-03-02,2025,3,Galle,Southern,Lifestyle,Travel Kit,C02030,5,54654.58,1
T2025030002452,2025-03-05,2025,3,Vavuniya,Northern,Outdoor,Portable Fan,C01526,10,170416.41,1
T2025030002453,2025-03-05,2025,3,Anuradhapura,North Central,Electronics,Wireless Router,C01874,11,455695.1,1
T2025030002454,2025-03-07,2025,3,Nuwara Eliya,Central,Home,Coffee Maker,C04209,5,108245.2,1
T2025030002455,2025-03-30,2025,3,Kegalle,Sabaragamuwa,Lifestyle,Desk Organizer,C01647,8,93979.03,1
T2025030002456,2025-03-09,2025,3,Kandy,Central,Home,Coffee Maker,C02550,9,203679.76,1
T2025030002457,2025-03-29,2025,3,Colombo,Western,Electronics,Wireless Router,C01394,4,204199.01,1
T2025030002458,2025-03-28,2025,3,Anuradhapura,North Central,Electronics,Sound Bar,C01275,5,216713.95,1
T2025030002459,2025-03-10,2025,3,Kalutara,Western,Home,Air Purifier,C01154,4,91169.23,1
T2025030002460,2025-03-02,2025,3,Matara,Southern,Office,Document Scanner,C01230,8,296360.97,1
T2025030002461,2025-03-25,2025,3,Kurunegala,North Western,Accessories,Power Adapter,C04125,8,38703.93,1
T2025030002462,2025-03-03,2025,3,Ampara,Eastern,Accessories,Mouse Pad,C03344,7,34996.16,1
T2025030002463,2025-03-08,2025,3,Matale,Central,Outdoor,Camping Light,C02272,7,130944.82,1
T2025030002464,2025-03-13,2025,3,Ratnapura,Sabaragamuwa,Electronics,Wireless Router,C04459,5,223530.53,1
T2025030002465,2025-03-07,2025,3,Kurunegala,North Western,Outdoor,Cooler Box,C02630,4,73914.21,1
T2025030002466,2025-03-11,2025,3,Puttalam,North Western,Electronics,Smart Display,C02102,6,321627.67,1
T2025030002467,2025-03-07,2025,3,Kalutara,Western,Electronics,Smart Display,C02798,5,245346.19,1
T2025030002468,2025-03-12,2025,3,Kurunegala,North Western,Electronics,Power Hub,C04738,14,553868.41,1
T2025030002469,2025-03-08,2025,3,Gampaha,Western,Lifestyle,Water Bottle,C03583,13,146851.97,1
T2025030002470,2025-03-30,2025,3,Ampara,Eastern,Electronics,Smart Display,C02418,4,195118.77,1
T2025030002471,2025-03-09,2025,3,Anuradhapura,North Central,Electronics,Smart Display,C02776,10,531748.69,1
T2025030002472,2025-03-31,2025,3,Colombo,Western,Lifestyle,Desk Organizer,C01558,15,196790.97,1
T2025030002473,2025-03-10,2025,3,Colombo,Western,Office,Office Chair,C02085,2,66830.58,1
T2025030002474,2025-03-24,2025,3,Anuradhapura,North Central,Office,Monitor Stand,C04790,10,304674.76,1
T2025030002475,2025-03-14,2025,3,Ampara,Eastern,Office,Monitor Stand,C03134,3,102979.87,1
T2025030002476,2025-03-13,2025,3,Ratnapura,Sabaragamuwa,Electronics,Wireless Router,C01410,6,259631.65,1
T2025030002477,2025-03-11,2025,3,Badulla,Uva,Lifestyle,Desk Organizer,C02216,7,93915.61,1
T2025030002478,2025-03-13,2025,3,Gampaha,Western,Office,Monitor Stand,C04157,10,334190.56,1
T2025030002479,2025-03-16,2025,3,Monaragala,Uva,Office,Office Chair,C03027,5,150554.19,1
T2025030002480,2025-03-05,2025,3,Puttalam,North Western,Electronics,Sound Bar,C01817,3,154436.31,1
T2025030002481,2025-03-23,2025,3,Kilinochchi,Northern,Accessories,USB Cable,C02931,5,26522.32,1
T2025030002482,2025-03-15,2025,3,Anuradhapura,North Central,Office,Laser Printer,C01606,12,432004.93,1
T2025030002483,2025-03-12,2025,3,Matale,Central,Electronics,Sound Bar,C02238,3,141865.58,1
T2025030002484,2025-03-16,2025,3,Kandy,Central,Home,Coffee Maker,C01897,3,62572.94,1
T2025030002485,2025-03-18,2025,3,Ratnapura,Sabaragamuwa,Outdoor,Cooler Box,C02805,7,114106.3,1
T2025030002486,2025-03-06,2025,3,Polonnaruwa,North Central,Electronics,Smart Display,C04078,6,276316.29,1
T2025030002487,2025-03-24,2025,3,Mullaitivu,Northern,Office,Office Chair,C02600,10,358583.58,1
T2025030002488,2025-03-29,2025,3,Kalutara,Western,Home,Coffee Maker,C04628,13,252924.99,1
T2025030002489,2025-03-09,2025,3,Polonnaruwa,North Central,Lifestyle,Water Bottle,C01097,7,93414.63,1
T2025030002490,2025-03-03,2025,3,Polonnaruwa,North Central,Office,Document Scanner,C03862,8,297817.93,1
T2025030002491,2025-03-13,2025,3,Puttalam,North Western,Lifestyle,Water Bottle,C02489,6,76119.91,1
T2025030002492,2025-03-08,2025,3,Ratnapura,Sabaragamuwa,Office,Monitor Stand,C04393,5,165082.5,1
T2025030002493,2025-03-19,2025,3,Hambantota,Southern,Outdoor,Cooler Box,C03939,4,67683.9,1
T2025030002494,2025-03-21,2025,3,Nuwara Eliya,Central,Electronics,Sound Bar,C01228,6,287519.4,1
T2025030002495,2025-03-30,2025,3,Gampaha,Western,Home,Air Purifier,C03643,12,321526.85,1
T2025030002496,2025-03-25,2025,3,Kandy,Central,Electronics,Wireless Router,C03588,9,418423.03,1
T2025030002497,2025-03-06,2025,3,Matara,Southern,Lifestyle,Travel Kit,C04348,11,141457.06,1
T2025030002498,2025-03-20,2025,3,Colombo,Western,Home,Coffee Maker,C03124,7,161705.65,1
T2025030002499,2025-03-21,2025,3,Nuwara Eliya,Central,Electronics,Smart Display,C02828,7,372329.95,1
T2025030002500,2025-03-03,2025,3,Kandy,Central,Lifestyle,Travel Kit,C02287,11,122678.55,1
T2025030002501,2025-03-24,2025,3,Gampaha,Western,Outdoor,Camping Light,C04049,5,96700.88,1
T2025030002502,2025-03-18,2025,3,Kurunegala,North Western,Lifestyle,Desk Organizer,C04418,7,85724.91,1
T2025030002503,2025-03-18,2025,3,Gampaha,Western,Lifestyle,Water Bottle,C03148,7,85418.98,1
T2025030002504,2025-03-26,2025,3,Kurunegala,North Western,Outdoor,Camping Light,C01349,6,101626.47,1
T2025030002505,2025-03-27,2025,3,Monaragala,Uva,Lifestyle,Desk Organizer,C03004,5,57210.05,1
T2025030002506,2025-03-25,2025,3,Ampara,Eastern,Home,Storage Set,C03547,10,236359.11,1
T2025030002507,2025-03-23,2025,3,Kalutara,Western,Office,Laser Printer,C02155,14,514223.78,1
T2025030002508,2025-03-02,2025,3,Colombo,Western,Electronics,Wireless Router,C01524,5,226223.19,1
T2025030002509,2025-03-31,2025,3,Kalutara,Western,Accessories,Power Adapter,C04979,7,40652.58,1
T2025030002510,2025-03-27,2025,3,Colombo,Western,Outdoor,Portable Fan,C02257,10,175136.64,1
T2025030002511,2025-03-17,2025,3,Kegalle,Sabaragamuwa,Home,Air Purifier,C02318,9,189780.14,1
T2025030002512,2025-03-14,2025,3,Colombo,Western,Electronics,Power Hub,C04460,2,97957.85,1
T2025030002513,2025-03-24,2025,3,Kurunegala,North Western,Electronics,Wireless Router,C02612,4,165429.61,1
T2025030002514,2025-03-21,2025,3,Galle,Southern,Outdoor,Camping Light,C03636,2,37552.56,1
T2025030002515,2025-03-30,2025,3,Kandy,Central,Lifestyle,Travel Kit,C01016,6,74274.2,1
T2025030002516,2025-03-15,2025,3,Polonnaruwa,North Central,Office,Laser Printer,C01489,6,215381.81,1
T2025030002517,2025-03-06,2025,3,Anuradhapura,North Central,Outdoor,Cooler Box,C02861,12,236154.26,1
T2025030002518,2025-03-07,2025,3,Badulla,Uva,Lifestyle,Desk Organizer,C02670,11,134891.86,1
T2025030002519,2025-03-13,2025,3,Jaffna,Northern,Office,Document Scanner,C02451,7,213741.81,1
T2025030002520,2025-03-07,2025,3,Matale,Central,Outdoor,Camping Light,C01610,4,71175.83,1
T2025030002521,2025-03-22,2025,3,Kalutara,Western,Electronics,Sound Bar,C01813,7,320323.34,1
T2025030002522,2025-03-11,2025,3,Nuwara Eliya,Central,Electronics,Smart Display,C04907,9,470275.35,1
T2025030002523,2025-03-04,2025,3,Galle,Southern,Accessories,Mouse Pad,C04160,9,46033.57,1
T2025030002524,2025-03-08,2025,3,Anuradhapura,North Central,Electronics,Smart Display,C03183,10,481772.57,1
T2025030002525,2025-03-30,2025,3,Batticaloa,Eastern,Accessories,USB Cable,C04774,7,31612.2,1
T2025030002526,2025-03-12,2025,3,Matara,Southern,Outdoor,Cooler Box,C03449,9,151766.1,1
T2025030002527,2025-03-13,2025,3,Kegalle,Sabaragamuwa,Outdoor,Cooler Box,C04202,6,113570.88,1
T2025030002528,2025-03-05,2025,3,Kilinochchi,Northern,Outdoor,Foldable Chair,C01772,5,78040.76,1
T2025030002529,2025-03-11,2025,3,Jaffna,Northern,Lifestyle,Travel Kit,C03814,4,45203.86,1
T2025030002530,2025-03-29,2025,3,Batticaloa,Eastern,Electronics,Power Hub,C03441,4,201136.07,1
T2025030002531,2025-03-14,2025,3,Matara,Southern,Office,Office Chair,C04376,8,311365.54,1
T2025030002532,2025-03-01,2025,3,Puttalam,North Western,Lifestyle,Desk Organizer,C04969,8,93178.94,1
T2025030002533,2025-03-18,2025,3,Matara,Southern,Office,Document Scanner,C03089,6,198829.78,1
T2025030002534,2025-03-04,2025,3,Kandy,Central,Home,LED Lamp,C03477,6,127112.02,1
T2025030002535,2025-03-24,2025,3,Jaffna,Northern,Office,Office Chair,C04266,8,299824.49,1
T2025030002536,2025-03-10,2025,3,Kegalle,Sabaragamuwa,Home,Air Purifier,C03173,5,130523.68,1
T2025030002537,2025-03-11,2025,3,Ampara,Eastern,Lifestyle,Desk Organizer,C01082,15,172116.16,1
T2025030002538,2025-03-13,2025,3,Gampaha,Western,Electronics,Power Hub,C01321,6,291380.65,1
T2025030002539,2025-03-12,2025,3,Colombo,Western,Lifestyle,Water Bottle,C03070,7,95543.56,1
T2025030002540,2025-03-11,2025,3,Mannar,Northern,Lifestyle,Travel Kit,C01338,7,83524.35,1
T2025030002541,2025-03-27,2025,3,Mannar,Northern,Office,Document Scanner,C03146,12,429500.98,1
T2025030002542,2025-03-05,2025,3,Nuwara Eliya,Central,Accessories,Phone Stand,C01120,13,66855.14,1
T2025030002543,2025-03-22,2025,3,Monaragala,Uva,Electronics,Sound Bar,C01377,5,216120.69,1
T2025030002544,2025-03-01,2025,3,Gampaha,Western,Accessories,Power Adapter,C02666,13,74919.81,1
T2025030002545,2025-03-18,2025,3,Matale,Central,Lifestyle,Travel Kit,C04591,9,118709.0,1
T2025030002546,2025-03-21,2025,3,Matara,Southern,Lifestyle,Desk Organizer,C01160,3,35451.11,1
T2025030002547,2025-03-21,2025,3,Badulla,Uva,Outdoor,Camping Light,C01926,10,178485.47,1
T2025030002548,2025-03-31,2025,3,Colombo,Western,Home,Coffee Maker,C03483,15,308857.58,1
T2025030002549,2025-03-31,2025,3,Ratnapura,Sabaragamuwa,Home,Coffee Maker,C03810,6,146467.43,1
T2025030002550,2025-03-13,2025,3,Anuradhapura,North Central,Home,Coffee Maker,C01317,4,100226.17,1
T2025040002551,2025-04-05,2025,4,Nuwara Eliya,Central,Home,Storage Set,C04914,5,98176.47,1
T2025040002552,2025-04-11,2025,4,Kalutara,Western,Outdoor,Camping Light,C01065,5,82951.33,1
T2025040002553,2025-04-16,2025,4,Matara,Southern,Electronics,Power Hub,C03518,13,485025.9,1
T2025040002554,2025-04-11,2025,4,Trincomalee,Eastern,Home,LED Lamp,C04581,4,85890.89,1
T2025040002555,2025-04-05,2025,4,Kilinochchi,Northern,Home,Storage Set,C01671,5,104767.04,1
T2025040002556,2025-04-24,2025,4,Gampaha,Western,Office,Laser Printer,C01028,5,140406.47,1
T2025040002557,2025-04-08,2025,4,Ratnapura,Sabaragamuwa,Accessories,USB Cable,C04870,13,58846.21,1
T2025040002558,2025-04-20,2025,4,Jaffna,Northern,Lifestyle,Water Bottle,C03019,5,50285.42,1
T2025040002559,2025-04-22,2025,4,Mannar,Northern,Electronics,Wireless Router,C02396,12,431045.26,1
T2025040002560,2025-04-12,2025,4,Gampaha,Western,Electronics,Wireless Router,C05008,8,327401.52,1
T2025040002561,2025-04-10,2025,4,Nuwara Eliya,Central,Electronics,Smart Display,C03976,8,306672.21,1
T2025040002562,2025-04-12,2025,4,Matale,Central,Lifestyle,Water Bottle,C02760,10,94880.38,1
T2025040002563,2025-04-27,2025,4,Kurunegala,North Western,Outdoor,Foldable Chair,C01919,11,165393.64,1
T2025040002564,2025-04-09,2025,4,Vavuniya,Northern,Office,Document Scanner,C02634,5,161313.57,1
T2025040002565,2025-04-07,2025,4,Colombo,Western,Electronics,Smart Display,C02821,3,123523.86,1
T2025040002566,2025-04-27,2025,4,Badulla,Uva,Electronics,Sound Bar,C02964,9,386716.13,1
T2025040002567,2025-04-26,2025,4,Matara,Southern,Electronics,Power Hub,C02435,13,463792.84,1
T2025040002568,2025-04-27,2025,4,Hambantota,Southern,Lifestyle,Fitness Band,C03337,8,80368.8,1
T2025040002569,2025-04-11,2025,4,Matale,Central,Electronics,Wireless Router,C04348,11,401920.33,1
T2025040002570,2025-04-17,2025,4,Kurunegala,North Western,Lifestyle,Fitness Band,C01832,8,74982.72,1
T2025040002571,2025-04-16,2025,4,Trincomalee,Eastern,Electronics,Wireless Router,C04126,3,114002.03,1
T2025040002572,2025-04-10,2025,4,Ratnapura,Sabaragamuwa,Office,Document Scanner,C01535,4,126784.56,1
T2025040002573,2025-04-09,2025,4,Mullaitivu,Northern,Lifestyle,Desk Organizer,C04523,15,143744.02,1
T2025040002574,2025-04-04,2025,4,Mullaitivu,Northern,Lifestyle,Fitness Band,C01303,2,21366.06,1
T2025040002575,2025-04-06,2025,4,Hambantota,Southern,Lifestyle,Travel Kit,C03789,3,27085.31,1
T2025040002576,2025-04-21,2025,4,Galle,Southern,Lifestyle,Water Bottle,C02395,5,47217.2,1
T2025040002577,2025-04-15,2025,4,Puttalam,North Western,Home,Storage Set,C04037,4,86094.3,1
T2025040002578,2025-04-25,2025,4,Anuradhapura,North Central,Accessories,Power Adapter,C03856,7,35506.92,1
T2025040002579,2025-04-15,2025,4,Polonnaruwa,North Central,Electronics,Sound Bar,C01586,10,366683.54,1
T2025040002580,2025-04-10,2025,4,Batticaloa,Eastern,Accessories,USB Cable,C02128,7,27750.44,1
T2025040002581,2025-04-01,2025,4,Monaragala,Uva,Lifestyle,Fitness Band,C04786,13,136078.13,1
T2025040002582,2025-04-26,2025,4,Matale,Central,Accessories,Power Adapter,C01811,5,24000.78,1
T2025040002583,2025-04-03,2025,4,Jaffna,Northern,Outdoor,Portable Fan,C01859,4,58685.17,1
T2025040002584,2025-04-25,2025,4,Kalutara,Western,Lifestyle,Desk Organizer,C01935,3,29045.35,1
T2025040002585,2025-04-29,2025,4,Anuradhapura,North Central,Electronics,Wireless Router,C01094,11,427721.97,1
T2025040002586,2025-04-15,2025,4,Ampara,Eastern,Outdoor,Cooler Box,C01864,7,95672.61,1
T2025040002587,2025-04-08,2025,4,Gampaha,Western,Outdoor,Portable Fan,C02702,11,167078.12,1
T2025040002588,2025-04-24,2025,4,Kurunegala,North Western,Lifestyle,Fitness Band,C04807,1,11231.39,1
T2025040002589,2025-04-04,2025,4,Kalutara,Western,Office,Laser Printer,C01996,8,257352.94,1
T2025040002590,2025-04-10,2025,4,Colombo,Western,Accessories,Phone Stand,C04886,4,19952.19,1
T2025040002591,2025-04-23,2025,4,Gampaha,Western,Office,Laser Printer,C01484,7,233797.78,1
T2025040002592,2025-04-11,2025,4,Polonnaruwa,North Central,Office,Laser Printer,C03322,3,81943.4,1
T2025040002593,2025-04-30,2025,4,Kurunegala,North Western,Electronics,Smart Display,C03812,9,386945.06,1
T2025040002594,2025-04-03,2025,4,Kalutara,Western,Outdoor,Cooler Box,C04604,4,55632.43,1
T2025040002595,2025-04-26,2025,4,Galle,Southern,Home,Coffee Maker,C02983,8,165078.87,1
T2025040002596,2025-04-12,2025,4,Kilinochchi,Northern,Accessories,Mouse Pad,C01741,8,34607.24,1
T2025040002597,2025-04-08,2025,4,Colombo,Western,Home,Storage Set,C04077,8,165201.27,1
T2025040002598,2025-04-10,2025,4,Nuwara Eliya,Central,Outdoor,Camping Light,C04112,5,79061.58,1
T2025040002599,2025-04-16,2025,4,Colombo,Western,Electronics,Sound Bar,C04863,4,145567.96,1
T2025040002600,2025-04-01,2025,4,Kilinochchi,Northern,Lifestyle,Desk Organizer,C04358,5,49979.21,1
T2025040002601,2025-04-03,2025,4,Jaffna,Northern,Home,Coffee Maker,C03101,11,232961.36,1
T2025040002602,2025-04-21,2025,4,Colombo,Western,Electronics,Power Hub,C03649,13,503122.22,1
T2025040002603,2025-04-02,2025,4,Galle,Southern,Home,Coffee Maker,C02020,4,82535.15,1
T2025040002604,2025-04-05,2025,4,Gampaha,Western,Accessories,USB Cable,C03164,7,30596.49,1
T2025040002605,2025-04-21,2025,4,Ratnapura,Sabaragamuwa,Lifestyle,Fitness Band,C03157,5,51248.47,1
T2025040002606,2025-04-30,2025,4,Jaffna,Northern,Lifestyle,Water Bottle,C02732,2,21162.91,1
T2025040002607,2025-04-06,2025,4,Matara,Southern,Home,Air Purifier,C02423,7,155001.44,1
T2025040002608,2025-04-25,2025,4,Ratnapura,Sabaragamuwa,Lifestyle,Water Bottle,C03621,15,145188.02,1
T2025040002609,2025-04-28,2025,4,Anuradhapura,North Central,Outdoor,Portable Fan,C02113,7,106154.96,1
T2025040002610,2025-04-25,2025,4,Colombo,Western,Accessories,USB Cable,C01866,6,29722.77,1
T2025040002611,2025-04-10,2025,4,Puttalam,North Western,Outdoor,Camping Light,C02664,14,205325.87,1
T2025040002612,2025-04-15,2025,4,Monaragala,Uva,Lifestyle,Travel Kit,C04850,9,86590.61,1
T2025040002613,2025-04-25,2025,4,Kandy,Central,Electronics,Power Hub,C03327,7,243953.68,1
T2025040002614,2025-04-12,2025,4,Gampaha,Western,Office,Laser Printer,C01924,4,126907.26,1
T2025040002615,2025-04-05,2025,4,Kegalle,Sabaragamuwa,Electronics,Sound Bar,C04244,6,256196.78,1
T2025040002616,2025-04-29,2025,4,Ratnapura,Sabaragamuwa,Electronics,Sound Bar,C02906,3,105084.56,1
T2025040002617,2025-04-03,2025,4,Matara,Southern,Electronics,Wireless Router,C03290,2,79794.44,1
T2025040002618,2025-04-19,2025,4,Trincomalee,Eastern,Outdoor,Foldable Chair,C01817,4,58220.05,1
T2025040002619,2025-04-23,2025,4,Polonnaruwa,North Central,Office,Laser Printer,C04955,8,216611.17,1
T2025040002620,2025-04-19,2025,4,Gampaha,Western,Home,Storage Set,C01231,10,208179.14,1
T2025040002621,2025-04-06,2025,4,Kurunegala,North Western,Accessories,Mouse Pad,C02677,4,15955.77,1
T2025040002622,2025-04-01,2025,4,Polonnaruwa,North Central,Outdoor,Cooler Box,C03373,5,83109.12,1
T2025040002623,2025-04-07,2025,4,Kalutara,Western,Electronics,Smart Display,C01291,5,214167.83,1
T2025040002624,2025-04-05,2025,4,Trincomalee,Eastern,Electronics,Power Hub,C01099,7,272571.16,1
T2025040002625,2025-04-20,2025,4,Colombo,Western,Accessories,USB Cable,C01261,5,24062.76,1
T2025040002626,2025-04-19,2025,4,Badulla,Uva,Home,LED Lamp,C01575,6,110202.08,1
T2025040002627,2025-04-20,2025,4,Vavuniya,Northern,Electronics,Power Hub,C04898,5,172572.59,1
T2025040002628,2025-04-26,2025,4,Kandy,Central,Home,Air Purifier,C01213,7,154917.1,1
T2025040002629,2025-04-06,2025,4,Kalutara,Western,Outdoor,Portable Fan,C02407,3,41682.71,1
T2025040002630,2025-04-21,2025,4,Vavuniya,Northern,Office,Document Scanner,C01620,6,167504.68,1
T2025040002631,2025-04-24,2025,4,Colombo,Western,Outdoor,Foldable Chair,C03289,6,84020.77,1
T2025040002632,2025-04-27,2025,4,Gampaha,Western,Electronics,Smart Display,C04883,1,40716.95,1
T2025040002633,2025-04-25,2025,4,Galle,Southern,Accessories,Phone Stand,C02848,5,24417.5,1
T2025040002634,2025-04-05,2025,4,Kalutara,Western,Electronics,Power Hub,C01127,5,173353.19,1
T2025040002635,2025-04-10,2025,4,Kandy,Central,Electronics,Smart Display,C03225,10,399888.6,1
T2025040002636,2025-04-22,2025,4,Badulla,Uva,Home,Air Purifier,C02706,4,86346.68,1
T2025040002637,2025-04-14,2025,4,Matale,Central,Electronics,Sound Bar,C04853,3,116056.39,1
T2025040002638,2025-04-12,2025,4,Kurunegala,North Western,Electronics,Sound Bar,C03215,11,394169.04,1
T2025040002639,2025-04-04,2025,4,Nuwara Eliya,Central,Home,LED Lamp,C01867,8,137178.96,1
T2025040002640,2025-04-18,2025,4,Vavuniya,Northern,Outdoor,Cooler Box,C04522,12,201520.71,1
T2025040002641,2025-04-16,2025,4,Kurunegala,North Western,Outdoor,Portable Fan,C03092,8,122354.4,1
T2025040002642,2025-04-02,2025,4,Trincomalee,Eastern,Electronics,Power Hub,C04108,13,506727.8,1
T2025040002643,2025-04-27,2025,4,Matale,Central,Home,LED Lamp,C04591,9,186136.05,1
T2025040002644,2025-04-03,2025,4,Gampaha,Western,Electronics,Wireless Router,C02071,6,212461.06,1
T2025040002645,2025-04-20,2025,4,Vavuniya,Northern,Office,Office Chair,C04220,15,457187.94,1
T2025040002646,2025-04-17,2025,4,Puttalam,North Western,Accessories,Power Adapter,C03204,6,27434.78,1
T2025040002647,2025-04-09,2025,4,Jaffna,Northern,Electronics,Power Hub,C03610,6,222613.19,1
T2025040002648,2025-04-22,2025,4,Kalutara,Western,Accessories,Phone Stand,C05028,14,59775.06,1
T2025040002649,2025-04-01,2025,4,Galle,Southern,Home,LED Lamp,C02785,3,50312.38,1
T2025040002650,2025-04-08,2025,4,Galle,Southern,Outdoor,Portable Fan,C04715,8,128118.34,1
T2025040002651,2025-04-09,2025,4,Jaffna,Northern,Lifestyle,Fitness Band,C01994,3,34469.66,1
T2025040002652,2025-04-19,2025,4,Vavuniya,Northern,Outdoor,Camping Light,C04150,10,157465.19,1
T2025040002653,2025-04-24,2025,4,Gampaha,Western,Lifestyle,Desk Organizer,C04767,10,100104.83,1
T2025040002654,2025-04-28,2025,4,Kilinochchi,Northern,Office,Monitor Stand,C01674,12,348711.58,1
T2025040002655,2025-04-01,2025,4,Kegalle,Sabaragamuwa,Home,Air Purifier,C01416,13,275968.98,1
T2025040002656,2025-04-04,2025,4,Jaffna,Northern,Office,Office Chair,C04560,13,404436.47,1
T2025040002657,2025-04-11,2025,4,Ratnapura,Sabaragamuwa,Electronics,Smart Display,C01698,3,126759.36,1
T2025040002658,2025-04-05,2025,4,Trincomalee,Eastern,Home,LED Lamp,C03532,15,276267.54,1
T2025040002659,2025-04-07,2025,4,Anuradhapura,North Central,Office,Laser Printer,C03974,5,135634.97,1
T2025040002660,2025-04-10,2025,4,Galle,Southern,Lifestyle,Desk Organizer,C03052,8,85639.49,1
T2025040002661,2025-04-02,2025,4,Matara,Southern,Electronics,Smart Display,C01783,8,323456.38,1
T2025040002662,2025-04-30,2025,4,Anuradhapura,North Central,Office,Laser Printer,C02247,4,108089.95,1
T2025040002663,2025-04-29,2025,4,Mullaitivu,Northern,Outdoor,Camping Light,C02223,6,81741.25,1
T2025040002664,2025-04-29,2025,4,Jaffna,Northern,Electronics,Wireless Router,C03661,4,146651.88,1
T2025040002665,2025-04-30,2025,4,Batticaloa,Eastern,Electronics,Wireless Router,C02309,4,178087.86,1
T2025040002666,2025-04-18,2025,4,Colombo,Western,Electronics,Smart Display,C02143,9,361060.18,1
T2025040002667,2025-04-12,2025,4,Trincomalee,Eastern,Accessories,Phone Stand,C03682,8,33509.3,1
T2025040002668,2025-04-08,2025,4,Gampaha,Western,Electronics,Power Hub,C02417,2,81450.89,1
T2025040002669,2025-04-15,2025,4,Colombo,Western,Electronics,Sound Bar,C02175,3,110807.56,1
T2025040002670,2025-04-12,2025,4,Kalutara,Western,Accessories,Mouse Pad,C01563,3,12075.85,1
T2025040002671,2025-04-24,2025,4,Ratnapura,Sabaragamuwa,Office,Laser Printer,C05078,6,187764.9,1
T2025040002672,2025-04-13,2025,4,Ratnapura,Sabaragamuwa,Outdoor,Foldable Chair,C03557,10,167183.4,1
T2025040002673,2025-04-08,2025,4,Ampara,Eastern,Accessories,Mouse Pad,C04433,12,53066.31,1
T2025040002674,2025-04-12,2025,4,Gampaha,Western,Electronics,Sound Bar,C01057,7,298984.54,1
T2025040002675,2025-04-08,2025,4,Kegalle,Sabaragamuwa,Home,LED Lamp,C03126,6,134473.43,1
T2025040002676,2025-04-11,2025,4,Hambantota,Southern,Home,LED Lamp,C02337,10,210438.33,1
T2025040002677,2025-04-15,2025,4,Anuradhapura,North Central,Office,Office Chair,C04230,16,461117.21,1
T2025040002678,2025-04-05,2025,4,Kurunegala,North Western,Home,Coffee Maker,C04279,12,232478.32,1
T2025040002679,2025-04-28,2025,4,Ratnapura,Sabaragamuwa,Office,Document Scanner,C04349,7,206041.83,1
T2025040002680,2025-04-22,2025,4,Puttalam,North Western,Home,Storage Set,C01660,4,72187.09,1
T2025040002681,2025-04-17,2025,4,Galle,Southern,Electronics,Smart Display,C03485,8,369826.28,1
T2025040002682,2025-04-10,2025,4,Gampaha,Western,Home,Coffee Maker,C02717,2,41820.13,1
T2025040002683,2025-04-11,2025,4,Kilinochchi,Northern,Accessories,Phone Stand,C01712,11,48613.83,1
T2025040002684,2025-04-09,2025,4,Batticaloa,Eastern,Outdoor,Cooler Box,C03924,8,110322.49,1
T2025040002685,2025-04-25,2025,4,Ampara,Eastern,Home,Coffee Maker,C01721,3,58300.58,1
T2025040002686,2025-04-15,2025,4,Jaffna,Northern,Electronics,Smart Display,C02203,5,218061.28,1
T2025040002687,2025-04-28,2025,4,Kandy,Central,Electronics,Wireless Router,C05100,12,514364.74,1
T2025040002688,2025-04-13,2025,4,Jaffna,Northern,Home,Storage Set,C01191,6,131946.58,1
T2025040002689,2025-04-06,2025,4,Nuwara Eliya,Central,Electronics,Smart Display,C01359,3,132457.36,1
T2025040002690,2025-04-26,2025,4,Matale,Central,Office,Monitor Stand,C01674,10,286072.29,1
T2025040002691,2025-04-01,2025,4,Gampaha,Western,Home,Coffee Maker,C04473,11,213318.06,1
T2025040002692,2025-04-02,2025,4,Gampaha,Western,Office,Document Scanner,C01434,4,110588.0,1
T2025040002693,2025-04-03,2025,4,Gampaha,Western,Lifestyle,Fitness Band,C01657,11,109787.93,1
T2025040002694,2025-04-08,2025,4,Kalutara,Western,Accessories,Mouse Pad,C01957,3,14444.99,1
T2025040002695,2025-04-25,2025,4,Mullaitivu,Northern,Lifestyle,Desk Organizer,C01374,10,111080.71,1
T2025040002696,2025-04-24,2025,4,Badulla,Uva,Electronics,Wireless Router,C01418,7,248981.39,1
T2025040002697,2025-04-30,2025,4,Polonnaruwa,North Central,Office,Monitor Stand,C03988,1,27216.57,1
T2025040002698,2025-04-23,2025,4,Ratnapura,Sabaragamuwa,Home,Coffee Maker,C02357,3,59519.91,1
T2025040002699,2025-04-16,2025,4,Mannar,Northern,Office,Document Scanner,C01029,4,120254.43,1
T2025040002700,2025-04-14,2025,4,Kurunegala,North Western,Lifestyle,Desk Organizer,C01867,2,22471.87,1
T2025040002701,2025-04-29,2025,4,Puttalam,North Western,Lifestyle,Travel Kit,C02064,4,40530.67,1
T2025040002702,2025-04-25,2025,4,Batticaloa,Eastern,Home,Storage Set,C05018,3,55367.8,1
T2025040002703,2025-04-29,2025,4,Anuradhapura,North Central,Electronics,Power Hub,C01869,13,471614.34,1
T2025040002704,2025-04-15,2025,4,Kilinochchi,Northern,Office,Monitor Stand,C03883,12,363336.67,1
T2025040002705,2025-04-26,2025,4,Kalutara,Western,Home,Coffee Maker,C02591,10,181399.71,1
T2025040002706,2025-04-19,2025,4,Kegalle,Sabaragamuwa,Electronics,Smart Display,C04201,2,86794.13,1
T2025040002707,2025-04-09,2025,4,Trincomalee,Eastern,Home,Coffee Maker,C04735,6,115385.91,1
T2025040002708,2025-04-14,2025,4,Anuradhapura,North Central,Office,Monitor Stand,C01544,8,204300.72,1
T2025040002709,2025-04-03,2025,4,Polonnaruwa,North Central,Accessories,Power Adapter,C02164,5,23091.02,1
T2025040002710,2025-04-01,2025,4,Badulla,Uva,Outdoor,Portable Fan,C01596,7,95786.5,1
T2025040002711,2025-04-10,2025,4,Galle,Southern,Accessories,Power Adapter,C02283,12,57936.58,1
T2025040002712,2025-04-18,2025,4,Batticaloa,Eastern,Outdoor,Cooler Box,C03364,12,183977.21,1
T2025040002713,2025-04-20,2025,4,Colombo,Western,Home,Air Purifier,C04483,11,221934.17,1
T2025040002714,2025-04-12,2025,4,Matale,Central,Electronics,Sound Bar,C01827,13,493136.33,1
T2025040002715,2025-04-13,2025,4,Puttalam,North Western,Office,Document Scanner,C03383,10,263061.13,1
T2025040002716,2025-04-01,2025,4,Polonnaruwa,North Central,Electronics,Smart Display,C01766,5,220987.62,1
T2025040002717,2025-04-17,2025,4,Monaragala,Uva,Lifestyle,Travel Kit,C05019,11,114835.7,1
T2025040002718,2025-04-18,2025,4,Polonnaruwa,North Central,Electronics,Power Hub,C03022,5,211612.68,1
T2025040002719,2025-04-11,2025,4,Gampaha,Western,Outdoor,Portable Fan,C05037,11,149958.55,1
T2025040002720,2025-04-12,2025,4,Galle,Southern,Lifestyle,Fitness Band,C03797,5,52491.55,1
T2025050002721,2025-05-08,2025,5,Puttalam,North Western,Outdoor,Portable Fan,C02318,10,135745.91,1
T2025050002722,2025-05-14,2025,5,Puttalam,North Western,Lifestyle,Water Bottle,C03296,10,107149.44,1
T2025050002723,2025-05-07,2025,5,Galle,Southern,Lifestyle,Fitness Band,C04774,3,32366.74,1
T2025050002724,2025-05-16,2025,5,Galle,Southern,Outdoor,Portable Fan,C02884,9,127247.41,1
T2025050002725,2025-05-25,2025,5,Hambantota,Southern,Home,LED Lamp,C01131,4,80442.71,1
T2025050002726,2025-05-22,2025,5,Polonnaruwa,North Central,Lifestyle,Water Bottle,C04761,4,35809.55,1
T2025050002727,2025-05-05,2025,5,Kalutara,Western,Home,Storage Set,C04300,13,226921.51,1
T2025050002728,2025-05-14,2025,5,Anuradhapura,North Central,Accessories,Mouse Pad,C04413,5,19620.16,1
T2025050002729,2025-05-31,2025,5,Trincomalee,Eastern,Electronics,Smart Display,C02692,5,212308.16,1
T2025050002730,2025-05-07,2025,5,Hambantota,Southern,Office,Monitor Stand,C02028,13,356662.69,1
T2025050002731,2025-05-26,2025,5,Anuradhapura,North Central,Office,Document Scanner,C01248,5,151959.61,1
T2025050002732,2025-05-02,2025,5,Kegalle,Sabaragamuwa,Office,Office Chair,C02445,9,283319.08,1
T2025050002733,2025-05-16,2025,5,Kandy,Central,Home,Air Purifier,C02187,4,84814.44,1
T2025050002734,2025-05-31,2025,5,Ratnapura,Sabaragamuwa,Home,Storage Set,C04515,5,89119.69,1
T2025050002735,2025-05-02,2025,5,Trincomalee,Eastern,Office,Document Scanner,C04689,10,287622.13,1
T2025050002736,2025-05-14,2025,5,Jaffna,Northern,Home,Coffee Maker,C02301,12,249015.14,1
T2025050002737,2025-05-28,2025,5,Kandy,Central,Outdoor,Foldable Chair,C02206,4,55652.83,1
T2025050002738,2025-05-02,2025,5,Kurunegala,North Western,Electronics,Sound Bar,C02477,9,329357.18,1
T2025050002739,2025-05-27,2025,5,Hambantota,Southern,Electronics,Smart Display,C04808,6,263251.2,1
T2025050002740,2025-05-06,2025,5,Batticaloa,Eastern,Accessories,USB Cable,C04465,2,8126.98,1
T2025050002741,2025-05-27,2025,5,Badulla,Uva,Home,Coffee Maker,C03198,8,162356.97,1
T2025050002742,2025-05-31,2025,5,Colombo,Western,Electronics,Smart Display,C04481,8,322026.64,1
T2025050002743,2025-05-04,2025,5,Kalutara,Western,Accessories,Mouse Pad,C01114,17,83584.21,1
T2025050002744,2025-05-14,2025,5,Trincomalee,Eastern,Home,Air Purifier,C01497,7,155083.41,1
T2025050002745,2025-05-26,2025,5,Hambantota,Southern,Accessories,USB Cable,C02770,17,75355.29,1
T2025050002746,2025-05-31,2025,5,Matara,Southern,Outdoor,Foldable Chair,C01089,2,31196.22,1
T2025050002747,2025-05-30,2025,5,Kalutara,Western,Outdoor,Cooler Box,C03080,5,79484.63,1
T2025050002748,2025-05-14,2025,5,Polonnaruwa,North Central,Lifestyle,Water Bottle,C04634,15,176492.31,1
T2025050002749,2025-05-25,2025,5,Kilinochchi,Northern,Accessories,USB Cable,C04258,14,60123.4,1
T2025050002750,2025-05-23,2025,5,Badulla,Uva,Office,Monitor Stand,C01891,8,249667.13,1
T2025050002751,2025-05-18,2025,5,Gampaha,Western,Office,Document Scanner,C02477,12,318769.43,1
T2025050002752,2025-05-10,2025,5,Gampaha,Western,Home,Coffee Maker,C01392,15,303047.49,1
T2025050002753,2025-05-13,2025,5,Colombo,Western,Outdoor,Portable Fan,C04708,9,147387.92,1
T2025050002754,2025-05-07,2025,5,Polonnaruwa,North Central,Lifestyle,Water Bottle,C03916,8,75337.19,1
T2025050002755,2025-05-10,2025,5,Galle,Southern,Lifestyle,Fitness Band,C04563,11,110746.51,1
T2025050002756,2025-05-02,2025,5,Kegalle,Sabaragamuwa,Outdoor,Camping Light,C02390,7,113364.98,1
T2025050002757,2025-05-06,2025,5,Mannar,Northern,Outdoor,Cooler Box,C01381,4,55076.47,1
T2025050002758,2025-05-09,2025,5,Puttalam,North Western,Accessories,Phone Stand,C01267,5,23483.6,1
T2025050002759,2025-05-31,2025,5,Vavuniya,Northern,Electronics,Sound Bar,C03855,4,150448.38,1
T2025050002760,2025-05-05,2025,5,Ratnapura,Sabaragamuwa,Home,Air Purifier,C01334,11,250715.5,1
T2025050002761,2025-05-11,2025,5,Nuwara Eliya,Central,Accessories,USB Cable,C02854,5,24610.58,1
T2025050002762,2025-05-20,2025,5,Kandy,Central,Home,Coffee Maker,C02706,4,84632.9,1
T2025050002763,2025-05-30,2025,5,Badulla,Uva,Home,LED Lamp,C04229,4,80166.85,1
T2025050002764,2025-05-05,2025,5,Anuradhapura,North Central,Electronics,Sound Bar,C02004,11,455709.36,1
T2025050002765,2025-05-25,2025,5,Colombo,Western,Outdoor,Camping Light,C04640,5,79768.14,1
T2025050002766,2025-05-04,2025,5,Monaragala,Uva,Office,Office Chair,C01463,4,126746.17,1
T2025050002767,2025-05-09,2025,5,Kalutara,Western,Lifestyle,Water Bottle,C04045,4,44626.86,1
T2025050002768,2025-05-19,2025,5,Kalutara,Western,Outdoor,Foldable Chair,C01762,4,56878.73,1
T2025050002769,2025-05-13,2025,5,Kegalle,Sabaragamuwa,Electronics,Sound Bar,C02482,6,251757.4,1
T2025050002770,2025-05-31,2025,5,Hambantota,Southern,Electronics,Power Hub,C02050,6,251532.37,1
T2025050002771,2025-05-13,2025,5,Matale,Central,Office,Document Scanner,C03064,3,98850.54,1
T2025050002772,2025-05-01,2025,5,Badulla,Uva,Lifestyle,Desk Organizer,C02873,1,10126.98,1
T2025050002773,2025-05-02,2025,5,Monaragala,Uva,Home,LED Lamp,C03216,4,85107.04,1
T2025050002774,2025-05-01,2025,5,Nuwara Eliya,Central,Electronics,Wireless Router,C03906,5,187070.52,1
T2025050002775,2025-05-22,2025,5,Gampaha,Western,Office,Monitor Stand,C02948,12,356835.36,1
T2025050002776,2025-05-15,2025,5,Hambantota,Southern,Office,Office Chair,C03138,8,215836.73,1
T2025050002777,2025-05-23,2025,5,Polonnaruwa,North Central,Electronics,Smart Display,C02936,11,467175.37,1
T2025050002778,2025-05-24,2025,5,Kurunegala,North Western,Lifestyle,Fitness Band,C02478,14,124050.45,1
T2025050002779,2025-05-27,2025,5,Hambantota,Southern,Electronics,Power Hub,C04132,8,346711.99,1
T2025050002780,2025-05-04,2025,5,Kurunegala,North Western,Lifestyle,Desk Organizer,C03903,6,66389.86,1
T2025050002781,2025-05-09,2025,5,Kalutara,Western,Lifestyle,Water Bottle,C04550,2,19936.9,1
T2025050002782,2025-05-25,2025,5,Puttalam,North Western,Home,LED Lamp,C02408,5,95419.15,1
T2025050002783,2025-05-13,2025,5,Gampaha,Western,Outdoor,Camping Light,C03181,7,114270.72,1
T2025050002784,2025-05-03,2025,5,Galle,Southern,Accessories,Power Adapter,C04058,11,45689.73,1
T2025050002785,2025-05-25,2025,5,Gampaha,Western,Electronics,Wireless Router,C01071,3,109820.92,1
T2025050002786,2025-05-06,2025,5,Kalutara,Western,Outdoor,Foldable Chair,C04664,8,113084.65,1
T2025050002787,2025-05-26,2025,5,Badulla,Uva,Office,Laser Printer,C02389,4,132232.05,1
T2025050002788,2025-05-20,2025,5,Matale,Central,Lifestyle,Fitness Band,C01111,9,93447.5,1
T2025050002789,2025-05-13,2025,5,Anuradhapura,North Central,Lifestyle,Travel Kit,C04358,1,11419.28,1
T2025050002790,2025-05-07,2025,5,Anuradhapura,North Central,Electronics,Wireless Router,C04526,4,155135.64,1
T2025050002791,2025-05-02,2025,5,Ampara,Eastern,Electronics,Sound Bar,C01614,10,358143.42,1
T2025050002792,2025-05-06,2025,5,Kandy,Central,Outdoor,Cooler Box,C02102,5,77545.53,1
T2025050002793,2025-05-14,2025,5,Ratnapura,Sabaragamuwa,Electronics,Smart Display,C01384,15,685015.15,1
T2025050002794,2025-05-09,2025,5,Hambantota,Southern,Office,Monitor Stand,C04277,6,188483.7,1
T2025050002795,2025-05-13,2025,5,Anuradhapura,North Central,Electronics,Power Hub,C02064,5,203746.75,1
T2025050002796,2025-05-06,2025,5,Colombo,Western,Lifestyle,Travel Kit,C04794,4,41525.25,1
T2025050002797,2025-05-07,2025,5,Anuradhapura,North Central,Office,Office Chair,C01912,16,498873.37,1
T2025050002798,2025-05-23,2025,5,Gampaha,Western,Office,Monitor Stand,C03320,3,90385.43,1
T2025050002799,2025-05-09,2025,5,Ratnapura,Sabaragamuwa,Office,Document Scanner,C03859,13,367864.61,1
T2025050002800,2025-05-16,2025,5,Hambantota,Southern,Lifestyle,Desk Organizer,C03966,14,164016.03,1
T2025050002801,2025-05-06,2025,5,Matara,Southern,Office,Monitor Stand,C03395,8,211648.35,1
T2025050002802,2025-05-28,2025,5,Badulla,Uva,Outdoor,Portable Fan,C03686,5,74443.28,1
T2025050002803,2025-05-06,2025,5,Colombo,Western,Electronics,Power Hub,C02547,5,188788.46,1
T2025050002804,2025-05-25,2025,5,Matale,Central,Electronics,Wireless Router,C03185,5,208414.99,1
T2025050002805,2025-05-17,2025,5,Kandy,Central,Home,Coffee Maker,C02609,11,216197.16,1
T2025050002806,2025-05-28,2025,5,Vavuniya,Northern,Accessories,Phone Stand,C03941,5,22834.51,1
T2025050002807,2025-05-09,2025,5,Galle,Southern,Outdoor,Portable Fan,C01340,9,120218.52,1
T2025050002808,2025-05-31,2025,5,Matara,Southern,Office,Laser Printer,C01100,1,26875.41,1
T2025050002809,2025-05-24,2025,5,Badulla,Uva,Office,Monitor Stand,C04947,14,374095.17,1
T2025050002810,2025-05-19,2025,5,Kurunegala,North Western,Electronics,Smart Display,C01267,11,466180.2,1
T2025050002811,2025-05-28,2025,5,Kandy,Central,Lifestyle,Water Bottle,C05004,9,95207.8,1
T2025050002812,2025-05-07,2025,5,Matale,Central,Lifestyle,Water Bottle,C03260,7,70123.17,1
T2025050002813,2025-05-09,2025,5,Colombo,Western,Outdoor,Foldable Chair,C04405,13,220734.46,1
T2025050002814,2025-05-18,2025,5,Trincomalee,Eastern,Home,LED Lamp,C04311,13,287911.86,1
T2025050002815,2025-05-27,2025,5,Galle,Southern,Home,Air Purifier,C04054,7,154706.19,1
T2025050002816,2025-05-19,2025,5,Ratnapura,Sabaragamuwa,Electronics,Power Hub,C02368,12,396375.67,1
T2025050002817,2025-05-01,2025,5,Matale,Central,Electronics,Power Hub,C04155,5,179900.46,1
T2025050002818,2025-05-08,2025,5,Kurunegala,North Western,Lifestyle,Water Bottle,C01300,9,91123.37,1
T2025050002819,2025-05-16,2025,5,Mullaitivu,Northern,Home,Air Purifier,C04247,9,201317.92,1
T2025050002820,2025-05-06,2025,5,Anuradhapura,North Central,Lifestyle,Fitness Band,C02112,10,100721.82,1
T2025050002821,2025-05-25,2025,5,Monaragala,Uva,Office,Laser Printer,C01133,7,195312.76,1
T2025050002822,2025-05-13,2025,5,Matara,Southern,Electronics,Wireless Router,C01383,7,250059.67,1
T2025050002823,2025-05-13,2025,5,Kalutara,Western,Office,Office Chair,C04946,2,63131.8,1
T2025050002824,2025-05-05,2025,5,Polonnaruwa,North Central,Outdoor,Foldable Chair,C02131,11,179244.77,1
T2025050002825,2025-05-18,2025,5,Kandy,Central,Outdoor,Portable Fan,C01637,12,185309.54,1
T2025050002826,2025-05-25,2025,5,Colombo,Western,Home,LED Lamp,C01502,3,61215.22,1
T2025050002827,2025-05-07,2025,5,Ratnapura,Sabaragamuwa,Office,Laser Printer,C04888,14,422627.29,1
T2025050002828,2025-05-16,2025,5,Puttalam,North Western,Lifestyle,Fitness Band,C02309,3,29028.75,1
T2025050002829,2025-05-03,2025,5,Kegalle,Sabaragamuwa,Outdoor,Cooler Box,C04799,7,119307.63,1
T2025050002830,2025-05-06,2025,5,Kilinochchi,Northern,Outdoor,Foldable Chair,C03150,6,89545.75,1
T2025050002831,2025-05-22,2025,5,Kalutara,Western,Office,Office Chair,C01714,10,322938.85,1
T2025050002832,2025-05-10,2025,5,Trincomalee,Eastern,Office,Laser Printer,C01926,6,175031.17,1
T2025050002833,2025-05-20,2025,5,Matara,Southern,Accessories,Phone Stand,C01521,5,22847.06,1
T2025050002834,2025-05-08,2025,5,Colombo,Western,Home,LED Lamp,C03225,8,163234.39,1
T2025050002835,2025-05-26,2025,5,Ampara,Eastern,Home,Air Purifier,C02202,12,269124.9,1
T2025050002836,2025-05-17,2025,5,Hambantota,Southern,Lifestyle,Desk Organizer,C04863,12,109746.82,1
T2025050002837,2025-05-11,2025,5,Ratnapura,Sabaragamuwa,Home,LED Lamp,C01934,12,245874.64,1
T2025050002838,2025-05-29,2025,5,Gampaha,Western,Office,Monitor Stand,C02163,12,363839.9,1
T2025050002839,2025-05-16,2025,5,Colombo,Western,Accessories,USB Cable,C01938,2,9535.94,1
T2025050002840,2025-05-07,2025,5,Galle,Southern,Home,Storage Set,C01393,2,41878.79,1
T2025050002841,2025-05-06,2025,5,Jaffna,Northern,Accessories,USB Cable,C04722,6,25682.78,1
T2025050002842,2025-05-27,2025,5,Ratnapura,Sabaragamuwa,Lifestyle,Water Bottle,C03451,7,79671.58,1
T2025050002843,2025-05-31,2025,5,Ampara,Eastern,Electronics,Sound Bar,C03777,8,314808.03,1
T2025050002844,2025-05-14,2025,5,Batticaloa,Eastern,Electronics,Power Hub,C01018,14,538458.72,1
T2025050002845,2025-05-26,2025,5,Badulla,Uva,Home,Air Purifier,C02405,7,147562.61,1
T2025050002846,2025-05-20,2025,5,Mannar,Northern,Lifestyle,Fitness Band,C02967,3,28657.14,1
T2025050002847,2025-05-09,2025,5,Kegalle,Sabaragamuwa,Lifestyle,Water Bottle,C03299,4,43703.96,1
T2025050002848,2025-05-17,2025,5,Batticaloa,Eastern,Electronics,Wireless Router,C03737,9,391189.55,1
T2025050002849,2025-05-10,2025,5,Colombo,Western,Electronics,Wireless Router,C02169,4,175562.07,1
T2025050002850,2025-05-31,2025,5,Galle,Southern,Electronics,Smart Display,C02280,4,165336.73,1
T2025050002851,2025-05-27,2025,5,Kalutara,Western,Accessories,Mouse Pad,C04319,11,52061.56,1
T2025050002852,2025-05-05,2025,5,Batticaloa,Eastern,Office,Document Scanner,C01007,13,357087.1,1
T2025050002853,2025-05-12,2025,5,Matale,Central,Outdoor,Foldable Chair,C01345,6,92957.7,1
T2025050002854,2025-05-25,2025,5,Kandy,Central,Outdoor,Portable Fan,C04009,14,222875.69,1
T2025050002855,2025-05-04,2025,5,Badulla,Uva,Outdoor,Foldable Chair,C02204,6,93315.77,1
T2025050002856,2025-05-31,2025,5,Kegalle,Sabaragamuwa,Home,Coffee Maker,C03265,10,195728.78,1
T2025050002857,2025-05-13,2025,5,Kegalle,Sabaragamuwa,Electronics,Smart Display,C04123,11,440844.19,1
T2025050002858,2025-05-12,2025,5,Kegalle,Sabaragamuwa,Home,Air Purifier,C02060,8,166466.36,1
T2025050002859,2025-05-24,2025,5,Kegalle,Sabaragamuwa,Outdoor,Cooler Box,C02106,2,27239.12,1
T2025050002860,2025-05-01,2025,5,Jaffna,Northern,Electronics,Power Hub,C02056,6,223961.17,1
T2025050002861,2025-05-07,2025,5,Ratnapura,Sabaragamuwa,Lifestyle,Desk Organizer,C02450,13,125575.94,1
T2025050002862,2025-05-07,2025,5,Monaragala,Uva,Accessories,Phone Stand,C03032,5,22215.77,1
T2025050002863,2025-05-15,2025,5,Polonnaruwa,North Central,Home,Storage Set,C05059,8,150476.6,1
T2025050002864,2025-05-02,2025,5,Colombo,Western,Electronics,Wireless Router,C02415,7,303488.18,1
T2025050002865,2025-05-07,2025,5,Badulla,Uva,Outdoor,Camping Light,C03682,8,121223.4,1
T2025050002866,2025-05-01,2025,5,Colombo,Western,Accessories,Mouse Pad,C01081,1,4183.41,1
T2025050002867,2025-05-05,2025,5,Colombo,Western,Accessories,Mouse Pad,C04268,12,59943.07,1
T2025050002868,2025-05-28,2025,5,Ratnapura,Sabaragamuwa,Home,LED Lamp,C01277,5,111499.58,1
T2025050002869,2025-05-11,2025,5,Kalutara,Western,Electronics,Sound Bar,C05061,4,152239.52,1
T2025050002870,2025-05-27,2025,5,Hambantota,Southern,Electronics,Power Hub,C03681,9,338750.85,1
T2025050002871,2025-05-17,2025,5,Matale,Central,Electronics,Sound Bar,C01456,4,151918.44,1
T2025050002872,2025-05-20,2025,5,Colombo,Western,Accessories,Mouse Pad,C04508,14,59072.11,1
T2025050002873,2025-05-21,2025,5,Mannar,Northern,Office,Office Chair,C01279,16,433027.18,1
T2025050002874,2025-05-08,2025,5,Gampaha,Western,Electronics,Power Hub,C03986,8,271626.25,1
T2025050002875,2025-05-16,2025,5,Galle,Southern,Electronics,Power Hub,C03730,4,164891.37,1
T2025050002876,2025-05-16,2025,5,Polonnaruwa,North Central,Electronics,Sound Bar,C03518,5,203836.31,1
T2025050002877,2025-05-22,2025,5,Kandy,Central,Electronics,Sound Bar,C04950,8,345999.78,1
T2025050002878,2025-05-21,2025,5,Colombo,Western,Lifestyle,Desk Organizer,C02610,4,43081.96,1
T2025050002879,2025-05-05,2025,5,Colombo,Western,Home,LED Lamp,C01369,9,186306.17,1
T2025050002880,2025-05-07,2025,5,Mullaitivu,Northern,Electronics,Sound Bar,C04968,4,140298.33,1
T2025050002881,2025-05-28,2025,5,Kurunegala,North Western,Outdoor,Foldable Chair,C03254,6,94817.21,1
T2025050002882,2025-05-24,2025,5,Puttalam,North Western,Lifestyle,Fitness Band,C04637,14,145313.68,1
T2025050002883,2025-05-23,2025,5,Puttalam,North Western,Home,Air Purifier,C01043,11,233002.74,1
T2025050002884,2025-05-30,2025,5,Puttalam,North Western,Office,Document Scanner,C01280,9,284639.89,1
T2025050002885,2025-05-03,2025,5,Colombo,Western,Office,Office Chair,C03844,5,147400.55,1
T2025050002886,2025-05-12,2025,5,Colombo,Western,Outdoor,Foldable Chair,C01012,5,84752.45,1
T2025050002887,2025-05-23,2025,5,Matale,Central,Outdoor,Foldable Chair,C03223,11,162892.35,1
T2025050002888,2025-05-21,2025,5,Kandy,Central,Office,Document Scanner,C01385,7,210667.42,1
T2025050002889,2025-05-11,2025,5,Kandy,Central,Lifestyle,Fitness Band,C03552,13,124704.0,1
T2025050002890,2025-05-06,2025,5,Kegalle,Sabaragamuwa,Accessories,Phone Stand,C02226,3,13711.25,1
T2025060002891,2025-06-08,2025,6,Mullaitivu,Northern,Home,LED Lamp,C01327,7,153039.27,1
T2025060002892,2025-06-22,2025,6,Mannar,Northern,Office,Monitor Stand,C01173,6,192156.33,1
T2025060002893,2025-06-29,2025,6,Galle,Southern,Electronics,Wireless Router,C01742,6,247264.34,1
T2025060002894,2025-06-24,2025,6,Kalutara,Western,Electronics,Sound Bar,C03807,6,236298.69,1
T2025060002895,2025-06-17,2025,6,Batticaloa,Eastern,Lifestyle,Water Bottle,C01170,13,154990.79,1
T2025060002896,2025-06-20,2025,6,Hambantota,Southern,Lifestyle,Desk Organizer,C01349,4,50994.5,1
T2025060002897,2025-06-03,2025,6,Mullaitivu,Northern,Office,Monitor Stand,C02822,3,98987.95,1
T2025060002898,2025-06-18,2025,6,Anuradhapura,North Central,Home,Air Purifier,C03747,5,111436.3,1
T2025060002899,2025-06-22,2025,6,Nuwara Eliya,Central,Outdoor,Cooler Box,C02528,3,48648.26,1
T2025060002900,2025-06-01,2025,6,Colombo,Western,Accessories,Phone Stand,C02203,5,24735.89,1
T2025060002901,2025-06-23,2025,6,Trincomalee,Eastern,Lifestyle,Water Bottle,C03977,5,57471.85,1
T2025060002902,2025-06-03,2025,6,Polonnaruwa,North Central,Office,Office Chair,C02612,6,167090.68,1
T2025060002903,2025-06-19,2025,6,Kurunegala,North Western,Outdoor,Foldable Chair,C02998,5,85967.84,1
T2025060002904,2025-06-06,2025,6,Anuradhapura,North Central,Accessories,Phone Stand,C04338,5,23765.17,1
T2025060002905,2025-06-05,2025,6,Galle,Southern,Electronics,Sound Bar,C01112,10,358826.92,1
T2025060002906,2025-06-01,2025,6,Matale,Central,Electronics,Power Hub,C04674,4,159406.87,1
T2025060002907,2025-06-08,2025,6,Colombo,Western,Accessories,USB Cable,C04223,2,9462.41,1
T2025060002908,2025-06-21,2025,6,Anuradhapura,North Central,Home,LED Lamp,C01719,8,165451.75,1
T2025060002909,2025-06-19,2025,6,Batticaloa,Eastern,Lifestyle,Fitness Band,C02773,2,20744.93,1
T2025060002910,2025-06-12,2025,6,Colombo,Western,Office,Laser Printer,C02173,4,132513.55,1
T2025060002911,2025-06-19,2025,6,Gampaha,Western,Electronics,Power Hub,C04040,7,310247.7,1
T2025060002912,2025-06-02,2025,6,Polonnaruwa,North Central,Lifestyle,Travel Kit,C04215,2,22968.54,1
T2025060002913,2025-06-30,2025,6,Colombo,Western,Outdoor,Portable Fan,C03858,11,183551.79,1
T2025060002914,2025-06-02,2025,6,Ampara,Eastern,Home,Coffee Maker,C02123,5,105641.65,1
T2025060002915,2025-06-17,2025,6,Kandy,Central,Home,Coffee Maker,C02845,3,60899.3,1
T2025060002916,2025-06-21,2025,6,Gampaha,Western,Lifestyle,Desk Organizer,C03850,6,64851.04,1
T2025060002917,2025-06-28,2025,6,Puttalam,North Western,Home,Storage Set,C02286,4,89972.72,1
T2025060002918,2025-06-11,2025,6,Gampaha,Western,Lifestyle,Desk Organizer,C01429,9,102129.13,1
T2025060002919,2025-06-10,2025,6,Kegalle,Sabaragamuwa,Home,Storage Set,C02144,7,136945.16,1
T2025060002920,2025-06-29,2025,6,Matale,Central,Outdoor,Cooler Box,C04454,13,190638.04,1
T2025060002921,2025-06-01,2025,6,Nuwara Eliya,Central,Accessories,Power Adapter,C03992,3,16312.99,1
T2025060002922,2025-06-16,2025,6,Colombo,Western,Electronics,Smart Display,C04467,11,495677.24,1
T2025060002923,2025-06-05,2025,6,Nuwara Eliya,Central,Lifestyle,Fitness Band,C04060,4,43303.13,1
T2025060002924,2025-06-02,2025,6,Kandy,Central,Home,Storage Set,C03174,9,209666.87,1
T2025060002925,2025-06-19,2025,6,Kalutara,Western,Office,Monitor Stand,C04831,2,67930.5,1
T2025060002926,2025-06-24,2025,6,Vavuniya,Northern,Office,Document Scanner,C04562,14,463462.12,1
T2025060002927,2025-06-18,2025,6,Vavuniya,Northern,Lifestyle,Desk Organizer,C02009,4,46008.64,1
T2025060002928,2025-06-18,2025,6,Jaffna,Northern,Office,Document Scanner,C04244,14,419039.29,1
T2025060002929,2025-06-28,2025,6,Colombo,Western,Electronics,Sound Bar,C04918,7,299551.31,1
T2025060002930,2025-06-06,2025,6,Kandy,Central,Outdoor,Camping Light,C02521,2,30811.44,1
T2025060002931,2025-06-07,2025,6,Kandy,Central,Electronics,Sound Bar,C04925,11,400357.32,1
T2025060002932,2025-06-06,2025,6,Kegalle,Sabaragamuwa,Home,Coffee Maker,C01328,12,276955.07,1
T2025060002933,2025-06-13,2025,6,Kandy,Central,Electronics,Power Hub,C04770,8,343968.67,1
T2025060002934,2025-06-08,2025,6,Kandy,Central,Lifestyle,Travel Kit,C02307,10,122186.86,1
T2025060002935,2025-06-19,2025,6,Colombo,Western,Home,LED Lamp,C01178,3,70106.64,1
T2025060002936,2025-06-17,2025,6,Colombo,Western,Office,Office Chair,C02436,5,149074.64,1
T2025060002937,2025-06-26,2025,6,Jaffna,Northern,Electronics,Sound Bar,C01075,9,361567.26,1
T2025060002938,2025-06-05,2025,6,Polonnaruwa,North Central,Home,Coffee Maker,C03803,13,243198.83,1
T2025060002939,2025-06-18,2025,6,Nuwara Eliya,Central,Lifestyle,Fitness Band,C02653,15,158990.5,1
T2025060002940,2025-06-07,2025,6,Kurunegala,North Western,Home,Coffee Maker,C03015,9,173511.66,1
T2025060002941,2025-06-16,2025,6,Kegalle,Sabaragamuwa,Office,Office Chair,C02051,6,189101.73,1
T2025060002942,2025-06-13,2025,6,Ratnapura,Sabaragamuwa,Home,Air Purifier,C04264,14,339607.86,1
T2025060002943,2025-06-02,2025,6,Ratnapura,Sabaragamuwa,Lifestyle,Travel Kit,C03962,5,59617.61,1
T2025060002944,2025-06-21,2025,6,Batticaloa,Eastern,Electronics,Wireless Router,C02109,5,225651.33,1
T2025060002945,2025-06-05,2025,6,Ampara,Eastern,Outdoor,Foldable Chair,C01440,13,196241.14,1
T2025060002946,2025-06-15,2025,6,Hambantota,Southern,Outdoor,Cooler Box,C04507,6,97547.83,1
T2025060002947,2025-06-27,2025,6,Polonnaruwa,North Central,Lifestyle,Travel Kit,C01113,2,23644.49,1
T2025060002948,2025-06-29,2025,6,Anuradhapura,North Central,Office,Monitor Stand,C04306,14,408539.47,1
T2025060002949,2025-06-11,2025,6,Kurunegala,North Western,Home,Storage Set,C03190,8,176273.6,1
T2025060002950,2025-06-27,2025,6,Gampaha,Western,Accessories,Mouse Pad,C03276,17,89331.51,1
T2025060002951,2025-06-19,2025,6,Mullaitivu,Northern,Office,Document Scanner,C01282,10,340828.95,1
T2025060002952,2025-06-27,2025,6,Colombo,Western,Home,LED Lamp,C02171,6,141232.82,1
T2025060002953,2025-06-29,2025,6,Kalutara,Western,Electronics,Sound Bar,C03108,6,232481.06,1
T2025060002954,2025-06-11,2025,6,Kurunegala,North Western,Lifestyle,Fitness Band,C01855,8,90799.04,1
T2025060002955,2025-06-22,2025,6,Kandy,Central,Electronics,Smart Display,C02495,6,282069.32,1
T2025060002956,2025-06-10,2025,6,Gampaha,Western,Electronics,Wireless Router,C05078,4,188327.81,1
T2025060002957,2025-06-28,2025,6,Nuwara Eliya,Central,Office,Document Scanner,C01527,7,222280.18,1
T2025060002958,2025-06-02,2025,6,Monaragala,Uva,Electronics,Power Hub,C04958,5,210648.09,1
T2025060002959,2025-06-24,2025,6,Colombo,Western,Lifestyle,Desk Organizer,C01632,4,45885.17,1
T2025060002960,2025-06-13,2025,6,Ampara,Eastern,Home,Storage Set,C03221,2,41665.19,1
T2025060002961,2025-06-07,2025,6,Matara,Southern,Lifestyle,Water Bottle,C04169,12,139783.0,1
T2025060002962,2025-06-07,2025,6,Polonnaruwa,North Central,Outdoor,Portable Fan,C02263,6,84677.33,1
T2025060002963,2025-06-13,2025,6,Colombo,Western,Outdoor,Portable Fan,C01686,6,87667.59,1
T2025060002964,2025-06-09,2025,6,Nuwara Eliya,Central,Accessories,Mouse Pad,C04329,5,23578.72,1
T2025060002965,2025-06-12,2025,6,Ratnapura,Sabaragamuwa,Home,Coffee Maker,C05044,3,69853.51,1
T2025060002966,2025-06-13,2025,6,Hambantota,Southern,Home,Air Purifier,C01429,7,148179.33,1
T2025060002967,2025-06-12,2025,6,Anuradhapura,North Central,Outdoor,Foldable Chair,C01471,3,47431.19,1
T2025060002968,2025-06-09,2025,6,Nuwara Eliya,Central,Electronics,Wireless Router,C03479,3,118985.73,1
T2025060002969,2025-06-07,2025,6,Hambantota,Southern,Home,LED Lamp,C02653,7,157929.01,1
T2025060002970,2025-06-28,2025,6,Colombo,Western,Outdoor,Foldable Chair,C04850,2,31181.73,1
T2025060002971,2025-06-26,2025,6,Ratnapura,Sabaragamuwa,Home,Air Purifier,C03444,14,293036.07,1
T2025060002972,2025-06-26,2025,6,Jaffna,Northern,Home,LED Lamp,C01371,9,189532.22,1
T2025060002973,2025-06-24,2025,6,Batticaloa,Eastern,Lifestyle,Fitness Band,C03278,3,30259.17,1
T2025060002974,2025-06-20,2025,6,Colombo,Western,Outdoor,Camping Light,C04897,7,119283.21,1
T2025060002975,2025-06-05,2025,6,Badulla,Uva,Electronics,Wireless Router,C03758,8,305267.64,1
T2025060002976,2025-06-11,2025,6,Galle,Southern,Home,Air Purifier,C03448,13,289007.45,1
T2025060002977,2025-06-17,2025,6,Kurunegala,North Western,Home,Storage Set,C03451,15,283522.95,1
T2025060002978,2025-06-22,2025,6,Jaffna,Northern,Office,Office Chair,C03058,2,57485.83,1
T2025060002979,2025-06-06,2025,6,Colombo,Western,Office,Document Scanner,C01009,10,309248.17,1
T2025060002980,2025-06-03,2025,6,Ampara,Eastern,Outdoor,Camping Light,C02911,6,99007.47,1
T2025060002981,2025-06-07,2025,6,Nuwara Eliya,Central,Home,Air Purifier,C04840,12,251154.95,1
T2025060002982,2025-06-10,2025,6,Gampaha,Western,Outdoor,Portable Fan,C04860,7,109993.97,1
T2025060002983,2025-06-17,2025,6,Galle,Southern,Accessories,Power Adapter,C01547,13,62236.58,1
T2025060002984,2025-06-26,2025,6,Kurunegala,North Western,Electronics,Sound Bar,C03622,9,384989.83,1
T2025060002985,2025-06-08,2025,6,Anuradhapura,North Central,Home,Storage Set,C02304,9,174951.56,1
T2025060002986,2025-06-06,2025,6,Colombo,Western,Office,Document Scanner,C03294,7,243265.3,1
T2025060002987,2025-06-23,2025,6,Ratnapura,Sabaragamuwa,Electronics,Power Hub,C02577,1,38718.98,1
T2025060002988,2025-06-03,2025,6,Kalutara,Western,Accessories,USB Cable,C04044,15,74690.65,1
T2025060002989,2025-06-29,2025,6,Hambantota,Southern,Lifestyle,Water Bottle,C02202,6,65163.99,1
T2025060002990,2025-06-30,2025,6,Mannar,Northern,Home,Air Purifier,C04444,4,83322.9,1
T2025060002991,2025-06-05,2025,6,Kandy,Central,Lifestyle,Desk Organizer,C01221,12,119895.27,1
T2025060002992,2025-06-27,2025,6,Colombo,Western,Office,Document Scanner,C03592,5,163493.97,1
T2025060002993,2025-06-15,2025,6,Batticaloa,Eastern,Lifestyle,Water Bottle,C04818,8,96441.29,1
T2025060002994,2025-06-11,2025,6,Batticaloa,Eastern,Lifestyle,Desk Organizer,C03572,4,42711.83,1
T2025060002995,2025-06-15,2025,6,Kilinochchi,Northern,Office,Document Scanner,C02722,7,219484.41,1
T2025060002996,2025-06-17,2025,6,Matale,Central,Office,Monitor Stand,C04028,16,520500.13,1
T2025060002997,2025-06-18,2025,6,Kalutara,Western,Outdoor,Cooler Box,C03160,7,105634.62,1
T2025060002998,2025-06-13,2025,6,Colombo,Western,Electronics,Smart Display,C04924,3,126145.48,1
T2025060002999,2025-06-24,2025,6,Trincomalee,Eastern,Electronics,Smart Display,C03734,3,136158.57,1
T2025060003000,2025-06-17,2025,6,Gampaha,Western,Accessories,Mouse Pad,C01806,10,54460.47,1
T2025060003001,2025-06-23,2025,6,Ampara,Eastern,Lifestyle,Desk Organizer,C04179,10,127151.2,1
T2025060003002,2025-06-16,2025,6,Badulla,Uva,Electronics,Sound Bar,C02798,11,472526.87,1
T2025060003003,2025-06-09,2025,6,Galle,Southern,Office,Office Chair,C02835,13,401057.45,1
T2025060003004,2025-06-08,2025,6,Ampara,Eastern,Office,Document Scanner,C01379,10,277191.75,1
T2025060003005,2025-06-07,2025,6,Nuwara Eliya,Central,Lifestyle,Desk Organizer,C02846,5,60115.5,1
T2025060003006,2025-06-27,2025,6,Anuradhapura,North Central,Lifestyle,Fitness Band,C02400,11,135254.85,1
T2025060003007,2025-06-15,2025,6,Gampaha,Western,Home,Air Purifier,C03608,9,188493.98,1
T2025060003008,2025-06-23,2025,6,Ampara,Eastern,Lifestyle,Travel Kit,C03244,11,116827.06,1
T2025060003009,2025-06-03,2025,6,Galle,Southern,Lifestyle,Travel Kit,C01858,5,52547.71,1
T2025060003010,2025-06-30,2025,6,Ratnapura,Sabaragamuwa,Office,Laser Printer,C02249,4,129745.39,1
T2025060003011,2025-06-11,2025,6,Polonnaruwa,North Central,Electronics,Power Hub,C01933,8,309110.04,1
T2025060003012,2025-06-20,2025,6,Mullaitivu,Northern,Office,Document Scanner,C04690,6,171948.73,1
T2025060003013,2025-06-14,2025,6,Kandy,Central,Accessories,Power Adapter,C03926,7,31204.96,1
T2025060003014,2025-06-24,2025,6,Vavuniya,Northern,Home,LED Lamp,C04468,12,287355.98,1
T2025060003015,2025-06-16,2025,6,Colombo,Western,Electronics,Sound Bar,C03616,4,173546.64,1
T2025060003016,2025-06-15,2025,6,Badulla,Uva,Home,Storage Set,C03999,9,177980.39,1
T2025060003017,2025-06-23,2025,6,Ampara,Eastern,Electronics,Power Hub,C02708,2,87207.58,1
T2025060003018,2025-06-27,2025,6,Nuwara Eliya,Central,Home,Coffee Maker,C02341,4,80999.32,1
T2025060003019,2025-06-18,2025,6,Galle,Southern,Accessories,Power Adapter,C01566,5,23942.36,1
T2025060003020,2025-06-15,2025,6,Kandy,Central,Lifestyle,Desk Organizer,C01197,13,136354.56,1
T2025060003021,2025-06-24,2025,6,Polonnaruwa,North Central,Office,Document Scanner,C02448,3,94139.99,1
T2025060003022,2025-06-09,2025,6,Galle,Southern,Home,Air Purifier,C04990,10,232115.97,1
T2025060003023,2025-06-01,2025,6,Gampaha,Western,Electronics,Smart Display,C03759,14,714108.53,1
T2025060003024,2025-06-29,2025,6,Jaffna,Northern,Electronics,Smart Display,C03349,17,706999.36,1
T2025060003025,2025-06-23,2025,6,Anuradhapura,North Central,Office,Document Scanner,C01480,8,271521.75,1
T2025060003026,2025-06-24,2025,6,Trincomalee,Eastern,Outdoor,Foldable Chair,C01212,17,284226.68,1
T2025060003027,2025-06-25,2025,6,Kilinochchi,Northern,Home,LED Lamp,C02649,14,309529.46,1
T2025060003028,2025-06-23,2025,6,Kegalle,Sabaragamuwa,Office,Laser Printer,C04150,11,320041.94,1
T2025060003029,2025-06-14,2025,6,Matara,Southern,Lifestyle,Fitness Band,C04093,6,76091.91,1
T2025060003030,2025-06-09,2025,6,Gampaha,Western,Home,Storage Set,C02971,4,98587.52,1
T2025060003031,2025-06-22,2025,6,Gampaha,Western,Outdoor,Cooler Box,C02095,9,133960.23,1
T2025060003032,2025-06-14,2025,6,Mullaitivu,Northern,Electronics,Sound Bar,C04586,8,354604.48,1
T2025060003033,2025-06-28,2025,6,Galle,Southern,Office,Laser Printer,C04886,6,172725.84,1
T2025060003034,2025-06-09,2025,6,Batticaloa,Eastern,Home,Storage Set,C01986,5,109498.63,1
T2025060003035,2025-06-10,2025,6,Kandy,Central,Outdoor,Camping Light,C04752,12,207633.97,1
T2025060003036,2025-06-04,2025,6,Badulla,Uva,Electronics,Power Hub,C01431,8,318460.47,1
T2025060003037,2025-06-29,2025,6,Galle,Southern,Electronics,Wireless Router,C04125,8,305064.66,1
T2025060003038,2025-06-13,2025,6,Kurunegala,North Western,Office,Document Scanner,C04594,12,368635.49,1
T2025060003039,2025-06-01,2025,6,Matale,Central,Electronics,Sound Bar,C03650,15,658692.77,1
T2025060003040,2025-06-25,2025,6,Nuwara Eliya,Central,Office,Office Chair,C03221,5,154963.39,1
T2025060003041,2025-06-10,2025,6,Galle,Southern,Electronics,Sound Bar,C01007,7,278323.17,1
T2025060003042,2025-06-24,2025,6,Colombo,Western,Accessories,Power Adapter,C04097,10,44020.81,1
T2025060003043,2025-06-03,2025,6,Matale,Central,Outdoor,Cooler Box,C03930,3,48144.59,1
T2025060003044,2025-06-03,2025,6,Matara,Southern,Lifestyle,Water Bottle,C02751,4,46627.06,1
T2025060003045,2025-06-16,2025,6,Colombo,Western,Home,LED Lamp,C04612,9,182814.36,1
T2025060003046,2025-06-02,2025,6,Kalutara,Western,Office,Monitor Stand,C01423,3,96278.68,1
T2025060003047,2025-06-11,2025,6,Kegalle,Sabaragamuwa,Electronics,Sound Bar,C01691,3,114427.69,1
T2025060003048,2025-06-26,2025,6,Matara,Southern,Lifestyle,Travel Kit,C01852,2,24588.91,1
T2025060003049,2025-06-14,2025,6,Mannar,Northern,Electronics,Power Hub,C03623,5,196696.52,1
T2025060003050,2025-06-28,2025,6,Anuradhapura,North Central,Home,Air Purifier,C02170,6,138140.37,1
T2025060003051,2025-06-09,2025,6,Kandy,Central,Outdoor,Camping Light,C04050,4,70450.47,1
T2025060003052,2025-06-06,2025,6,Galle,Southern,Electronics,Sound Bar,C01445,14,575199.12,1
T2025060003053,2025-06-22,2025,6,Kegalle,Sabaragamuwa,Office,Monitor Stand,C01155,5,170172.84,1
T2025060003054,2025-06-01,2025,6,Matale,Central,Electronics,Wireless Router,C02257,6,256872.51,1
T2025060003055,2025-06-04,2025,6,Matale,Central,Home,LED Lamp,C01157,16,334394.09,1
T2025060003056,2025-06-05,2025,6,Kalutara,Western,Office,Office Chair,C02055,12,369919.75,1
T2025060003057,2025-06-22,2025,6,Kegalle,Sabaragamuwa,Electronics,Sound Bar,C02509,4,163859.86,1
T2025060003058,2025-06-04,2025,6,Ampara,Eastern,Electronics,Smart Display,C01619,10,418587.81,1
T2025060003059,2025-06-21,2025,6,Kalutara,Western,Lifestyle,Travel Kit,C02867,4,40824.33,1
T2025060003060,2025-06-08,2025,6,Ratnapura,Sabaragamuwa,Electronics,Sound Bar,C02297,10,386586.26,1
T2025070003061,2025-07-06,2025,7,Trincomalee,Eastern,Home,LED Lamp,C03493,7,141472.08,1
T2025070003062,2025-07-09,2025,7,Batticaloa,Eastern,Lifestyle,Fitness Band,C02420,8,89126.23,1
T2025070003063,2025-07-14,2025,7,Kandy,Central,Outdoor,Foldable Chair,C03028,10,163637.39,1
T2025070003064,2025-07-22,2025,7,Batticaloa,Eastern,Outdoor,Cooler Box,C03267,8,133674.93,1
T2025070003065,2025-07-13,2025,7,Kalutara,Western,Lifestyle,Travel Kit,C03919,11,113388.28,1
T2025070003066,2025-07-27,2025,7,Kegalle,Sabaragamuwa,Accessories,Mouse Pad,C04039,5,25809.08,1
T2025070003067,2025-07-26,2025,7,Hambantota,Southern,Accessories,Phone Stand,C04029,5,25489.33,1
T2025070003068,2025-07-09,2025,7,Batticaloa,Eastern,Home,Coffee Maker,C01863,7,165536.6,1
T2025070003069,2025-07-10,2025,7,Kandy,Central,Outdoor,Foldable Chair,C02305,12,206470.16,1
T2025070003070,2025-07-11,2025,7,Ratnapura,Sabaragamuwa,Home,Coffee Maker,C02912,4,84263.94,1
T2025070003071,2025-07-05,2025,7,Gampaha,Western,Office,Monitor Stand,C03047,5,171517.2,1
T2025070003072,2025-07-11,2025,7,Jaffna,Northern,Office,Monitor Stand,C01846,7,199309.11,1
T2025070003073,2025-07-24,2025,7,Polonnaruwa,North Central,Office,Document Scanner,C02610,8,274988.96,1
T2025070003074,2025-07-18,2025,7,Kandy,Central,Accessories,Power Adapter,C04366,5,25557.77,1
T2025070003075,2025-07-24,2025,7,Trincomalee,Eastern,Electronics,Smart Display,C04222,7,289611.26,1
T2025070003076,2025-07-04,2025,7,Mullaitivu,Northern,Home,Air Purifier,C04402,6,119862.13,1
T2025070003077,2025-07-03,2025,7,Colombo,Western,Home,LED Lamp,C04784,2,39424.44,1
T2025070003078,2025-07-25,2025,7,Hambantota,Southern,Home,Storage Set,C02361,11,213820.2,1
T2025070003079,2025-07-18,2025,7,Kandy,Central,Office,Document Scanner,C01157,13,398397.83,1
T2025070003080,2025-07-13,2025,7,Vavuniya,Northern,Electronics,Smart Display,C03339,11,496050.68,1
T2025070003081,2025-07-21,2025,7,Puttalam,North Western,Lifestyle,Travel Kit,C03649,5,48986.49,1
T2025070003082,2025-07-12,2025,7,Kegalle,Sabaragamuwa,Office,Document Scanner,C03430,10,297069.74,1
T2025070003083,2025-07-07,2025,7,Mullaitivu,Northern,Lifestyle,Water Bottle,C01093,6,64731.59,1
T2025070003084,2025-07-21,2025,7,Polonnaruwa,North Central,Electronics,Smart Display,C02488,6,288997.59,1
T2025070003085,2025-07-22,2025,7,Vavuniya,Northern,Electronics,Power Hub,C04699,2,82247.04,1
T2025070003086,2025-07-04,2025,7,Kandy,Central,Home,Air Purifier,C01270,14,286872.2,1
T2025070003087,2025-07-25,2025,7,Puttalam,North Western,Lifestyle,Fitness Band,C04288,10,113628.11,1
T2025070003088,2025-07-08,2025,7,Kurunegala,North Western,Electronics,Smart Display,C02595,4,197025.88,1
T2025070003089,2025-07-31,2025,7,Hambantota,Southern,Office,Document Scanner,C02681,9,293671.93,1
T2025070003090,2025-07-24,2025,7,Kandy,Central,Outdoor,Foldable Chair,C01726,3,43219.06,1
T2025070003091,2025-07-30,2025,7,Jaffna,Northern,Electronics,Smart Display,C03057,7,291490.41,1
T2025070003092,2025-07-02,2025,7,Kegalle,Sabaragamuwa,Lifestyle,Fitness Band,C01205,12,140375.61,1
T2025070003093,2025-07-30,2025,7,Badulla,Uva,Electronics,Power Hub,C04417,3,140674.35,1
T2025070003094,2025-07-10,2025,7,Kurunegala,North Western,Electronics,Smart Display,C03019,4,196353.05,1
T2025070003095,2025-07-18,2025,7,Kandy,Central,Accessories,Power Adapter,C03477,5,22883.3,1
T2025070003096,2025-07-23,2025,7,Kalutara,Western,Electronics,Power Hub,C01503,7,332723.73,1
T2025070003097,2025-07-30,2025,7,Hambantota,Southern,Accessories,USB Cable,C02683,7,30364.46,1
T2025070003098,2025-07-04,2025,7,Puttalam,North Western,Electronics,Smart Display,C05060,4,167816.87,1
T2025070003099,2025-07-10,2025,7,Vavuniya,Northern,Home,Air Purifier,C02109,13,311353.1,1
T2025070003100,2025-07-03,2025,7,Gampaha,Western,Accessories,USB Cable,C03371,3,15600.02,1
T2025070003101,2025-07-30,2025,7,Polonnaruwa,North Central,Home,LED Lamp,C04970,9,191154.88,1
T2025070003102,2025-07-13,2025,7,Kalutara,Western,Lifestyle,Water Bottle,C05022,5,52277.89,1
T2025070003103,2025-07-30,2025,7,Colombo,Western,Lifestyle,Fitness Band,C01308,9,102390.09,1
T2025070003104,2025-07-08,2025,7,Ampara,Eastern,Home,Coffee Maker,C02388,9,174457.08,1
T2025070003105,2025-07-30,2025,7,Badulla,Uva,Electronics,Sound Bar,C01676,5,196733.34,1
T2025070003106,2025-07-03,2025,7,Mullaitivu,Northern,Lifestyle,Travel Kit,C04183,6,63575.51,1
T2025070003107,2025-07-24,2025,7,Nuwara Eliya,Central,Accessories,Phone Stand,C05071,5,21998.52,1
T2025070003108,2025-07-19,2025,7,Batticaloa,Eastern,Home,Air Purifier,C04822,7,163844.53,1
T2025070003109,2025-07-13,2025,7,Jaffna,Northern,Accessories,Power Adapter,C04490,8,36466.2,1
T2025070003110,2025-07-19,2025,7,Kandy,Central,Electronics,Wireless Router,C01869,16,696472.56,1
T2025070003111,2025-07-12,2025,7,Matara,Southern,Home,Storage Set,C02706,6,128274.63,1
T2025070003112,2025-07-05,2025,7,Polonnaruwa,North Central,Electronics,Smart Display,C04733,6,244060.16,1
T2025070003113,2025-07-16,2025,7,Galle,Southern,Electronics,Power Hub,C01066,2,75105.37,1
T2025070003114,2025-07-27,2025,7,Polonnaruwa,North Central,Office,Monitor Stand,C01912,4,136150.59,1
T2025070003115,2025-07-09,2025,7,Jaffna,Northern,Accessories,Mouse Pad,C02475,2,9810.54,1
T2025070003116,2025-07-31,2025,7,Puttalam,North Western,Electronics,Smart Display,C01029,9,416213.7,1
T2025070003117,2025-07-16,2025,7,Kilinochchi,Northern,Electronics,Wireless Router,C01822,4,150597.19,1
T2025070003118,2025-07-12,2025,7,Galle,Southern,Electronics,Smart Display,C01998,12,554599.21,1
T2025070003119,2025-07-18,2025,7,Kandy,Central,Lifestyle,Travel Kit,C02434,4,40041.15,1
T2025070003120,2025-07-20,2025,7,Hambantota,Southern,Outdoor,Cooler Box,C03933,8,127904.19,1
T2025070003121,2025-07-20,2025,7,Kandy,Central,Electronics,Wireless Router,C04706,11,444948.73,1
T2025070003122,2025-07-27,2025,7,Kurunegala,North Western,Accessories,Power Adapter,C01244,12,61658.28,1
T2025070003123,2025-07-06,2025,7,Matale,Central,Outdoor,Portable Fan,C02193,10,165018.4,1
T2025070003124,2025-07-04,2025,7,Ratnapura,Sabaragamuwa,Electronics,Power Hub,C03370,9,410999.99,1
T2025070003125,2025-07-17,2025,7,Ratnapura,Sabaragamuwa,Lifestyle,Fitness Band,C04805,5,48795.36,1
T2025070003126,2025-07-20,2025,7,Colombo,Western,Electronics,Wireless Router,C01839,5,231941.78,1
T2025070003127,2025-07-26,2025,7,Kandy,Central,Electronics,Wireless Router,C02035,10,454395.52,1
T2025070003128,2025-07-26,2025,7,Ratnapura,Sabaragamuwa,Home,Storage Set,C04359,7,157074.85,1
T2025070003129,2025-07-13,2025,7,Mannar,Northern,Electronics,Sound Bar,C01185,4,152859.67,1
T2025070003130,2025-07-18,2025,7,Ampara,Eastern,Accessories,Phone Stand,C04807,8,35538.61,1
T2025070003131,2025-07-30,2025,7,Gampaha,Western,Outdoor,Portable Fan,C03053,13,200705.61,1
T2025070003132,2025-07-31,2025,7,Mullaitivu,Northern,Electronics,Wireless Router,C03648,5,208210.34,1
T2025070003133,2025-07-06,2025,7,Mullaitivu,Northern,Home,Air Purifier,C03280,8,184605.49,1
T2025070003134,2025-07-12,2025,7,Batticaloa,Eastern,Lifestyle,Fitness Band,C03442,13,138662.81,1
T2025070003135,2025-07-11,2025,7,Matara,Southern,Home,Air Purifier,C04183,6,124229.26,1
T2025070003136,2025-07-13,2025,7,Kurunegala,North Western,Home,Air Purifier,C01680,5,114094.42,1
T2025070003137,2025-07-19,2025,7,Ratnapura,Sabaragamuwa,Home,Air Purifier,C03449,13,263281.85,1
T2025070003138,2025-07-16,2025,7,Kandy,Central,Electronics,Wireless Router,C02593,10,432000.75,1
T2025070003139,2025-07-10,2025,7,Ampara,Eastern,Outdoor,Foldable Chair,C03207,7,123179.99,1
T2025070003140,2025-07-22,2025,7,Nuwara Eliya,Central,Outdoor,Camping Light,C03311,4,68349.69,1
T2025070003141,2025-07-09,2025,7,Kalutara,Western,Home,Air Purifier,C01262,3,70287.19,1
T2025070003142,2025-07-20,2025,7,Gampaha,Western,Home,LED Lamp,C04264,3,65810.06,1
T2025070003143,2025-07-06,2025,7,Matara,Southern,Outdoor,Camping Light,C04148,11,177200.43,1
T2025070003144,2025-07-02,2025,7,Colombo,Western,Home,Coffee Maker,C04705,5,116283.93,1
T2025070003145,2025-07-12,2025,7,Ampara,Eastern,Office,Monitor Stand,C03385,4,121736.34,1
T2025070003146,2025-07-08,2025,7,Matale,Central,Lifestyle,Travel Kit,C04170,2,20261.89,1
T2025070003147,2025-07-06,2025,7,Batticaloa,Eastern,Home,Air Purifier,C04626,3,64888.26,1
T2025070003148,2025-07-03,2025,7,Mullaitivu,Northern,Outdoor,Camping Light,C03475,6,99245.88,1
T2025070003149,2025-07-29,2025,7,Monaragala,Uva,Home,LED Lamp,C02443,6,127033.47,1
T2025070003150,2025-07-05,2025,7,Polonnaruwa,North Central,Outdoor,Portable Fan,C02813,11,190197.02,1
T2025070003151,2025-07-02,2025,7,Gampaha,Western,Electronics,Sound Bar,C05097,5,227895.51,1
T2025070003152,2025-07-22,2025,7,Colombo,Western,Electronics,Power Hub,C01781,8,317419.65,1
T2025070003153,2025-07-20,2025,7,Ampara,Eastern,Electronics,Sound Bar,C05010,7,307768.07,1
T2025070003154,2025-07-04,2025,7,Colombo,Western,Electronics,Wireless Router,C04525,6,240012.48,1
T2025070003155,2025-07-03,2025,7,Galle,Southern,Office,Monitor Stand,C05033,7,202640.17,1
T2025070003156,2025-07-01,2025,7,Matale,Central,Office,Office Chair,C02859,5,168398.92,1
T2025070003157,2025-07-15,2025,7,Gampaha,Western,Electronics,Power Hub,C04840,13,580034.95,1
T2025070003158,2025-07-27,2025,7,Kandy,Central,Home,Storage Set,C03359,5,97399.42,1
T2025070003159,2025-07-22,2025,7,Batticaloa,Eastern,Accessories,Power Adapter,C02605,8,43135.3,1
T2025070003160,2025-07-23,2025,7,Trincomalee,Eastern,Accessories,Mouse Pad,C04447,6,26292.79,1
T2025070003161,2025-07-05,2025,7,Ampara,Eastern,Office,Document Scanner,C01549,2,60585.15,1
T2025070003162,2025-07-18,2025,7,Colombo,Western,Office,Monitor Stand,C04906,2,63561.88,1
T2025070003163,2025-07-13,2025,7,Colombo,Western,Electronics,Smart Display,C01933,7,315370.91,1
T2025070003164,2025-07-07,2025,7,Colombo,Western,Office,Document Scanner,C04503,5,150511.18,1
T2025070003165,2025-07-03,2025,7,Trincomalee,Eastern,Electronics,Wireless Router,C02273,12,462114.86,1
T2025070003166,2025-07-08,2025,7,Kurunegala,North Western,Office,Monitor Stand,C04393,13,371454.57,1
T2025070003167,2025-07-02,2025,7,Polonnaruwa,North Central,Office,Office Chair,C01177,2,64852.73,1
T2025070003168,2025-07-28,2025,7,Anuradhapura,North Central,Outdoor,Cooler Box,C02217,5,85484.96,1
T2025070003169,2025-07-20,2025,7,Gampaha,Western,Lifestyle,Desk Organizer,C04113,4,48244.71,1
T2025070003170,2025-07-14,2025,7,Kurunegala,North Western,Electronics,Sound Bar,C05071,5,189069.07,1
T2025070003171,2025-07-04,2025,7,Badulla,Uva,Accessories,Phone Stand,C01338,3,14114.24,1
T2025070003172,2025-07-13,2025,7,Anuradhapura,North Central,Outdoor,Cooler Box,C04506,5,80732.27,1
T2025070003173,2025-07-06,2025,7,Badulla,Uva,Home,LED Lamp,C04997,16,324655.58,1
T2025070003174,2025-07-31,2025,7,Kandy,Central,Outdoor,Cooler Box,C05006,11,185189.55,1
T2025070003175,2025-07-09,2025,7,Ratnapura,Sabaragamuwa,Home,Storage Set,C04365,7,140688.23,1
T2025070003176,2025-07-27,2025,7,Matara,Southern,Electronics,Wireless Router,C04012,3,121088.34,1
T2025070003177,2025-07-11,2025,7,Matale,Central,Accessories,Phone Stand,C04431,6,32457.33,1
T2025070003178,2025-07-25,2025,7,Gampaha,Western,Office,Document Scanner,C02036,6,186783.57,1
T2025070003179,2025-07-20,2025,7,Kalutara,Western,Accessories,Power Adapter,C01179,6,30535.4,1
T2025070003180,2025-07-05,2025,7,Trincomalee,Eastern,Home,LED Lamp,C01598,8,161784.07,1
T2025070003181,2025-07-29,2025,7,Monaragala,Uva,Electronics,Sound Bar,C03398,7,304254.24,1
T2025070003182,2025-07-28,2025,7,Matale,Central,Home,Storage Set,C04799,12,233962.12,1
T2025070003183,2025-07-07,2025,7,Matale,Central,Office,Document Scanner,C01199,4,130053.68,1
T2025070003184,2025-07-07,2025,7,Gampaha,Western,Lifestyle,Travel Kit,C02991,6,73435.31,1
T2025070003185,2025-07-03,2025,7,Trincomalee,Eastern,Accessories,Power Adapter,C03595,10,45922.76,1
T2025070003186,2025-07-14,2025,7,Puttalam,North Western,Lifestyle,Desk Organizer,C02615,8,88127.01,1
T2025070003187,2025-07-29,2025,7,Matara,Southern,Electronics,Smart Display,C02134,11,463278.24,1
T2025070003188,2025-07-05,2025,7,Badulla,Uva,Office,Monitor Stand,C03199,6,169199.15,1
T2025070003189,2025-07-28,2025,7,Kalutara,Western,Accessories,Phone Stand,C04465,6,30177.74,1
T2025070003190,2025-07-24,2025,7,Ratnapura,Sabaragamuwa,Lifestyle,Desk Organizer,C05086,10,102924.49,1
T2025070003191,2025-07-29,2025,7,Galle,Southern,Outdoor,Foldable Chair,C03344,6,107267.14,1
T2025070003192,2025-07-19,2025,7,Colombo,Western,Accessories,Mouse Pad,C03294,10,45066.19,1
T2025070003193,2025-07-12,2025,7,Gampaha,Western,Office,Laser Printer,C02763,2,68956.77,1
T2025070003194,2025-07-04,2025,7,Colombo,Western,Accessories,Power Adapter,C04208,7,34869.56,1
T2025070003195,2025-07-07,2025,7,Kurunegala,North Western,Accessories,USB Cable,C01400,14,66967.58,1
T2025070003196,2025-07-09,2025,7,Ampara,Eastern,Office,Laser Printer,C03342,9,263683.08,1
T2025070003197,2025-07-29,2025,7,Kandy,Central,Electronics,Power Hub,C04154,7,267699.83,1
T2025070003198,2025-07-17,2025,7,Anuradhapura,North Central,Electronics,Smart Display,C03249,9,387743.83,1
T2025070003199,2025-07-20,2025,7,Matale,Central,Lifestyle,Travel Kit,C01345,9,90168.63,1
T2025070003200,2025-07-04,2025,7,Jaffna,Northern,Home,Coffee Maker,C04665,7,149991.57,1
T2025070003201,2025-07-29,2025,7,Kandy,Central,Electronics,Smart Display,C02268,7,347650.94,1
T2025070003202,2025-07-23,2025,7,Galle,Southern,Office,Office Chair,C04963,3,85917.83,1
T2025070003203,2025-07-03,2025,7,Jaffna,Northern,Home,Storage Set,C01925,8,164540.14,1
T2025070003204,2025-07-06,2025,7,Matara,Southern,Lifestyle,Travel Kit,C02632,6,68909.53,1
T2025070003205,2025-07-12,2025,7,Kurunegala,North Western,Outdoor,Foldable Chair,C02699,4,59632.06,1
T2025070003206,2025-07-23,2025,7,Colombo,Western,Home,Coffee Maker,C04603,4,84617.42,1
T2025070003207,2025-07-06,2025,7,Ratnapura,Sabaragamuwa,Accessories,Phone Stand,C03313,6,30715.72,1
T2025070003208,2025-07-18,2025,7,Hambantota,Southern,Outdoor,Portable Fan,C03746,2,31993.4,1
T2025070003209,2025-07-20,2025,7,Anuradhapura,North Central,Accessories,Mouse Pad,C04973,12,51899.8,1
T2025070003210,2025-07-06,2025,7,Colombo,Western,Outdoor,Foldable Chair,C02676,13,211016.75,1
T2025070003211,2025-07-11,2025,7,Kurunegala,North Western,Lifestyle,Travel Kit,C03090,3,33658.8,1
T2025070003212,2025-07-14,2025,7,Gampaha,Western,Electronics,Wireless Router,C03457,3,115267.29,1
T2025070003213,2025-07-05,2025,7,Hambantota,Southern,Electronics,Smart Display,C04866,12,558305.92,1
T2025070003214,2025-07-26,2025,7,Puttalam,North Western,Electronics,Sound Bar,C04964,7,298077.18,1
T2025070003215,2025-07-11,2025,7,Gampaha,Western,Outdoor,Foldable Chair,C02149,3,49959.79,1
T2025070003216,2025-07-15,2025,7,Ratnapura,Sabaragamuwa,Electronics,Smart Display,C01071,13,546849.65,1
T2025070003217,2025-07-07,2025,7,Anuradhapura,North Central,Office,Monitor Stand,C02154,5,151479.02,1
T2025070003218,2025-07-28,2025,7,Badulla,Uva,Accessories,Power Adapter,C04961,11,53527.59,1
T2025070003219,2025-07-22,2025,7,Gampaha,Western,Office,Document Scanner,C01986,8,274537.07,1
T2025070003220,2025-07-25,2025,7,Galle,Southern,Office,Document Scanner,C03867,6,195491.6,1
T2025070003221,2025-07-07,2025,7,Matale,Central,Office,Document Scanner,C02922,5,153714.76,1
T2025070003222,2025-07-31,2025,7,Batticaloa,Eastern,Home,LED Lamp,C03307,4,87767.42,1
T2025070003223,2025-07-05,2025,7,Kalutara,Western,Lifestyle,Travel Kit,C02494,12,136698.2,1
T2025070003224,2025-07-01,2025,7,Kandy,Central,Office,Laser Printer,C04758,6,181536.11,1
T2025070003225,2025-07-26,2025,7,Matara,Southern,Outdoor,Foldable Chair,C05038,9,133758.7,1
T2025070003226,2025-07-13,2025,7,Colombo,Western,Office,Laser Printer,C01568,9,310725.7,1
T2025070003227,2025-07-12,2025,7,Colombo,Western,Lifestyle,Travel Kit,C04288,8,96645.93,1
T2025070003228,2025-07-08,2025,7,Polonnaruwa,North Central,Accessories,Mouse Pad,C02666,5,24282.61,1
T2025070003229,2025-07-10,2025,7,Galle,Southern,Accessories,Phone Stand,C01884,8,39338.11,1
T2025070003230,2025-07-28,2025,7,Anuradhapura,North Central,Home,Storage Set,C04174,5,114498.79,1
T2025080003231,2025-08-27,2025,8,Colombo,Western,Electronics,Power Hub,C02137,9,358944.95,1
T2025080003232,2025-08-09,2025,8,Puttalam,North Western,Electronics,Power Hub,C03729,12,482045.22,1
T2025080003233,2025-08-01,2025,8,Kegalle,Sabaragamuwa,Lifestyle,Travel Kit,C03377,2,19001.42,1
T2025080003234,2025-08-10,2025,8,Colombo,Western,Home,Air Purifier,C01708,9,194764.54,1
T2025080003235,2025-08-07,2025,8,Matale,Central,Lifestyle,Water Bottle,C03293,11,118560.88,1
T2025080003236,2025-08-08,2025,8,Galle,Southern,Office,Laser Printer,C02624,5,145787.36,1
T2025080003237,2025-08-03,2025,8,Galle,Southern,Office,Office Chair,C01106,13,355582.4,1
T2025080003238,2025-08-18,2025,8,Mullaitivu,Northern,Lifestyle,Travel Kit,C01541,6,59289.64,1
T2025080003239,2025-08-17,2025,8,Anuradhapura,North Central,Home,Air Purifier,C02422,9,206875.07,1
T2025080003240,2025-08-20,2025,8,Trincomalee,Eastern,Home,Coffee Maker,C02473,9,184393.31,1
T2025080003241,2025-08-14,2025,8,Colombo,Western,Home,LED Lamp,C04634,6,112864.36,1
T2025080003242,2025-08-05,2025,8,Galle,Southern,Lifestyle,Fitness Band,C01675,16,170218.99,1
T2025080003243,2025-08-29,2025,8,Jaffna,Northern,Home,Coffee Maker,C04760,9,164896.33,1
T2025080003244,2025-08-27,2025,8,Polonnaruwa,North Central,Outdoor,Cooler Box,C01604,12,165646.48,1
T2025080003245,2025-08-28,2025,8,Trincomalee,Eastern,Accessories,Phone Stand,C01069,8,36228.28,1
T2025080003246,2025-08-04,2025,8,Batticaloa,Eastern,Office,Monitor Stand,C02143,8,259875.75,1
T2025080003247,2025-08-14,2025,8,Gampaha,Western,Lifestyle,Travel Kit,C04887,10,107638.74,1
T2025080003248,2025-08-16,2025,8,Kurunegala,North Western,Electronics,Power Hub,C04500,9,313501.44,1
T2025080003249,2025-08-14,2025,8,Hambantota,Southern,Outdoor,Cooler Box,C02776,13,184216.71,1
T2025080003250,2025-08-24,2025,8,Monaragala,Uva,Office,Laser Printer,C01720,9,289072.95,1
T2025080003251,2025-08-14,2025,8,Hambantota,Southern,Home,LED Lamp,C02508,6,111048.96,1
T2025080003252,2025-08-21,2025,8,Colombo,Western,Office,Office Chair,C04667,6,199258.42,1
T2025080003253,2025-08-10,2025,8,Kalutara,Western,Lifestyle,Fitness Band,C04800,8,79013.31,1
T2025080003254,2025-08-20,2025,8,Vavuniya,Northern,Electronics,Wireless Router,C03797,7,265170.22,1
T2025080003255,2025-08-10,2025,8,Nuwara Eliya,Central,Office,Document Scanner,C04115,2,59814.13,1
T2025080003256,2025-08-01,2025,8,Galle,Southern,Office,Laser Printer,C03598,13,416562.0,1
T2025080003257,2025-08-16,2025,8,Gampaha,Western,Lifestyle,Desk Organizer,C03701,8,82867.33,1
T2025080003258,2025-08-12,2025,8,Ratnapura,Sabaragamuwa,Electronics,Wireless Router,C04248,11,423055.67,1
T2025080003259,2025-08-02,2025,8,Colombo,Western,Electronics,Wireless Router,C04511,2,85508.09,1
T2025080003260,2025-08-20,2025,8,Colombo,Western,Office,Monitor Stand,C03210,9,248085.76,1
T2025080003261,2025-08-02,2025,8,Mannar,Northern,Accessories,Power Adapter,C04794,8,37376.11,1
T2025080003262,2025-08-11,2025,8,Mullaitivu,Northern,Electronics,Smart Display,C02229,9,319168.25,1
T2025080003263,2025-08-06,2025,8,Galle,Southern,Office,Document Scanner,C03255,8,253595.5,1
T2025080003264,2025-08-06,2025,8,Ampara,Eastern,Office,Office Chair,C02485,4,103864.6,1
T2025080003265,2025-08-06,2025,8,Kalutara,Western,Electronics,Smart Display,C04150,12,434128.43,1
T2025080003266,2025-08-26,2025,8,Ampara,Eastern,Electronics,Sound Bar,C03144,4,148866.4,1
T2025080003267,2025-08-08,2025,8,Gampaha,Western,Office,Document Scanner,C03978,7,225227.45,1
T2025080003268,2025-08-29,2025,8,Kegalle,Sabaragamuwa,Office,Monitor Stand,C05054,11,294324.88,1
T2025080003269,2025-08-22,2025,8,Matale,Central,Accessories,Power Adapter,C04343,10,46197.89,1
T2025080003270,2025-08-12,2025,8,Kurunegala,North Western,Lifestyle,Desk Organizer,C02707,9,89122.1,1
T2025080003271,2025-08-13,2025,8,Kandy,Central,Home,Air Purifier,C03300,9,194185.47,1
T2025080003272,2025-08-17,2025,8,Ampara,Eastern,Home,LED Lamp,C03193,4,76301.36,1
T2025080003273,2025-08-28,2025,8,Ampara,Eastern,Accessories,Mouse Pad,C02311,6,26324.11,1
T2025080003274,2025-08-05,2025,8,Kegalle,Sabaragamuwa,Outdoor,Foldable Chair,C02969,2,30756.83,1
T2025080003275,2025-08-08,2025,8,Hambantota,Southern,Lifestyle,Fitness Band,C03382,4,44425.1,1
T2025080003276,2025-08-10,2025,8,Puttalam,North Western,Office,Office Chair,C03063,5,158696.33,1
T2025080003277,2025-08-01,2025,8,Kegalle,Sabaragamuwa,Office,Laser Printer,C03917,10,312243.91,1
T2025080003278,2025-08-18,2025,8,Anuradhapura,North Central,Home,Air Purifier,C02433,5,107084.6,1
T2025080003279,2025-08-19,2025,8,Colombo,Western,Electronics,Sound Bar,C02607,2,80545.81,1
T2025080003280,2025-08-09,2025,8,Monaragala,Uva,Lifestyle,Travel Kit,C03579,9,106026.65,1
T2025080003281,2025-08-05,2025,8,Kandy,Central,Accessories,USB Cable,C04455,5,25600.58,1
T2025080003282,2025-08-11,2025,8,Galle,Southern,Office,Laser Printer,C03457,2,51883.26,1
T2025080003283,2025-08-05,2025,8,Gampaha,Western,Electronics,Sound Bar,C01531,13,538385.23,1
T2025080003284,2025-08-03,2025,8,Anuradhapura,North Central,Outdoor,Foldable Chair,C02541,11,180383.98,1
T2025080003285,2025-08-09,2025,8,Gampaha,Western,Home,Coffee Maker,C01240,16,301948.55,1
T2025080003286,2025-08-18,2025,8,Kalutara,Western,Lifestyle,Water Bottle,C02221,6,65865.35,1
T2025080003287,2025-08-16,2025,8,Anuradhapura,North Central,Home,Air Purifier,C03978,4,78152.32,1
T2025080003288,2025-08-21,2025,8,Nuwara Eliya,Central,Home,Air Purifier,C03127,10,219243.24,1
T2025080003289,2025-08-04,2025,8,Anuradhapura,North Central,Office,Office Chair,C03656,3,91276.66,1
T2025080003290,2025-08-23,2025,8,Nuwara Eliya,Central,Home,LED Lamp,C04718,2,42221.71,1
T2025080003291,2025-08-15,2025,8,Hambantota,Southern,Lifestyle,Fitness Band,C04406,4,40481.91,1
T2025080003292,2025-08-27,2025,8,Gampaha,Western,Outdoor,Camping Light,C03601,7,121605.72,1
T2025080003293,2025-08-25,2025,8,Puttalam,North Western,Home,Air Purifier,C02424,6,119524.84,1
T2025080003294,2025-08-06,2025,8,Gampaha,Western,Accessories,Mouse Pad,C04214,1,4888.47,1
T2025080003295,2025-08-01,2025,8,Matara,Southern,Electronics,Power Hub,C02971,11,383166.06,1
T2025080003296,2025-08-31,2025,8,Mullaitivu,Northern,Accessories,Mouse Pad,C05048,3,12973.33,1
T2025080003297,2025-08-30,2025,8,Kurunegala,North Western,Outdoor,Cooler Box,C02025,9,140169.46,1
T2025080003298,2025-08-09,2025,8,Kandy,Central,Outdoor,Cooler Box,C02764,11,169499.26,1
T2025080003299,2025-08-17,2025,8,Ratnapura,Sabaragamuwa,Lifestyle,Fitness Band,C03528,5,57292.44,1
T2025080003300,2025-08-13,2025,8,Ampara,Eastern,Electronics,Wireless Router,C02985,5,177433.2,1
T2025080003301,2025-08-08,2025,8,Mannar,Northern,Outdoor,Cooler Box,C01878,5,75346.33,1
T2025080003302,2025-08-23,2025,8,Matara,Southern,Lifestyle,Fitness Band,C01903,5,53356.93,1
T2025080003303,2025-08-21,2025,8,Batticaloa,Eastern,Electronics,Smart Display,C02664,5,193194.99,1
T2025080003304,2025-08-22,2025,8,Galle,Southern,Accessories,USB Cable,C01313,9,35422.72,1
T2025080003305,2025-08-01,2025,8,Hambantota,Southern,Electronics,Smart Display,C03628,6,265767.83,1
T2025080003306,2025-08-29,2025,8,Ratnapura,Sabaragamuwa,Accessories,Phone Stand,C04194,11,49086.01,1
T2025080003307,2025-08-27,2025,8,Monaragala,Uva,Electronics,Sound Bar,C01914,6,250828.79,1
T2025080003308,2025-08-27,2025,8,Kurunegala,North Western,Office,Document Scanner,C02873,8,206161.42,1
T2025080003309,2025-08-15,2025,8,Mannar,Northern,Home,Air Purifier,C03640,4,81331.19,1
T2025080003310,2025-08-16,2025,8,Gampaha,Western,Electronics,Sound Bar,C04697,1,41401.3,1
T2025080003311,2025-08-28,2025,8,Polonnaruwa,North Central,Office,Laser Printer,C04057,4,111179.27,1
T2025080003312,2025-08-05,2025,8,Colombo,Western,Outdoor,Cooler Box,C01049,10,144176.5,1
T2025080003313,2025-08-24,2025,8,Kandy,Central,Lifestyle,Fitness Band,C02746,14,155582.15,1
T2025080003314,2025-08-25,2025,8,Kalutara,Western,Home,Storage Set,C04708,6,115219.11,1
T2025080003315,2025-08-14,2025,8,Kandy,Central,Office,Office Chair,C03238,9,261951.91,1
T2025080003316,2025-08-26,2025,8,Matale,Central,Electronics,Sound Bar,C02967,6,241359.08,1
T2025080003317,2025-08-06,2025,8,Colombo,Western,Home,LED Lamp,C04657,3,65982.74,1
T2025080003318,2025-08-04,2025,8,Gampaha,Western,Home,Storage Set,C01493,7,135958.26,1
T2025080003319,2025-08-26,2025,8,Gampaha,Western,Lifestyle,Travel Kit,C03963,5,45901.21,1
T2025080003320,2025-08-17,2025,8,Kurunegala,North Western,Office,Laser Printer,C04169,3,91540.47,1
T2025080003321,2025-08-21,2025,8,Kandy,Central,Outdoor,Cooler Box,C01705,14,213495.23,1
T2025080003322,2025-08-21,2025,8,Kurunegala,North Western,Office,Document Scanner,C03509,7,211098.93,1
T2025080003323,2025-08-23,2025,8,Colombo,Western,Home,Air Purifier,C03106,10,224153.78,1
T2025080003324,2025-08-09,2025,8,Monaragala,Uva,Lifestyle,Desk Organizer,C02978,8,93292.28,1
T2025080003325,2025-08-06,2025,8,Puttalam,North Western,Office,Monitor Stand,C01854,4,104836.96,1
T2025080003326,2025-08-26,2025,8,Colombo,Western,Electronics,Smart Display,C03170,9,371470.55,1
T2025080003327,2025-08-11,2025,8,Matara,Southern,Lifestyle,Desk Organizer,C03820,6,58116.63,1
T2025080003328,2025-08-15,2025,8,Matara,Southern,Lifestyle,Travel Kit,C04598,10,105978.51,1
T2025080003329,2025-08-19,2025,8,Jaffna,Northern,Outdoor,Portable Fan,C02971,6,81470.25,1
T2025080003330,2025-08-31,2025,8,Puttalam,North Western,Home,Storage Set,C02793,2,38731.37,1
T2025080003331,2025-08-27,2025,8,Matara,Southern,Electronics,Power Hub,C03347,16,584210.75,1
T2025080003332,2025-08-31,2025,8,Kalutara,Western,Office,Monitor Stand,C04120,3,82470.03,1
T2025080003333,2025-08-24,2025,8,Badulla,Uva,Electronics,Power Hub,C02678,4,153619.2,1
T2025080003334,2025-08-06,2025,8,Colombo,Western,Lifestyle,Fitness Band,C03443,8,79574.07,1
T2025080003335,2025-08-07,2025,8,Matale,Central,Electronics,Power Hub,C04453,13,487141.2,1
T2025080003336,2025-08-18,2025,8,Colombo,Western,Home,Coffee Maker,C04090,15,282397.53,1
T2025080003337,2025-08-18,2025,8,Monaragala,Uva,Accessories,Phone Stand,C04092,8,40706.99,1
T2025080003338,2025-08-13,2025,8,Colombo,Western,Lifestyle,Desk Organizer,C02867,10,115726.18,1
T2025080003339,2025-08-25,2025,8,Puttalam,North Western,Lifestyle,Travel Kit,C02188,14,153725.93,1
T2025080003340,2025-08-13,2025,8,Gampaha,Western,Office,Document Scanner,C01473,5,146509.42,1
T2025080003341,2025-08-19,2025,8,Colombo,Western,Home,Storage Set,C02190,3,62254.85,1
T2025080003342,2025-08-17,2025,8,Gampaha,Western,Electronics,Power Hub,C02017,4,150678.31,1
T2025080003343,2025-08-28,2025,8,Matara,Southern,Lifestyle,Desk Organizer,C01438,11,108682.91,1
T2025080003344,2025-08-29,2025,8,Jaffna,Northern,Office,Monitor Stand,C04909,5,142731.12,1
T2025080003345,2025-08-16,2025,8,Mullaitivu,Northern,Home,LED Lamp,C01873,3,55252.76,1
T2025080003346,2025-08-18,2025,8,Puttalam,North Western,Accessories,Power Adapter,C01778,8,38302.85,1
T2025080003347,2025-08-28,2025,8,Matara,Southern,Lifestyle,Water Bottle,C04330,5,58543.98,1
T2025080003348,2025-08-27,2025,8,Anuradhapura,North Central,Electronics,Power Hub,C04003,6,244906.2,1
T2025080003349,2025-08-16,2025,8,Gampaha,Western,Office,Document Scanner,C02786,13,406007.3,1
T2025080003350,2025-08-17,2025,8,Vavuniya,Northern,Accessories,USB Cable,C04211,15,64321.25,1
T2025080003351,2025-08-03,2025,8,Gampaha,Western,Electronics,Smart Display,C05093,6,257614.12,1
T2025080003352,2025-08-08,2025,8,Puttalam,North Western,Office,Laser Printer,C04187,11,329537.09,1
T2025080003353,2025-08-16,2025,8,Ratnapura,Sabaragamuwa,Outdoor,Cooler Box,C01630,8,122020.74,1
T2025080003354,2025-08-23,2025,8,Vavuniya,Northern,Outdoor,Camping Light,C03544,8,107326.06,1
T2025080003355,2025-08-17,2025,8,Trincomalee,Eastern,Office,Monitor Stand,C04044,10,293890.37,1
T2025080003356,2025-08-05,2025,8,Trincomalee,Eastern,Accessories,Phone Stand,C02014,7,30188.43,1
T2025080003357,2025-08-04,2025,8,Batticaloa,Eastern,Electronics,Wireless Router,C03802,6,210809.43,1
T2025080003358,2025-08-27,2025,8,Kurunegala,North Western,Electronics,Smart Display,C03082,7,287163.78,1
T2025080003359,2025-08-13,2025,8,Monaragala,Uva,Electronics,Sound Bar,C02540,11,373125.19,1
T2025080003360,2025-08-09,2025,8,Galle,Southern,Lifestyle,Water Bottle,C03933,3,27882.61,1
T2025080003361,2025-08-07,2025,8,Kandy,Central,Electronics,Wireless Router,C04192,10,410853.21,1
T2025080003362,2025-08-25,2025,8,Badulla,Uva,Outdoor,Portable Fan,C03767,14,181444.67,1
T2025080003363,2025-08-05,2025,8,Matara,Southern,Office,Monitor Stand,C04808,8,264074.14,1
T2025080003364,2025-08-15,2025,8,Mannar,Northern,Outdoor,Cooler Box,C01882,7,113697.4,1
T2025080003365,2025-08-13,2025,8,Nuwara Eliya,Central,Accessories,USB Cable,C04429,7,28724.32,1
T2025080003366,2025-08-15,2025,8,Kalutara,Western,Office,Office Chair,C04513,2,63087.2,1
T2025080003367,2025-08-23,2025,8,Hambantota,Southern,Electronics,Wireless Router,C01092,13,490255.42,1
T2025080003368,2025-08-23,2025,8,Ampara,Eastern,Office,Monitor Stand,C01771,8,256977.58,1
T2025080003369,2025-08-24,2025,8,Anuradhapura,North Central,Electronics,Sound Bar,C02515,4,154172.87,1
T2025080003370,2025-08-09,2025,8,Gampaha,Western,Lifestyle,Water Bottle,C03378,4,43216.86,1
T2025080003371,2025-08-23,2025,8,Badulla,Uva,Home,Air Purifier,C02289,5,111741.14,1
T2025080003372,2025-08-12,2025,8,Colombo,Western,Office,Document Scanner,C04370,9,307421.09,1
T2025080003373,2025-08-14,2025,8,Trincomalee,Eastern,Lifestyle,Fitness Band,C03756,16,141794.1,1
T2025080003374,2025-08-20,2025,8,Kandy,Central,Home,Coffee Maker,C02577,7,146005.15,1
T2025080003375,2025-08-27,2025,8,Hambantota,Southern,Home,LED Lamp,C03459,5,85387.86,1
T2025080003376,2025-08-28,2025,8,Colombo,Western,Accessories,Phone Stand,C04159,3,15537.99,1
T2025080003377,2025-08-20,2025,8,Colombo,Western,Electronics,Power Hub,C03618,5,200726.92,1
T2025080003378,2025-08-16,2025,8,Kegalle,Sabaragamuwa,Electronics,Sound Bar,C02982,6,216089.07,1
T2025080003379,2025-08-19,2025,8,Ampara,Eastern,Accessories,Phone Stand,C02376,5,20679.47,1
T2025080003380,2025-08-20,2025,8,Gampaha,Western,Home,Air Purifier,C02572,9,210468.58,1
T2025080003381,2025-08-10,2025,8,Puttalam,North Western,Home,Coffee Maker,C02219,1,19631.68,1
T2025080003382,2025-08-07,2025,8,Jaffna,Northern,Electronics,Power Hub,C02568,11,422111.24,1
T2025080003383,2025-08-16,2025,8,Batticaloa,Eastern,Accessories,Power Adapter,C02710,6,27964.29,1
T2025080003384,2025-08-17,2025,8,Galle,Southern,Accessories,Power Adapter,C01306,6,28717.98,1
T2025080003385,2025-08-31,2025,8,Kalutara,Western,Home,LED Lamp,C04144,8,145429.94,1
T2025080003386,2025-08-27,2025,8,Nuwara Eliya,Central,Lifestyle,Travel Kit,C03786,11,117062.97,1
T2025080003387,2025-08-29,2025,8,Gampaha,Western,Outdoor,Foldable Chair,C03229,16,256483.66,1
T2025080003388,2025-08-11,2025,8,Kandy,Central,Lifestyle,Desk Organizer,C03322,4,41898.92,1
T2025080003389,2025-08-26,2025,8,Galle,Southern,Electronics,Power Hub,C02021,8,300554.99,1
T2025080003390,2025-08-05,2025,8,Puttalam,North Western,Outdoor,Foldable Chair,C03245,8,134562.12,1
T2025080003391,2025-08-17,2025,8,Ratnapura,Sabaragamuwa,Accessories,Mouse Pad,C04091,15,62831.07,1
T2025080003392,2025-08-14,2025,8,Kilinochchi,Northern,Lifestyle,Desk Organizer,C01135,9,96202.1,1
T2025080003393,2025-08-03,2025,8,Badulla,Uva,Outdoor,Portable Fan,C01422,12,192546.87,1
T2025080003394,2025-08-26,2025,8,Colombo,Western,Accessories,Phone Stand,C03136,14,66318.91,1
T2025080003395,2025-08-14,2025,8,Gampaha,Western,Home,Coffee Maker,C04432,10,181323.95,1
T2025080003396,2025-08-22,2025,8,Colombo,Western,Office,Document Scanner,C01164,3,90572.42,1
T2025080003397,2025-08-10,2025,8,Kandy,Central,Accessories,Phone Stand,C02675,9,44495.06,1
T2025080003398,2025-08-01,2025,8,Batticaloa,Eastern,Office,Document Scanner,C03685,12,390178.84,1
T2025080003399,2025-08-14,2025,8,Nuwara Eliya,Central,Accessories,Power Adapter,C04351,12,55283.09,1
T2025080003400,2025-08-29,2025,8,Hambantota,Southern,Home,LED Lamp,C03166,4,82548.88,1
T2025090003401,2025-09-26,2025,9,Hambantota,Southern,Office,Office Chair,C03713,6,173761.32,1
T2025090003402,2025-09-28,2025,9,Polonnaruwa,North Central,Home,LED Lamp,C03652,9,179262.23,1
T2025090003403,2025-09-21,2025,9,Kurunegala,North Western,Outdoor,Foldable Chair,C01585,6,91102.52,1
T2025090003404,2025-09-22,2025,9,Ampara,Eastern,Lifestyle,Desk Organizer,C01425,6,60371.11,1
T2025090003405,2025-09-25,2025,9,Kandy,Central,Office,Laser Printer,C01179,3,91247.13,1
T2025090003406,2025-09-26,2025,9,Mannar,Northern,Home,Coffee Maker,C01689,8,148006.54,1
T2025090003407,2025-09-30,2025,9,Ampara,Eastern,Lifestyle,Water Bottle,C02208,12,128567.99,1
T2025090003408,2025-09-29,2025,9,Nuwara Eliya,Central,Home,Storage Set,C01400,4,76838.27,1
T2025090003409,2025-09-09,2025,9,Colombo,Western,Electronics,Power Hub,C02767,5,181315.09,1
T2025090003410,2025-09-08,2025,9,Kandy,Central,Lifestyle,Desk Organizer,C03004,3,28761.61,1
T2025090003411,2025-09-16,2025,9,Kalutara,Western,Home,Storage Set,C01728,10,214437.15,1
T2025090003412,2025-09-10,2025,9,Matara,Southern,Electronics,Smart Display,C04658,5,196033.12,1
T2025090003413,2025-09-13,2025,9,Badulla,Uva,Electronics,Power Hub,C02114,5,180509.41,1
T2025090003414,2025-09-09,2025,9,Matale,Central,Electronics,Power Hub,C05063,11,472288.96,1
T2025090003415,2025-09-27,2025,9,Batticaloa,Eastern,Office,Office Chair,C03337,7,187931.59,1
T2025090003416,2025-09-29,2025,9,Nuwara Eliya,Central,Electronics,Power Hub,C03079,11,388588.47,1
T2025090003417,2025-09-01,2025,9,Hambantota,Southern,Lifestyle,Desk Organizer,C03306,5,47343.28,1
T2025090003418,2025-09-12,2025,9,Matara,Southern,Home,Coffee Maker,C04647,4,71935.5,1
T2025090003419,2025-09-20,2025,9,Kurunegala,North Western,Outdoor,Cooler Box,C01487,8,132928.61,1
T2025090003420,2025-09-12,2025,9,Vavuniya,Northern,Home,Air Purifier,C04351,6,133189.53,1
T2025090003421,2025-09-08,2025,9,Kandy,Central,Home,Coffee Maker,C03814,7,152103.42,1
T2025090003422,2025-09-06,2025,9,Ampara,Eastern,Lifestyle,Travel Kit,C03802,13,148375.07,1
T2025090003423,2025-09-28,2025,9,Ratnapura,Sabaragamuwa,Lifestyle,Fitness Band,C01111,14,143154.86,1
T2025090003424,2025-09-02,2025,9,Polonnaruwa,North Central,Lifestyle,Fitness Band,C01575,10,106066.11,1
T2025090003425,2025-09-03,2025,9,Kegalle,Sabaragamuwa,Office,Document Scanner,C01638,8,235702.67,1
T2025090003426,2025-09-03,2025,9,Vavuniya,Northern,Office,Monitor Stand,C01659,8,244288.96,1
T2025090003427,2025-09-13,2025,9,Jaffna,Northern,Outdoor,Portable Fan,C03267,6,87256.18,1
T2025090003428,2025-09-17,2025,9,Hambantota,Southern,Lifestyle,Fitness Band,C04346,7,63932.71,1
T2025090003429,2025-09-23,2025,9,Kurunegala,North Western,Home,Storage Set,C02207,8,168034.89,1
T2025090003430,2025-09-17,2025,9,Galle,Southern,Home,Coffee Maker,C01138,9,162722.64,1
T2025090003431,2025-09-19,2025,9,Kurunegala,North Western,Office,Laser Printer,C02479,9,264090.14,1
T2025090003432,2025-09-20,2025,9,Polonnaruwa,North Central,Home,Storage Set,C02983,7,129816.43,1
T2025090003433,2025-09-29,2025,9,Colombo,Western,Electronics,Smart Display,C02772,3,128419.79,1
T2025090003434,2025-09-18,2025,9,Matale,Central,Home,LED Lamp,C02747,8,140972.76,1
T2025090003435,2025-09-15,2025,9,Kurunegala,North Western,Lifestyle,Travel Kit,C03140,5,50590.34,1
T2025090003436,2025-09-04,2025,9,Colombo,Western,Home,Coffee Maker,C03311,2,44673.44,1
T2025090003437,2025-09-27,2025,9,Monaragala,Uva,Electronics,Power Hub,C02849,6,208192.39,1
T2025090003438,2025-09-10,2025,9,Matara,Southern,Accessories,Mouse Pad,C04925,3,12380.39,1
T2025090003439,2025-09-05,2025,9,Ratnapura,Sabaragamuwa,Electronics,Sound Bar,C01071,6,227439.95,1
T2025090003440,2025-09-12,2025,9,Monaragala,Uva,Accessories,Power Adapter,C01644,4,17467.69,1
T2025090003441,2025-09-16,2025,9,Puttalam,North Western,Home,LED Lamp,C01975,8,144278.24,1
T2025090003442,2025-09-30,2025,9,Anuradhapura,North Central,Electronics,Wireless Router,C01623,4,169257.08,1
T2025090003443,2025-09-15,2025,9,Nuwara Eliya,Central,Outdoor,Camping Light,C04087,5,78616.77,1
T2025090003444,2025-09-10,2025,9,Kilinochchi,Northern,Accessories,USB Cable,C02806,7,35571.4,1
T2025090003445,2025-09-07,2025,9,Kilinochchi,Northern,Office,Laser Printer,C01455,15,398762.31,1
T2025090003446,2025-09-10,2025,9,Badulla,Uva,Electronics,Sound Bar,C02418,13,439006.7,1
T2025090003447,2025-09-27,2025,9,Badulla,Uva,Lifestyle,Travel Kit,C01427,8,92391.48,1
T2025090003448,2025-09-10,2025,9,Colombo,Western,Home,Storage Set,C02583,3,54409.93,1
T2025090003449,2025-09-12,2025,9,Colombo,Western,Home,Coffee Maker,C03920,4,75758.33,1
T2025090003450,2025-09-10,2025,9,Matale,Central,Electronics,Smart Display,C03518,1,42045.97,1
T2025090003451,2025-09-12,2025,9,Trincomalee,Eastern,Electronics,Smart Display,C04337,8,316350.5,1
T2025090003452,2025-09-24,2025,9,Matale,Central,Home,Storage Set,C02945,11,209053.86,1
T2025090003453,2025-09-05,2025,9,Gampaha,Western,Lifestyle,Travel Kit,C01806,6,62862.44,1
T2025090003454,2025-09-22,2025,9,Kandy,Central,Electronics,Power Hub,C03514,3,123650.25,1
T2025090003455,2025-09-23,2025,9,Colombo,Western,Accessories,Mouse Pad,C04118,8,31366.27,1
T2025090003456,2025-09-26,2025,9,Batticaloa,Eastern,Electronics,Wireless Router,C02098,10,385600.09,1
T2025090003457,2025-09-22,2025,9,Matara,Southern,Lifestyle,Travel Kit,C02245,3,33519.21,1
T2025090003458,2025-09-05,2025,9,Ratnapura,Sabaragamuwa,Home,Storage Set,C04125,2,36873.89,1
T2025090003459,2025-09-01,2025,9,Jaffna,Northern,Outdoor,Camping Light,C01032,5,71366.44,1
T2025090003460,2025-09-23,2025,9,Jaffna,Northern,Outdoor,Portable Fan,C01403,4,57706.24,1
T2025090003461,2025-09-20,2025,9,Ratnapura,Sabaragamuwa,Office,Monitor Stand,C03783,7,190893.15,1
T2025090003462,2025-09-03,2025,9,Mannar,Northern,Accessories,Phone Stand,C03865,5,21539.0,1
T2025090003463,2025-09-30,2025,9,Nuwara Eliya,Central,Accessories,USB Cable,C02208,8,37119.22,1
T2025090003464,2025-09-26,2025,9,Anuradhapura,North Central,Electronics,Smart Display,C02422,14,554999.21,1
T2025090003465,2025-09-09,2025,9,Matara,Southern,Home,Coffee Maker,C04909,6,119884.14,1
T2025090003466,2025-09-28,2025,9,Kegalle,Sabaragamuwa,Electronics,Smart Display,C03107,3,117627.48,1
T2025090003467,2025-09-02,2025,9,Jaffna,Northern,Lifestyle,Water Bottle,C02674,3,30635.89,1
T2025090003468,2025-09-24,2025,9,Matara,Southern,Electronics,Power Hub,C04628,12,428891.77,1
T2025090003469,2025-09-22,2025,9,Batticaloa,Eastern,Home,LED Lamp,C04190,14,274359.72,1
T2025090003470,2025-09-04,2025,9,Badulla,Uva,Electronics,Smart Display,C01723,11,465614.49,1
T2025090003471,2025-09-22,2025,9,Galle,Southern,Accessories,Mouse Pad,C03270,10,50292.13,1
T2025090003472,2025-09-07,2025,9,Kurunegala,North Western,Office,Office Chair,C01137,5,155145.9,1
T2025090003473,2025-09-18,2025,9,Polonnaruwa,North Central,Lifestyle,Water Bottle,C03015,4,43850.73,1
T2025090003474,2025-09-15,2025,9,Matale,Central,Lifestyle,Fitness Band,C03127,11,120910.95,1
T2025090003475,2025-09-29,2025,9,Kandy,Central,Lifestyle,Travel Kit,C03937,3,32324.87,1
T2025090003476,2025-09-05,2025,9,Kalutara,Western,Electronics,Wireless Router,C02811,9,353283.22,1
T2025090003477,2025-09-27,2025,9,Anuradhapura,North Central,Home,Storage Set,C04391,11,213813.59,1
T2025090003478,2025-09-17,2025,9,Mullaitivu,Northern,Electronics,Sound Bar,C02302,13,547057.51,1
T2025090003479,2025-09-08,2025,9,Puttalam,North Western,Electronics,Sound Bar,C02264,6,199668.27,1
T2025090003480,2025-09-16,2025,9,Jaffna,Northern,Lifestyle,Water Bottle,C04461,13,132944.98,1
T2025090003481,2025-09-26,2025,9,Colombo,Western,Accessories,Power Adapter,C03654,8,36792.97,1
T2025090003482,2025-09-05,2025,9,Kurunegala,North Western,Lifestyle,Desk Organizer,C03743,3,30733.99,1
T2025090003483,2025-09-20,2025,9,Colombo,Western,Lifestyle,Water Bottle,C03702,8,89337.35,1
T2025090003484,2025-09-03,2025,9,Hambantota,Southern,Lifestyle,Desk Organizer,C03265,15,142081.8,1
T2025090003485,2025-09-15,2025,9,Kegalle,Sabaragamuwa,Home,LED Lamp,C04511,5,93410.94,1
T2025090003486,2025-09-11,2025,9,Puttalam,North Western,Office,Document Scanner,C03107,4,120360.61,1
T2025090003487,2025-09-10,2025,9,Puttalam,North Western,Electronics,Wireless Router,C04571,12,469197.81,1
T2025090003488,2025-09-19,2025,9,Kilinochchi,Northern,Lifestyle,Fitness Band,C01409,14,134448.86,1
T2025090003489,2025-09-26,2025,9,Anuradhapura,North Central,Electronics,Smart Display,C04245,4,148619.91,1
T2025090003490,2025-09-30,2025,9,Vavuniya,Northern,Office,Office Chair,C02414,5,134878.86,1
T2025090003491,2025-09-25,2025,9,Puttalam,North Western,Outdoor,Cooler Box,C03502,9,123976.71,1
T2025090003492,2025-09-21,2025,9,Galle,Southern,Electronics,Wireless Router,C04571,9,365682.95,1
T2025090003493,2025-09-30,2025,9,Kegalle,Sabaragamuwa,Home,LED Lamp,C02611,5,88127.98,1
T2025090003494,2025-09-26,2025,9,Badulla,Uva,Lifestyle,Travel Kit,C04070,12,120290.25,1
T2025090003495,2025-09-14,2025,9,Gampaha,Western,Home,Coffee Maker,C03233,12,223776.65,1
T2025090003496,2025-09-28,2025,9,Gampaha,Western,Home,Storage Set,C04970,5,105020.9,1
T2025090003497,2025-09-21,2025,9,Batticaloa,Eastern,Electronics,Sound Bar,C01394,5,182415.27,1
T2025090003498,2025-09-14,2025,9,Batticaloa,Eastern,Electronics,Sound Bar,C03860,6,242787.51,1
T2025090003499,2025-09-03,2025,9,Anuradhapura,North Central,Home,Air Purifier,C02399,12,275882.49,1
T2025090003500,2025-09-28,2025,9,Kurunegala,North Western,Outdoor,Cooler Box,C03015,2,30308.62,1
T2025090003501,2025-09-13,2025,9,Badulla,Uva,Lifestyle,Fitness Band,C02301,4,37625.76,1
T2025090003502,2025-09-24,2025,9,Galle,Southern,Lifestyle,Water Bottle,C03364,6,58851.34,1
T2025090003503,2025-09-03,2025,9,Puttalam,North Western,Electronics,Power Hub,C03814,9,361247.13,1
T2025090003504,2025-09-16,2025,9,Ratnapura,Sabaragamuwa,Office,Laser Printer,C04737,6,151410.1,1
T2025090003505,2025-09-20,2025,9,Trincomalee,Eastern,Home,Air Purifier,C03514,11,229149.8,1
T2025090003506,2025-09-17,2025,9,Matara,Southern,Home,LED Lamp,C03004,11,198763.11,1
T2025090003507,2025-09-13,2025,9,Hambantota,Southern,Lifestyle,Desk Organizer,C03872,11,120805.78,1
T2025090003508,2025-09-21,2025,9,Hambantota,Southern,Home,Coffee Maker,C03158,11,203596.6,1
T2025090003509,2025-09-04,2025,9,Kandy,Central,Outdoor,Portable Fan,C05036,5,70509.31,1
T2025090003510,2025-09-25,2025,9,Kalutara,Western,Electronics,Smart Display,C03177,8,351748.15,1
T2025090003511,2025-09-28,2025,9,Galle,Southern,Accessories,Phone Stand,C03445,3,11956.92,1
T2025090003512,2025-09-04,2025,9,Hambantota,Southern,Electronics,Smart Display,C01392,3,119439.96,1
T2025090003513,2025-09-08,2025,9,Hambantota,Southern,Outdoor,Foldable Chair,C03154,9,145946.61,1
T2025090003514,2025-09-12,2025,9,Trincomalee,Eastern,Lifestyle,Travel Kit,C03887,7,71753.18,1
T2025090003515,2025-09-10,2025,9,Kandy,Central,Electronics,Wireless Router,C04997,3,117797.25,1
T2025090003516,2025-09-08,2025,9,Hambantota,Southern,Office,Monitor Stand,C02243,12,355192.67,1
T2025090003517,2025-09-24,2025,9,Nuwara Eliya,Central,Electronics,Wireless Router,C04982,8,334427.38,1
T2025090003518,2025-09-02,2025,9,Ratnapura,Sabaragamuwa,Electronics,Power Hub,C04297,4,160690.07,1
T2025090003519,2025-09-14,2025,9,Puttalam,North Western,Home,Air Purifier,C02585,4,78534.86,1
T2025090003520,2025-09-09,2025,9,Matara,Southern,Home,Storage Set,C01834,6,118439.14,1
T2025090003521,2025-09-24,2025,9,Batticaloa,Eastern,Electronics,Power Hub,C05008,11,463413.04,1
T2025090003522,2025-09-19,2025,9,Kegalle,Sabaragamuwa,Electronics,Wireless Router,C03617,5,177242.01,1
T2025090003523,2025-09-04,2025,9,Jaffna,Northern,Home,Storage Set,C01304,7,126321.21,1
T2025090003524,2025-09-22,2025,9,Gampaha,Western,Electronics,Wireless Router,C01256,12,498340.56,1
T2025090003525,2025-09-19,2025,9,Kurunegala,North Western,Accessories,Mouse Pad,C03210,2,8587.43,1
T2025090003526,2025-09-13,2025,9,Kalutara,Western,Lifestyle,Water Bottle,C01802,13,125855.76,1
T2025090003527,2025-09-13,2025,9,Vavuniya,Northern,Outdoor,Portable Fan,C04647,9,133464.41,1
T2025090003528,2025-09-29,2025,9,Puttalam,North Western,Lifestyle,Travel Kit,C04015,9,86530.32,1
T2025090003529,2025-09-05,2025,9,Mullaitivu,Northern,Electronics,Smart Display,C04723,4,166643.86,1
T2025090003530,2025-09-27,2025,9,Puttalam,North Western,Accessories,Phone Stand,C03830,3,12946.31,1
T2025090003531,2025-09-06,2025,9,Colombo,Western,Electronics,Power Hub,C03539,7,255495.62,1
T2025090003532,2025-09-16,2025,9,Kandy,Central,Home,LED Lamp,C03570,10,203057.64,1
T2025090003533,2025-09-17,2025,9,Matara,Southern,Outdoor,Camping Light,C03196,15,218965.05,1
T2025090003534,2025-09-25,2025,9,Ampara,Eastern,Accessories,Phone Stand,C03984,8,36577.14,1
T2025090003535,2025-09-28,2025,9,Anuradhapura,North Central,Home,Air Purifier,C02427,5,112565.99,1
T2025090003536,2025-09-05,2025,9,Kandy,Central,Office,Monitor Stand,C01560,12,360732.42,1
T2025090003537,2025-09-26,2025,9,Galle,Southern,Accessories,USB Cable,C01725,3,12493.65,1
T2025090003538,2025-09-11,2025,9,Puttalam,North Western,Electronics,Wireless Router,C02364,12,514240.01,1
T2025090003539,2025-09-26,2025,9,Ratnapura,Sabaragamuwa,Lifestyle,Travel Kit,C03730,8,80185.84,1
T2025090003540,2025-09-30,2025,9,Matara,Southern,Home,Coffee Maker,C04093,6,111169.48,1
T2025090003541,2025-09-04,2025,9,Trincomalee,Eastern,Home,Coffee Maker,C01626,7,139654.81,1
T2025090003542,2025-09-07,2025,9,Ampara,Eastern,Outdoor,Foldable Chair,C01700,6,85355.86,1
T2025090003543,2025-09-07,2025,9,Kegalle,Sabaragamuwa,Office,Office Chair,C01475,8,230008.71,1
T2025090003544,2025-09-17,2025,9,Gampaha,Western,Office,Document Scanner,C04514,5,138051.06,1
T2025090003545,2025-09-22,2025,9,Polonnaruwa,North Central,Accessories,Power Adapter,C04130,4,16593.2,1
T2025090003546,2025-09-11,2025,9,Kandy,Central,Lifestyle,Travel Kit,C02991,5,48770.08,1
T2025090003547,2025-09-01,2025,9,Gampaha,Western,Lifestyle,Travel Kit,C04189,4,42302.48,1
T2025090003548,2025-09-24,2025,9,Ratnapura,Sabaragamuwa,Lifestyle,Desk Organizer,C01379,8,90771.31,1
T2025090003549,2025-09-13,2025,9,Matara,Southern,Accessories,Phone Stand,C04810,4,18912.89,1
T2025090003550,2025-09-06,2025,9,Hambantota,Southern,Office,Laser Printer,C04409,14,423753.04,1
T2025090003551,2025-09-22,2025,9,Kandy,Central,Lifestyle,Desk Organizer,C01405,5,49639.42,1
T2025090003552,2025-09-28,2025,9,Kandy,Central,Electronics,Sound Bar,C04172,5,183738.64,1
T2025090003553,2025-09-19,2025,9,Kandy,Central,Lifestyle,Water Bottle,C01895,8,81920.92,1
T2025090003554,2025-09-13,2025,9,Kurunegala,North Western,Office,Office Chair,C01168,11,289707.91,1
T2025090003555,2025-09-08,2025,9,Colombo,Western,Lifestyle,Desk Organizer,C01127,5,53581.13,1
T2025090003556,2025-09-18,2025,9,Kurunegala,North Western,Office,Laser Printer,C02011,3,90172.06,1
T2025090003557,2025-09-15,2025,9,Vavuniya,Northern,Electronics,Sound Bar,C04206,14,546790.01,1
T2025090003558,2025-09-20,2025,9,Gampaha,Western,Home,LED Lamp,C01549,5,111776.22,1
T2025090003559,2025-09-26,2025,9,Puttalam,North Western,Home,LED Lamp,C04290,1,17975.37,1
T2025090003560,2025-09-12,2025,9,Vavuniya,Northern,Accessories,USB Cable,C04732,11,50000.68,1
T2025090003561,2025-09-25,2025,9,Polonnaruwa,North Central,Accessories,Phone Stand,C02631,16,68732.69,1
T2025090003562,2025-09-14,2025,9,Anuradhapura,North Central,Electronics,Smart Display,C01035,6,233819.69,1
T2025090003563,2025-09-13,2025,9,Polonnaruwa,North Central,Lifestyle,Water Bottle,C03079,8,88672.19,1
T2025090003564,2025-09-02,2025,9,Gampaha,Western,Outdoor,Camping Light,C03493,13,216984.54,1
T2025090003565,2025-09-12,2025,9,Monaragala,Uva,Home,Air Purifier,C03707,7,147779.47,1
T2025090003566,2025-09-26,2025,9,Vavuniya,Northern,Electronics,Sound Bar,C03777,10,410834.86,1
T2025090003567,2025-09-07,2025,9,Jaffna,Northern,Lifestyle,Desk Organizer,C01220,2,20100.5,1
T2025090003568,2025-09-05,2025,9,Monaragala,Uva,Accessories,Power Adapter,C01604,5,24033.76,1
T2025090003569,2025-09-18,2025,9,Colombo,Western,Electronics,Power Hub,C03076,11,442640.86,1
T2025090003570,2025-09-18,2025,9,Mullaitivu,Northern,Electronics,Power Hub,C04156,5,201514.07,1
T2025100003571,2025-10-28,2025,10,Puttalam,North Western,Home,Storage Set,C04569,3,58414.21,1
T2025100003572,2025-10-27,2025,10,Matale,Central,Accessories,Mouse Pad,C02911,3,14371.36,1
T2025100003573,2025-10-24,2025,10,Colombo,Western,Electronics,Wireless Router,C04443,11,463285.3,1
T2025100003574,2025-10-04,2025,10,Monaragala,Uva,Accessories,Power Adapter,C03788,11,47210.04,1
T2025100003575,2025-10-24,2025,10,Badulla,Uva,Outdoor,Foldable Chair,C04595,11,170047.62,1
T2025100003576,2025-10-28,2025,10,Gampaha,Western,Home,Air Purifier,C03793,5,105246.27,1
T2025100003577,2025-10-26,2025,10,Mullaitivu,Northern,Outdoor,Foldable Chair,C03449,7,117341.98,1
T2025100003578,2025-10-10,2025,10,Gampaha,Western,Lifestyle,Desk Organizer,C04213,12,125462.77,1
T2025100003579,2025-10-06,2025,10,Matara,Southern,Lifestyle,Desk Organizer,C02243,6,63838.82,1
T2025100003580,2025-10-19,2025,10,Jaffna,Northern,Home,Air Purifier,C02665,1,20542.59,1
T2025100003581,2025-10-27,2025,10,Jaffna,Northern,Home,Storage Set,C01094,6,117898.65,1
T2025100003582,2025-10-07,2025,10,Kalutara,Western,Outdoor,Portable Fan,C01555,7,110137.3,1
T2025100003583,2025-10-29,2025,10,Hambantota,Southern,Office,Document Scanner,C04611,7,205543.3,1
T2025100003584,2025-10-13,2025,10,Colombo,Western,Office,Document Scanner,C02183,4,121396.91,1
T2025100003585,2025-10-22,2025,10,Badulla,Uva,Outdoor,Portable Fan,C01572,11,147533.9,1
T2025100003586,2025-10-18,2025,10,Puttalam,North Western,Accessories,USB Cable,C02066,8,34350.6,1
T2025100003587,2025-10-07,2025,10,Galle,Southern,Accessories,Phone Stand,C03355,4,16911.55,1
T2025100003588,2025-10-09,2025,10,Colombo,Western,Electronics,Sound Bar,C03067,6,263881.27,1
T2025100003589,2025-10-23,2025,10,Anuradhapura,North Central,Accessories,Mouse Pad,C03119,4,19166.81,1
T2025100003590,2025-10-15,2025,10,Batticaloa,Eastern,Office,Office Chair,C03794,7,202789.45,1
T2025100003591,2025-10-16,2025,10,Mullaitivu,Northern,Electronics,Wireless Router,C02987,10,344199.56,1
T2025100003592,2025-10-18,2025,10,Polonnaruwa,North Central,Home,Coffee Maker,C03354,7,153321.27,1
T2025100003593,2025-10-06,2025,10,Gampaha,Western,Accessories,USB Cable,C03097,6,30828.17,1
T2025100003594,2025-10-14,2025,10,Kilinochchi,Northern,Electronics,Sound Bar,C04638,10,376866.8,1
T2025100003595,2025-10-18,2025,10,Galle,Southern,Outdoor,Portable Fan,C04476,7,110775.38,1
T2025100003596,2025-10-24,2025,10,Galle,Southern,Office,Laser Printer,C02874,8,222681.52,1
T2025100003597,2025-10-29,2025,10,Kandy,Central,Electronics,Power Hub,C01281,13,520108.39,1
T2025100003598,2025-10-18,2025,10,Mannar,Northern,Accessories,Phone Stand,C02080,11,49011.67,1
T2025100003599,2025-10-27,2025,10,Gampaha,Western,Accessories,Mouse Pad,C02663,11,46601.36,1
T2025100003600,2025-10-19,2025,10,Anuradhapura,North Central,Lifestyle,Desk Organizer,C02423,11,108561.89,1
T2025100003601,2025-10-08,2025,10,Galle,Southern,Home,Storage Set,C01069,4,69770.0,1
T2025100003602,2025-10-03,2025,10,Jaffna,Northern,Lifestyle,Fitness Band,C03656,9,85790.54,1
T2025100003603,2025-10-05,2025,10,Matale,Central,Office,Office Chair,C01174,9,286160.31,1
T2025100003604,2025-10-12,2025,10,Colombo,Western,Accessories,Power Adapter,C03438,14,58572.26,1
T2025100003605,2025-10-28,2025,10,Kilinochchi,Northern,Office,Laser Printer,C01456,13,377785.42,1
T2025100003606,2025-10-12,2025,10,Badulla,Uva,Home,Air Purifier,C01801,4,82577.52,1
T2025100003607,2025-10-28,2025,10,Matara,Southern,Home,Air Purifier,C02883,10,179381.02,1
T2025100003608,2025-10-01,2025,10,Monaragala,Uva,Home,LED Lamp,C02653,8,150486.52,1
T2025100003609,2025-10-18,2025,10,Gampaha,Western,Home,LED Lamp,C04260,9,168666.99,1
T2025100003610,2025-10-20,2025,10,Puttalam,North Western,Outdoor,Foldable Chair,C04649,4,54676.2,1
T2025100003611,2025-10-23,2025,10,Colombo,Western,Office,Monitor Stand,C05098,3,96284.95,1
T2025100003612,2025-10-16,2025,10,Gampaha,Western,Electronics,Smart Display,C04542,8,358627.73,1
T2025100003613,2025-10-03,2025,10,Trincomalee,Eastern,Electronics,Sound Bar,C03871,8,266513.34,1
T2025100003614,2025-10-08,2025,10,Gampaha,Western,Office,Monitor Stand,C02035,4,105989.75,1
T2025100003615,2025-10-25,2025,10,Matara,Southern,Electronics,Wireless Router,C02620,7,266075.36,1
T2025100003616,2025-10-26,2025,10,Mullaitivu,Northern,Electronics,Wireless Router,C03644,3,116319.71,1
T2025100003617,2025-10-20,2025,10,Anuradhapura,North Central,Office,Laser Printer,C03314,4,103000.58,1
T2025100003618,2025-10-26,2025,10,Nuwara Eliya,Central,Accessories,Power Adapter,C01907,15,73353.68,1
T2025100003619,2025-10-06,2025,10,Mannar,Northern,Lifestyle,Travel Kit,C04376,6,62559.04,1
T2025100003620,2025-10-10,2025,10,Jaffna,Northern,Lifestyle,Fitness Band,C02457,9,101335.81,1
T2025100003621,2025-10-16,2025,10,Kurunegala,North Western,Electronics,Power Hub,C04778,4,164450.39,1
T2025100003622,2025-10-20,2025,10,Kalutara,Western,Home,Coffee Maker,C03493,13,260538.87,1
T2025100003623,2025-10-04,2025,10,Batticaloa,Eastern,Outdoor,Foldable Chair,C04904,5,74268.23,1
T2025100003624,2025-10-20,2025,10,Kandy,Central,Lifestyle,Fitness Band,C02284,13,123883.23,1
T2025100003625,2025-10-05,2025,10,Kandy,Central,Lifestyle,Fitness Band,C03432,5,52153.11,1
T2025100003626,2025-10-01,2025,10,Kegalle,Sabaragamuwa,Office,Laser Printer,C03352,8,230784.47,1
T2025100003627,2025-10-29,2025,10,Hambantota,Southern,Lifestyle,Travel Kit,C03360,4,41204.61,1
T2025100003628,2025-10-08,2025,10,Gampaha,Western,Home,LED Lamp,C01271,6,128596.44,1
T2025100003629,2025-10-30,2025,10,Mullaitivu,Northern,Electronics,Wireless Router,C01481,3,110332.52,1
T2025100003630,2025-10-06,2025,10,Kandy,Central,Accessories,USB Cable,C04770,11,49709.41,1
T2025100003631,2025-10-19,2025,10,Kandy,Central,Accessories,Power Adapter,C04450,15,61995.59,1
T2025100003632,2025-10-07,2025,10,Batticaloa,Eastern,Lifestyle,Travel Kit,C02825,15,160766.59,1
T2025100003633,2025-10-27,2025,10,Matara,Southern,Home,LED Lamp,C02986,11,229697.86,1
T2025100003634,2025-10-26,2025,10,Batticaloa,Eastern,Office,Document Scanner,C04905,14,459064.14,1
T2025100003635,2025-10-14,2025,10,Polonnaruwa,North Central,Electronics,Sound Bar,C02362,10,361206.58,1
T2025100003636,2025-10-01,2025,10,Hambantota,Southern,Outdoor,Portable Fan,C03658,2,26902.16,1
T2025100003637,2025-10-10,2025,10,Mannar,Northern,Lifestyle,Fitness Band,C04542,12,123026.39,1
T2025100003638,2025-10-27,2025,10,Matale,Central,Lifestyle,Desk Organizer,C03044,10,100659.76,1
T2025100003639,2025-10-21,2025,10,Ampara,Eastern,Electronics,Wireless Router,C02443,5,186733.97,1
T2025100003640,2025-10-15,2025,10,Mullaitivu,Northern,Office,Laser Printer,C04547,14,439020.23,1
T2025100003641,2025-10-31,2025,10,Ratnapura,Sabaragamuwa,Electronics,Sound Bar,C03505,4,150274.74,1
T2025100003642,2025-10-26,2025,10,Colombo,Western,Home,LED Lamp,C02501,16,298483.84,1
T2025100003643,2025-10-07,2025,10,Hambantota,Southern,Office,Monitor Stand,C04742,5,148307.95,1
T2025100003644,2025-10-08,2025,10,Gampaha,Western,Electronics,Smart Display,C04944,5,203196.87,1
T2025100003645,2025-10-04,2025,10,Colombo,Western,Accessories,Mouse Pad,C03542,12,50183.18,1
T2025100003646,2025-10-23,2025,10,Ratnapura,Sabaragamuwa,Electronics,Wireless Router,C02564,11,400834.32,1
T2025100003647,2025-10-02,2025,10,Kandy,Central,Electronics,Smart Display,C04275,3,132628.05,1
T2025100003648,2025-10-31,2025,10,Gampaha,Western,Electronics,Smart Display,C03996,6,251937.82,1
T2025100003649,2025-10-09,2025,10,Colombo,Western,Lifestyle,Water Bottle,C01429,4,46829.55,1
T2025100003650,2025-10-19,2025,10,Ratnapura,Sabaragamuwa,Home,Air Purifier,C01645,8,162832.8,1
T2025100003651,2025-10-31,2025,10,Polonnaruwa,North Central,Electronics,Sound Bar,C01292,7,259728.61,1
T2025100003652,2025-10-12,2025,10,Colombo,Western,Home,Coffee Maker,C01175,10,191215.18,1
T2025100003653,2025-10-04,2025,10,Batticaloa,Eastern,Home,Air Purifier,C04854,5,104641.37,1
T2025100003654,2025-10-26,2025,10,Galle,Southern,Accessories,Mouse Pad,C04541,4,19936.56,1
T2025100003655,2025-10-04,2025,10,Kegalle,Sabaragamuwa,Home,Air Purifier,C04528,10,198681.43,1
T2025100003656,2025-10-08,2025,10,Trincomalee,Eastern,Outdoor,Foldable Chair,C04544,5,69808.63,1
T2025100003657,2025-10-10,2025,10,Matara,Southern,Accessories,Power Adapter,C01341,4,16327.58,1
T2025100003658,2025-10-20,2025,10,Ampara,Eastern,Lifestyle,Water Bottle,C04441,6,67950.87,1
T2025100003659,2025-10-30,2025,10,Kalutara,Western,Electronics,Power Hub,C01197,14,465926.28,1
T2025100003660,2025-10-24,2025,10,Colombo,Western,Electronics,Wireless Router,C04421,3,109755.95,1
T2025100003661,2025-10-02,2025,10,Mullaitivu,Northern,Lifestyle,Fitness Band,C02697,5,56535.9,1
T2025100003662,2025-10-14,2025,10,Ampara,Eastern,Home,LED Lamp,C01933,15,279414.9,1
T2025100003663,2025-10-30,2025,10,Kurunegala,North Western,Electronics,Wireless Router,C04445,8,355984.23,1
T2025100003664,2025-10-13,2025,10,Ampara,Eastern,Home,Storage Set,C02314,7,143312.02,1
T2025100003665,2025-10-27,2025,10,Hambantota,Southern,Electronics,Power Hub,C02283,1,38082.03,1
T2025100003666,2025-10-05,2025,10,Gampaha,Western,Office,Monitor Stand,C04666,8,239771.61,1
T2025100003667,2025-10-31,2025,10,Matara,Southern,Electronics,Sound Bar,C01236,7,241007.02,1
T2025100003668,2025-10-21,2025,10,Batticaloa,Eastern,Accessories,Power Adapter,C01846,5,23479.03,1
T2025100003669,2025-10-13,2025,10,Mannar,Northern,Home,Air Purifier,C03132,7,145575.23,1
T2025100003670,2025-10-12,2025,10,Galle,Southern,Lifestyle,Desk Organizer,C04682,3,31157.94,1
T2025100003671,2025-10-14,2025,10,Badulla,Uva,Electronics,Wireless Router,C03903,2,80821.59,1
T2025100003672,2025-10-30,2025,10,Anuradhapura,North Central,Electronics,Wireless Router,C03040,10,382051.44,1
T2025100003673,2025-10-05,2025,10,Kalutara,Western,Accessories,USB Cable,C01266,6,28873.44,1
T2025100003674,2025-10-25,2025,10,Matara,Southern,Outdoor,Cooler Box,C02968,7,106699.34,1
T2025100003675,2025-10-23,2025,10,Colombo,Western,Electronics,Power Hub,C05057,8,296796.82,1
T2025100003676,2025-10-22,2025,10,Anuradhapura,North Central,Electronics,Wireless Router,C04937,4,169598.01,1
T2025100003677,2025-10-11,2025,10,Kandy,Central,Electronics,Wireless Router,C03377,5,201601.84,1
T2025100003678,2025-10-19,2025,10,Matale,Central,Accessories,USB Cable,C02711,12,51579.71,1
T2025100003679,2025-10-13,2025,10,Kandy,Central,Lifestyle,Travel Kit,C03539,3,29746.96,1
T2025100003680,2025-10-25,2025,10,Puttalam,North Western,Outdoor,Cooler Box,C02801,9,116117.33,1
T2025100003681,2025-10-20,2025,10,Colombo,Western,Electronics,Sound Bar,C03517,14,608727.74,1
T2025100003682,2025-10-19,2025,10,Trincomalee,Eastern,Office,Laser Printer,C04586,8,242291.7,1
T2025100003683,2025-10-17,2025,10,Kegalle,Sabaragamuwa,Home,Storage Set,C02251,8,164695.8,1
T2025100003684,2025-10-05,2025,10,Gampaha,Western,Office,Document Scanner,C02285,5,149667.51,1
T2025100003685,2025-10-08,2025,10,Batticaloa,Eastern,Electronics,Sound Bar,C02044,2,73275.91,1
T2025100003686,2025-10-28,2025,10,Colombo,Western,Home,Storage Set,C04700,12,271063.96,1
T2025100003687,2025-10-04,2025,10,Galle,Southern,Office,Laser Printer,C03150,13,415175.81,1
T2025100003688,2025-10-03,2025,10,Puttalam,North Western,Lifestyle,Fitness Band,C03760,6,58663.83,1
T2025100003689,2025-10-16,2025,10,Anuradhapura,North Central,Outdoor,Cooler Box,C02042,7,101381.63,1
T2025100003690,2025-10-14,2025,10,Hambantota,Southern,Office,Document Scanner,C02587,3,79527.14,1
T2025100003691,2025-10-10,2025,10,Batticaloa,Eastern,Outdoor,Foldable Chair,C03481,4,55961.58,1
T2025100003692,2025-10-24,2025,10,Trincomalee,Eastern,Electronics,Power Hub,C02568,3,127615.18,1
T2025100003693,2025-10-31,2025,10,Hambantota,Southern,Home,Air Purifier,C02855,3,69500.03,1
T2025100003694,2025-10-22,2025,10,Monaragala,Uva,Electronics,Sound Bar,C04116,6,245674.43,1
T2025100003695,2025-10-01,2025,10,Ratnapura,Sabaragamuwa,Outdoor,Cooler Box,C04349,6,79877.81,1
T2025100003696,2025-10-27,2025,10,Ratnapura,Sabaragamuwa,Outdoor,Camping Light,C01836,8,130559.11,1
T2025100003697,2025-10-29,2025,10,Kurunegala,North Western,Outdoor,Portable Fan,C02172,5,71694.66,1
T2025100003698,2025-10-02,2025,10,Mannar,Northern,Outdoor,Foldable Chair,C01520,4,56789.91,1
T2025100003699,2025-10-31,2025,10,Kalutara,Western,Electronics,Smart Display,C01909,12,550637.9,1
T2025100003700,2025-10-23,2025,10,Matale,Central,Accessories,Power Adapter,C01704,9,38501.04,1
T2025100003701,2025-10-10,2025,10,Matara,Southern,Lifestyle,Fitness Band,C03538,6,61527.46,1
T2025100003702,2025-10-15,2025,10,Colombo,Western,Outdoor,Camping Light,C04166,3,45995.33,1
T2025100003703,2025-10-04,2025,10,Matara,Southern,Electronics,Smart Display,C02622,5,215860.67,1
T2025100003704,2025-10-11,2025,10,Kandy,Central,Lifestyle,Travel Kit,C04750,9,93620.09,1
T2025100003705,2025-10-08,2025,10,Puttalam,North Western,Lifestyle,Water Bottle,C01224,4,45401.22,1
T2025100003706,2025-10-20,2025,10,Kandy,Central,Office,Document Scanner,C01031,14,400482.52,1
T2025100003707,2025-10-06,2025,10,Kurunegala,North Western,Home,Coffee Maker,C01729,11,212792.6,1
T2025100003708,2025-10-06,2025,10,Colombo,Western,Outdoor,Camping Light,C02837,6,100021.07,1
T2025100003709,2025-10-16,2025,10,Kandy,Central,Electronics,Smart Display,C03849,13,541245.65,1
T2025100003710,2025-10-21,2025,10,Trincomalee,Eastern,Electronics,Smart Display,C04327,5,208655.07,1
T2025100003711,2025-10-30,2025,10,Gampaha,Western,Electronics,Smart Display,C04183,5,188482.86,1
T2025100003712,2025-10-29,2025,10,Matale,Central,Lifestyle,Desk Organizer,C03461,8,84160.42,1
T2025100003713,2025-10-15,2025,10,Anuradhapura,North Central,Office,Monitor Stand,C01569,1,29698.42,1
T2025100003714,2025-10-26,2025,10,Anuradhapura,North Central,Electronics,Smart Display,C04736,7,298888.9,1
T2025100003715,2025-10-11,2025,10,Hambantota,Southern,Accessories,Phone Stand,C04937,8,34749.71,1
T2025100003716,2025-10-17,2025,10,Anuradhapura,North Central,Outdoor,Camping Light,C04639,3,51307.11,1
T2025100003717,2025-10-02,2025,10,Matara,Southern,Lifestyle,Desk Organizer,C01427,5,48346.61,1
T2025100003718,2025-10-28,2025,10,Kandy,Central,Home,Coffee Maker,C03738,8,157856.86,1
T2025100003719,2025-10-23,2025,10,Kandy,Central,Office,Monitor Stand,C04336,13,375116.71,1
T2025100003720,2025-10-27,2025,10,Kandy,Central,Accessories,Mouse Pad,C01218,4,17075.58,1
T2025100003721,2025-10-20,2025,10,Monaragala,Uva,Outdoor,Camping Light,C03549,9,140453.99,1
T2025100003722,2025-10-24,2025,10,Galle,Southern,Home,Coffee Maker,C02757,6,102914.29,1
T2025100003723,2025-10-15,2025,10,Hambantota,Southern,Outdoor,Cooler Box,C01851,4,61552.61,1
T2025100003724,2025-10-17,2025,10,Puttalam,North Western,Office,Office Chair,C03237,7,217762.71,1
T2025100003725,2025-10-28,2025,10,Puttalam,North Western,Outdoor,Foldable Chair,C04082,5,74436.63,1
T2025100003726,2025-10-22,2025,10,Gampaha,Western,Lifestyle,Desk Organizer,C04713,3,34103.2,1
T2025100003727,2025-10-30,2025,10,Kandy,Central,Electronics,Smart Display,C04946,8,336320.83,1
T2025100003728,2025-10-28,2025,10,Matara,Southern,Home,Air Purifier,C04914,4,76321.44,1
T2025100003729,2025-10-05,2025,10,Gampaha,Western,Outdoor,Camping Light,C04184,5,72345.06,1
T2025100003730,2025-10-13,2025,10,Mannar,Northern,Electronics,Wireless Router,C03155,5,173109.68,1
T2025100003731,2025-10-31,2025,10,Kilinochchi,Northern,Office,Laser Printer,C01833,5,162094.35,1
T2025100003732,2025-10-09,2025,10,Galle,Southern,Electronics,Sound Bar,C02945,9,359710.65,1
T2025100003733,2025-10-12,2025,10,Kurunegala,North Western,Accessories,Mouse Pad,C02237,5,23644.32,1
T2025100003734,2025-10-02,2025,10,Nuwara Eliya,Central,Office,Office Chair,C04191,1,31374.77,1
T2025100003735,2025-10-14,2025,10,Ampara,Eastern,Outdoor,Camping Light,C03677,3,39109.11,1
T2025100003736,2025-10-05,2025,10,Hambantota,Southern,Lifestyle,Water Bottle,C01671,14,162736.86,1
T2025100003737,2025-10-17,2025,10,Colombo,Western,Office,Office Chair,C02583,12,368340.66,1
T2025100003738,2025-10-05,2025,10,Anuradhapura,North Central,Office,Document Scanner,C04917,4,132498.72,1
T2025100003739,2025-10-22,2025,10,Colombo,Western,Office,Laser Printer,C05046,13,438723.22,1
T2025100003740,2025-10-24,2025,10,Batticaloa,Eastern,Home,Coffee Maker,C03597,6,122518.57,1
T2025110003741,2025-11-01,2025,11,Kegalle,Sabaragamuwa,Outdoor,Cooler Box,C02145,6,105565.03,1
T2025110003742,2025-11-16,2025,11,Kurunegala,North Western,Home,Coffee Maker,C01996,6,143094.87,1
T2025110003743,2025-11-25,2025,11,Anuradhapura,North Central,Electronics,Power Hub,C03145,3,132230.46,1
T2025110003744,2025-11-14,2025,11,Kandy,Central,Lifestyle,Water Bottle,C01542,12,148039.19,1
T2025110003745,2025-11-22,2025,11,Anuradhapura,North Central,Electronics,Smart Display,C02869,4,175617.93,1
T2025110003746,2025-11-30,2025,11,Gampaha,Western,Accessories,Mouse Pad,C04721,3,14850.82,1
T2025110003747,2025-11-30,2025,11,Kandy,Central,Lifestyle,Water Bottle,C02356,4,42895.37,1
T2025110003748,2025-11-25,2025,11,Matara,Southern,Home,Coffee Maker,C03281,15,358765.55,1
T2025110003749,2025-11-28,2025,11,Puttalam,North Western,Office,Document Scanner,C01926,15,468253.61,1
T2025110003750,2025-11-09,2025,11,Puttalam,North Western,Electronics,Smart Display,C04491,2,103284.73,1
T2025110003751,2025-11-11,2025,11,Matale,Central,Lifestyle,Fitness Band,C03736,9,114937.4,1
T2025110003752,2025-11-17,2025,11,Puttalam,North Western,Accessories,Phone Stand,C04945,7,37673.79,1
T2025110003753,2025-11-23,2025,11,Ratnapura,Sabaragamuwa,Lifestyle,Travel Kit,C01130,10,134790.18,1
T2025110003754,2025-11-13,2025,11,Hambantota,Southern,Electronics,Sound Bar,C04251,10,428576.67,1
T2025110003755,2025-11-20,2025,11,Nuwara Eliya,Central,Home,Air Purifier,C02436,5,119158.97,1
T2025110003756,2025-11-30,2025,11,Vavuniya,Northern,Lifestyle,Travel Kit,C04731,11,124680.32,1
T2025110003757,2025-11-03,2025,11,Kegalle,Sabaragamuwa,Outdoor,Foldable Chair,C03837,8,146614.61,1
T2025110003758,2025-11-03,2025,11,Kandy,Central,Lifestyle,Fitness Band,C01603,7,78086.91,1
T2025110003759,2025-11-05,2025,11,Kegalle,Sabaragamuwa,Lifestyle,Travel Kit,C04488,15,174180.51,1
T2025110003760,2025-11-18,2025,11,Polonnaruwa,North Central,Electronics,Sound Bar,C03989,5,245820.02,1
T2025110003761,2025-11-13,2025,11,Kalutara,Western,Outdoor,Camping Light,C03962,14,209760.09,1
T2025110003762,2025-11-21,2025,11,Trincomalee,Eastern,Lifestyle,Travel Kit,C03071,8,98358.85,1
T2025110003763,2025-11-02,2025,11,Kegalle,Sabaragamuwa,Outdoor,Cooler Box,C01907,13,225525.92,1
T2025110003764,2025-11-23,2025,11,Jaffna,Northern,Electronics,Power Hub,C02881,6,262604.43,1
T2025110003765,2025-11-05,2025,11,Kilinochchi,Northern,Electronics,Smart Display,C04867,1,50669.99,1
T2025110003766,2025-11-27,2025,11,Mannar,Northern,Electronics,Power Hub,C03076,9,405463.97,1
T2025110003767,2025-11-11,2025,11,Hambantota,Southern,Office,Office Chair,C04241,3,104971.44,1
T2025110003768,2025-11-12,2025,11,Nuwara Eliya,Central,Electronics,Smart Display,C01151,12,532511.43,1
T2025110003769,2025-11-05,2025,11,Batticaloa,Eastern,Office,Monitor Stand,C02056,6,195699.95,1
T2025110003770,2025-11-05,2025,11,Colombo,Western,Home,Storage Set,C02103,5,100679.12,1
T2025110003771,2025-11-22,2025,11,Kandy,Central,Office,Office Chair,C03226,4,145736.84,1
T2025110003772,2025-11-14,2025,11,Kalutara,Western,Lifestyle,Travel Kit,C01940,10,106148.39,1
T2025110003773,2025-11-08,2025,11,Colombo,Western,Office,Document Scanner,C04248,3,110731.08,1
T2025110003774,2025-11-01,2025,11,Batticaloa,Eastern,Outdoor,Portable Fan,C03504,5,94810.83,1
T2025110003775,2025-11-13,2025,11,Galle,Southern,Accessories,USB Cable,C01155,3,14451.9,1
T2025110003776,2025-11-26,2025,11,Hambantota,Southern,Electronics,Wireless Router,C03377,10,471433.08,1
T2025110003777,2025-11-10,2025,11,Nuwara Eliya,Central,Office,Document Scanner,C04336,4,151020.46,1
T2025110003778,2025-11-04,2025,11,Jaffna,Northern,Lifestyle,Water Bottle,C01786,6,72110.91,1
T2025110003779,2025-11-04,2025,11,Ampara,Eastern,Accessories,Mouse Pad,C04406,10,56823.41,1
T2025110003780,2025-11-06,2025,11,Nuwara Eliya,Central,Electronics,Wireless Router,C04052,9,428698.83,1
T2025110003781,2025-11-17,2025,11,Ampara,Eastern,Accessories,USB Cable,C03658,12,57057.45,1
T2025110003782,2025-11-30,2025,11,Ampara,Eastern,Office,Office Chair,C03866,5,153900.02,1
T2025110003783,2025-11-20,2025,11,Jaffna,Northern,Home,Coffee Maker,C02626,6,150137.62,1
T2025110003784,2025-11-11,2025,11,Gampaha,Western,Home,LED Lamp,C03660,7,164582.87,1
T2025110003785,2025-11-02,2025,11,Hambantota,Southern,Office,Office Chair,C04293,4,150601.46,1
T2025110003786,2025-11-09,2025,11,Kilinochchi,Northern,Electronics,Sound Bar,C01163,13,540327.91,1
T2025110003787,2025-11-27,2025,11,Badulla,Uva,Lifestyle,Desk Organizer,C01965,7,76969.83,1
T2025110003788,2025-11-23,2025,11,Anuradhapura,North Central,Electronics,Sound Bar,C04015,5,235530.03,1
T2025110003789,2025-11-11,2025,11,Ampara,Eastern,Home,LED Lamp,C01371,10,217235.58,1
T2025110003790,2025-11-22,2025,11,Matara,Southern,Lifestyle,Fitness Band,C01877,4,45545.83,1
T2025110003791,2025-11-15,2025,11,Puttalam,North Western,Electronics,Wireless Router,C03715,6,250174.84,1
T2025110003792,2025-11-13,2025,11,Nuwara Eliya,Central,Outdoor,Camping Light,C01719,1,17858.16,1
T2025110003793,2025-11-29,2025,11,Kegalle,Sabaragamuwa,Lifestyle,Fitness Band,C01894,6,80454.74,1
T2025110003794,2025-11-23,2025,11,Kalutara,Western,Outdoor,Cooler Box,C04105,7,134593.11,1
T2025110003795,2025-11-14,2025,11,Colombo,Western,Lifestyle,Water Bottle,C04757,9,96744.29,1
T2025110003796,2025-11-22,2025,11,Batticaloa,Eastern,Accessories,Phone Stand,C01058,16,81452.65,1
T2025110003797,2025-11-19,2025,11,Monaragala,Uva,Office,Office Chair,C04926,12,444089.71,1
T2025110003798,2025-11-30,2025,11,Hambantota,Southern,Office,Monitor Stand,C04228,2,73077.95,1
T2025110003799,2025-11-17,2025,11,Kalutara,Western,Office,Monitor Stand,C02193,6,199881.27,1
T2025110003800,2025-11-25,2025,11,Polonnaruwa,North Central,Lifestyle,Fitness Band,C03116,4,48337.98,1
T2025110003801,2025-11-16,2025,11,Trincomalee,Eastern,Electronics,Smart Display,C01034,5,231606.79,1
T2025110003802,2025-11-11,2025,11,Vavuniya,Northern,Office,Monitor Stand,C03267,7,259266.43,1
T2025110003803,2025-11-15,2025,11,Badulla,Uva,Home,Air Purifier,C01355,6,160262.2,1
T2025110003804,2025-11-21,2025,11,Kurunegala,North Western,Electronics,Wireless Router,C03334,4,191435.93,1
T2025110003805,2025-11-30,2025,11,Kegalle,Sabaragamuwa,Electronics,Power Hub,C01254,11,471255.22,1
T2025110003806,2025-11-21,2025,11,Vavuniya,Northern,Accessories,Phone Stand,C03699,9,52080.9,1
T2025110003807,2025-11-17,2025,11,Hambantota,Southern,Office,Document Scanner,C03981,12,408537.59,1
T2025110003808,2025-11-13,2025,11,Ratnapura,Sabaragamuwa,Lifestyle,Desk Organizer,C01591,7,82289.33,1
T2025110003809,2025-11-02,2025,11,Kegalle,Sabaragamuwa,Office,Document Scanner,C02725,17,616804.81,1
T2025110003810,2025-11-04,2025,11,Anuradhapura,North Central,Outdoor,Portable Fan,C04178,12,221899.99,1
T2025110003811,2025-11-17,2025,11,Matale,Central,Electronics,Smart Display,C05030,7,330668.61,1
T2025110003812,2025-11-01,2025,11,Gampaha,Western,Electronics,Wireless Router,C03315,5,205891.68,1
T2025110003813,2025-11-24,2025,11,Mullaitivu,Northern,Home,Coffee Maker,C01355,4,84279.85,1
T2025110003814,2025-11-07,2025,11,Ratnapura,Sabaragamuwa,Office,Document Scanner,C03581,4,128481.12,1
T2025110003815,2025-11-09,2025,11,Anuradhapura,North Central,Home,Storage Set,C02277,8,167213.45,1
T2025110003816,2025-11-03,2025,11,Kegalle,Sabaragamuwa,Home,Storage Set,C04992,5,121875.95,1
T2025110003817,2025-11-12,2025,11,Badulla,Uva,Lifestyle,Water Bottle,C03572,5,61913.88,1
T2025110003818,2025-11-04,2025,11,Monaragala,Uva,Electronics,Smart Display,C04368,7,298054.6,1
T2025110003819,2025-11-26,2025,11,Kegalle,Sabaragamuwa,Home,Coffee Maker,C03246,7,158243.87,1
T2025110003820,2025-11-16,2025,11,Gampaha,Western,Lifestyle,Fitness Band,C02209,9,122479.15,1
T2025110003821,2025-11-04,2025,11,Polonnaruwa,North Central,Home,Storage Set,C04320,13,279276.49,1
T2025110003822,2025-11-12,2025,11,Monaragala,Uva,Lifestyle,Travel Kit,C01217,6,65821.87,1
T2025110003823,2025-11-12,2025,11,Trincomalee,Eastern,Home,Air Purifier,C03103,6,155631.56,1
T2025110003824,2025-11-23,2025,11,Vavuniya,Northern,Electronics,Power Hub,C02739,5,197612.93,1
T2025110003825,2025-11-08,2025,11,Hambantota,Southern,Lifestyle,Water Bottle,C02773,9,110097.86,1
T2025110003826,2025-11-02,2025,11,Vavuniya,Northern,Office,Monitor Stand,C04368,2,64003.99,1
T2025110003827,2025-11-29,2025,11,Galle,Southern,Home,LED Lamp,C04475,14,290063.55,1
T2025110003828,2025-11-22,2025,11,Gampaha,Western,Lifestyle,Water Bottle,C03763,2,21673.54,1
T2025110003829,2025-11-30,2025,11,Colombo,Western,Office,Document Scanner,C01195,10,397666.08,1
T2025110003830,2025-11-10,2025,11,Kalutara,Western,Electronics,Sound Bar,C03072,8,339859.0,1
T2025110003831,2025-11-06,2025,11,Hambantota,Southern,Electronics,Smart Display,C04133,10,489610.14,1
T2025110003832,2025-11-24,2025,11,Trincomalee,Eastern,Outdoor,Cooler Box,C01595,8,140159.88,1
T2025110003833,2025-11-28,2025,11,Puttalam,North Western,Office,Laser Printer,C01021,5,157421.52,1
T2025110003834,2025-11-29,2025,11,Gampaha,Western,Accessories,USB Cable,C01456,8,44065.31,1
T2025110003835,2025-11-15,2025,11,Kandy,Central,Lifestyle,Water Bottle,C02490,11,121563.76,1
T2025110003836,2025-11-29,2025,11,Mannar,Northern,Lifestyle,Desk Organizer,C02365,7,76794.76,1
T2025110003837,2025-11-06,2025,11,Kalutara,Western,Electronics,Smart Display,C01649,6,301420.11,1
T2025110003838,2025-11-17,2025,11,Monaragala,Uva,Home,Storage Set,C03996,8,168850.61,1
T2025110003839,2025-11-21,2025,11,Hambantota,Southern,Electronics,Power Hub,C01160,6,290801.17,1
T2025110003840,2025-11-06,2025,11,Matara,Southern,Office,Monitor Stand,C03807,6,181927.26,1
T2025110003841,2025-11-01,2025,11,Hambantota,Southern,Home,Storage Set,C03138,6,139230.92,1
T2025110003842,2025-11-25,2025,11,Kandy,Central,Home,Storage Set,C04754,12,314010.36,1
T2025110003843,2025-11-18,2025,11,Gampaha,Western,Office,Document Scanner,C02255,5,176877.9,1
T2025110003844,2025-11-22,2025,11,Puttalam,North Western,Electronics,Sound Bar,C04286,10,462823.94,1
T2025110003845,2025-11-07,2025,11,Kandy,Central,Lifestyle,Fitness Band,C03799,12,125361.24,1
T2025110003846,2025-11-18,2025,11,Ratnapura,Sabaragamuwa,Electronics,Power Hub,C04259,7,347243.74,1
T2025110003847,2025-11-10,2025,11,Trincomalee,Eastern,Accessories,Mouse Pad,C04097,17,92463.74,1
T2025110003848,2025-11-19,2025,11,Anuradhapura,North Central,Office,Office Chair,C04820,7,261777.23,1
T2025110003849,2025-11-08,2025,11,Puttalam,North Western,Accessories,Phone Stand,C03958,16,86366.12,1
T2025110003850,2025-11-19,2025,11,Colombo,Western,Home,Air Purifier,C01695,8,209574.07,1
T2025110003851,2025-11-30,2025,11,Trincomalee,Eastern,Lifestyle,Desk Organizer,C01023,9,102976.23,1
T2025110003852,2025-11-12,2025,11,Puttalam,North Western,Office,Document Scanner,C01842,4,139848.75,1
T2025110003853,2025-11-10,2025,11,Kurunegala,North Western,Electronics,Wireless Router,C01477,4,168717.16,1
T2025110003854,2025-11-23,2025,11,Vavuniya,Northern,Office,Document Scanner,C04712,4,145427.69,1
T2025110003855,2025-11-02,2025,11,Colombo,Western,Electronics,Smart Display,C01751,13,671765.45,1
T2025110003856,2025-11-18,2025,11,Colombo,Western,Lifestyle,Fitness Band,C05067,10,113340.96,1
T2025110003857,2025-11-19,2025,11,Colombo,Western,Electronics,Wireless Router,C03368,7,342701.02,1
T2025110003858,2025-11-01,2025,11,Kurunegala,North Western,Office,Laser Printer,C01671,16,495683.73,1
T2025110003859,2025-11-21,2025,11,Galle,Southern,Office,Document Scanner,C03204,7,248471.22,1
T2025110003860,2025-11-20,2025,11,Ampara,Eastern,Outdoor,Portable Fan,C03633,12,233506.38,1
T2025110003861,2025-11-13,2025,11,Kandy,Central,Outdoor,Foldable Chair,C02240,9,164532.8,1
T2025110003862,2025-11-13,2025,11,Trincomalee,Eastern,Electronics,Wireless Router,C01684,5,220898.06,1
T2025110003863,2025-11-29,2025,11,Matara,Southern,Electronics,Wireless Router,C01762,13,536494.1,1
T2025110003864,2025-11-26,2025,11,Ratnapura,Sabaragamuwa,Accessories,Phone Stand,C04639,6,31229.53,1
T2025110003865,2025-11-18,2025,11,Puttalam,North Western,Office,Document Scanner,C04108,3,103926.67,1
T2025110003866,2025-11-16,2025,11,Puttalam,North Western,Electronics,Wireless Router,C03814,10,472555.34,1
T2025110003867,2025-11-20,2025,11,Matale,Central,Office,Monitor Stand,C03444,10,352427.19,1
T2025110003868,2025-11-07,2025,11,Kandy,Central,Lifestyle,Fitness Band,C01478,14,171620.44,1
T2025110003869,2025-11-15,2025,11,Galle,Southern,Home,Air Purifier,C03913,5,110948.91,1
T2025110003870,2025-11-09,2025,11,Batticaloa,Eastern,Lifestyle,Travel Kit,C02497,6,69476.69,1
T2025110003871,2025-11-29,2025,11,Kegalle,Sabaragamuwa,Office,Laser Printer,C01797,3,109750.25,1
T2025110003872,2025-11-14,2025,11,Monaragala,Uva,Lifestyle,Fitness Band,C03051,9,112586.94,1
T2025110003873,2025-11-27,2025,11,Mannar,Northern,Accessories,Power Adapter,C02822,4,18632.04,1
T2025110003874,2025-11-27,2025,11,Galle,Southern,Lifestyle,Travel Kit,C01429,9,115749.45,1
T2025110003875,2025-11-29,2025,11,Ampara,Eastern,Office,Laser Printer,C01327,4,138004.43,1
T2025110003876,2025-11-01,2025,11,Kandy,Central,Home,Storage Set,C02100,5,104696.75,1
T2025110003877,2025-11-23,2025,11,Anuradhapura,North Central,Outdoor,Portable Fan,C01836,8,155076.93,1
T2025110003878,2025-11-10,2025,11,Hambantota,Southern,Office,Monitor Stand,C04661,6,185185.77,1
T2025110003879,2025-11-24,2025,11,Kandy,Central,Lifestyle,Fitness Band,C04947,8,89977.63,1
T2025110003880,2025-11-14,2025,11,Kegalle,Sabaragamuwa,Outdoor,Camping Light,C03149,3,49128.13,1
T2025110003881,2025-11-20,2025,11,Kilinochchi,Northern,Outdoor,Foldable Chair,C02181,11,176330.16,1
T2025110003882,2025-11-16,2025,11,Polonnaruwa,North Central,Outdoor,Portable Fan,C04777,5,79396.97,1
T2025110003883,2025-11-08,2025,11,Kandy,Central,Lifestyle,Water Bottle,C01568,5,52748.17,1
T2025110003884,2025-11-29,2025,11,Ratnapura,Sabaragamuwa,Electronics,Sound Bar,C04408,13,580705.26,1
T2025110003885,2025-11-23,2025,11,Matara,Southern,Office,Monitor Stand,C01525,8,260407.47,1
T2025110003886,2025-11-27,2025,11,Jaffna,Northern,Electronics,Sound Bar,C03284,15,646642.97,1
T2025110003887,2025-11-04,2025,11,Hambantota,Southern,Home,Coffee Maker,C04336,13,270005.34,1
T2025110003888,2025-11-23,2025,11,Galle,Southern,Outdoor,Cooler Box,C02084,13,254629.37,1
T2025110003889,2025-11-11,2025,11,Kegalle,Sabaragamuwa,Outdoor,Camping Light,C04432,8,141285.87,1
T2025110003890,2025-11-23,2025,11,Kegalle,Sabaragamuwa,Electronics,Smart Display,C02076,3,148028.53,1
T2025110003891,2025-11-26,2025,11,Kandy,Central,Electronics,Power Hub,C02444,12,548805.6,1
T2025110003892,2025-11-10,2025,11,Colombo,Western,Home,LED Lamp,C03329,7,175016.35,1
T2025110003893,2025-11-21,2025,11,Kalutara,Western,Electronics,Smart Display,C02066,3,149634.41,1
T2025110003894,2025-11-29,2025,11,Hambantota,Southern,Outdoor,Portable Fan,C01390,6,95828.91,1
T2025110003895,2025-11-13,2025,11,Nuwara Eliya,Central,Outdoor,Foldable Chair,C04288,4,69333.31,1
T2025110003896,2025-11-11,2025,11,Colombo,Western,Accessories,Phone Stand,C02442,4,22270.37,1
T2025110003897,2025-11-27,2025,11,Kurunegala,North Western,Home,Air Purifier,C03590,14,306568.44,1
T2025110003898,2025-11-18,2025,11,Ratnapura,Sabaragamuwa,Office,Monitor Stand,C02439,7,209233.55,1
T2025110003899,2025-11-05,2025,11,Kegalle,Sabaragamuwa,Lifestyle,Fitness Band,C03690,2,22281.33,1
T2025110003900,2025-11-26,2025,11,Anuradhapura,North Central,Electronics,Power Hub,C01747,10,493103.84,1
T2025110003901,2025-11-13,2025,11,Kurunegala,North Western,Accessories,Phone Stand,C04544,7,40642.49,1
T2025110003902,2025-11-05,2025,11,Puttalam,North Western,Accessories,Mouse Pad,C04189,6,31498.78,1
T2025110003903,2025-11-01,2025,11,Kalutara,Western,Electronics,Power Hub,C04103,10,396095.62,1
T2025110003904,2025-11-15,2025,11,Kegalle,Sabaragamuwa,Lifestyle,Travel Kit,C03201,15,206395.67,1
T2025110003905,2025-11-09,2025,11,Galle,Southern,Office,Office Chair,C02818,9,296366.06,1
T2025110003906,2025-11-07,2025,11,Hambantota,Southern,Home,Storage Set,C02422,14,288828.7,1
T2025110003907,2025-11-09,2025,11,Jaffna,Northern,Office,Laser Printer,C01459,5,164376.91,1
T2025110003908,2025-11-25,2025,11,Kurunegala,North Western,Lifestyle,Fitness Band,C02031,7,90443.46,1
T2025110003909,2025-11-10,2025,11,Kalutara,Western,Home,Storage Set,C01186,9,225997.08,1
T2025110003910,2025-11-11,2025,11,Puttalam,North Western,Accessories,Power Adapter,C03804,5,24191.74,1
T2025120003911,2025-12-29,2025,12,Kurunegala,North Western,Office,Office Chair,C04686,13,452381.79,1
T2025120003912,2025-12-12,2025,12,Matale,Central,Electronics,Power Hub,C01567,11,488828.09,1
T2025120003913,2025-12-27,2025,12,Galle,Southern,Office,Office Chair,C04203,11,396867.83,1
T2025120003914,2025-12-24,2025,12,Batticaloa,Eastern,Home,Coffee Maker,C03168,9,208350.81,1
T2025120003915,2025-12-10,2025,12,Kalutara,Western,Office,Laser Printer,C02336,7,217804.2,1
T2025120003916,2025-12-22,2025,12,Hambantota,Southern,Office,Laser Printer,C01087,12,448185.29,1
T2025120003917,2025-12-31,2025,12,Trincomalee,Eastern,Home,Coffee Maker,C03286,4,85368.19,1
T2025120003918,2025-12-02,2025,12,Galle,Southern,Office,Monitor Stand,C02691,3,115546.68,1
T2025120003919,2025-12-08,2025,12,Kandy,Central,Accessories,USB Cable,C01962,10,53689.06,1
T2025120003920,2025-12-12,2025,12,Badulla,Uva,Home,LED Lamp,C03030,6,141229.77,1
T2025120003921,2025-12-18,2025,12,Badulla,Uva,Lifestyle,Fitness Band,C01313,9,119885.67,1
T2025120003922,2025-12-11,2025,12,Anuradhapura,North Central,Electronics,Wireless Router,C02620,6,237978.08,1
T2025120003923,2025-12-11,2025,12,Hambantota,Southern,Lifestyle,Desk Organizer,C01581,13,150043.05,1
T2025120003924,2025-12-31,2025,12,Ampara,Eastern,Home,Coffee Maker,C03896,7,154412.07,1
T2025120003925,2025-12-11,2025,12,Vavuniya,Northern,Accessories,USB Cable,C03807,13,62488.71,1
T2025120003926,2025-12-04,2025,12,Gampaha,Western,Office,Laser Printer,C04630,5,170259.47,1
T2025120003927,2025-12-23,2025,12,Badulla,Uva,Lifestyle,Water Bottle,C02315,5,63858.7,1
T2025120003928,2025-12-25,2025,12,Gampaha,Western,Accessories,Mouse Pad,C02344,10,52354.46,1
T2025120003929,2025-12-10,2025,12,Gampaha,Western,Electronics,Sound Bar,C01759,11,498241.24,1
T2025120003930,2025-12-02,2025,12,Kurunegala,North Western,Home,Air Purifier,C02676,11,271092.4,1
T2025120003931,2025-12-07,2025,12,Batticaloa,Eastern,Outdoor,Foldable Chair,C04795,2,35042.97,1
T2025120003932,2025-12-22,2025,12,Gampaha,Western,Accessories,Phone Stand,C03969,12,61561.88,1
T2025120003933,2025-12-01,2025,12,Puttalam,North Western,Office,Monitor Stand,C03341,10,319639.83,1
T2025120003934,2025-12-19,2025,12,Kegalle,Sabaragamuwa,Lifestyle,Water Bottle,C01181,5,58159.33,1
T2025120003935,2025-12-12,2025,12,Anuradhapura,North Central,Accessories,Power Adapter,C02350,7,33164.5,1
T2025120003936,2025-12-03,2025,12,Colombo,Western,Electronics,Power Hub,C03072,4,205045.46,1
T2025120003937,2025-12-03,2025,12,Monaragala,Uva,Home,Storage Set,C01067,8,192886.53,1
T2025120003938,2025-12-26,2025,12,Kalutara,Western,Home,LED Lamp,C03147,7,160582.2,1
T2025120003939,2025-12-29,2025,12,Kalutara,Western,Office,Document Scanner,C02441,7,248340.45,1
T2025120003940,2025-12-25,2025,12,Kalutara,Western,Home,LED Lamp,C01951,3,62285.8,1
T2025120003941,2025-12-08,2025,12,Batticaloa,Eastern,Outdoor,Cooler Box,C01685,2,33570.78,1
T2025120003942,2025-12-19,2025,12,Mannar,Northern,Electronics,Smart Display,C01576,6,282057.93,1
T2025120003943,2025-12-17,2025,12,Gampaha,Western,Electronics,Smart Display,C01296,4,206910.74,1
T2025120003944,2025-12-15,2025,12,Matale,Central,Accessories,Phone Stand,C01771,14,67194.75,1
T2025120003945,2025-12-10,2025,12,Badulla,Uva,Office,Document Scanner,C01442,15,551051.92,1
T2025120003946,2025-12-20,2025,12,Monaragala,Uva,Electronics,Sound Bar,C01756,3,133023.26,1
T2025120003947,2025-12-08,2025,12,Matale,Central,Home,Air Purifier,C01918,10,265795.89,1
T2025120003948,2025-12-19,2025,12,Puttalam,North Western,Accessories,Power Adapter,C03159,6,27428.0,1
T2025120003949,2025-12-12,2025,12,Colombo,Western,Accessories,Mouse Pad,C04202,2,10989.38,1
T2025120003950,2025-12-05,2025,12,Nuwara Eliya,Central,Office,Monitor Stand,C04763,4,147426.24,1
T2025120003951,2025-12-31,2025,12,Gampaha,Western,Electronics,Sound Bar,C05076,9,453561.88,1
T2025120003952,2025-12-25,2025,12,Ampara,Eastern,Outdoor,Camping Light,C03585,13,248838.74,1
T2025120003953,2025-12-02,2025,12,Ratnapura,Sabaragamuwa,Outdoor,Portable Fan,C02686,6,117564.74,1
T2025120003954,2025-12-30,2025,12,Colombo,Western,Office,Monitor Stand,C04299,8,295107.05,1
T2025120003955,2025-12-07,2025,12,Galle,Southern,Office,Office Chair,C03031,9,271439.04,1
T2025120003956,2025-12-19,2025,12,Gampaha,Western,Office,Laser Printer,C01217,7,267708.7,1
T2025120003957,2025-12-06,2025,12,Ampara,Eastern,Lifestyle,Travel Kit,C03046,4,46957.8,1
T2025120003958,2025-12-10,2025,12,Anuradhapura,North Central,Home,Storage Set,C03402,12,263193.21,1
T2025120003959,2025-12-15,2025,12,Mannar,Northern,Office,Office Chair,C02994,5,169717.07,1
T2025120003960,2025-12-22,2025,12,Jaffna,Northern,Electronics,Wireless Router,C02159,6,297610.59,1
T2025120003961,2025-12-20,2025,12,Galle,Southern,Accessories,USB Cable,C02734,10,55328.86,1
T2025120003962,2025-12-25,2025,12,Puttalam,North Western,Accessories,Power Adapter,C02353,10,48575.02,1
T2025120003963,2025-12-13,2025,12,Mannar,Northern,Electronics,Power Hub,C02602,12,588896.48,1
T2025120003964,2025-12-09,2025,12,Gampaha,Western,Home,Air Purifier,C01267,9,216273.64,1
T2025120003965,2025-12-17,2025,12,Galle,Southern,Home,Storage Set,C03241,6,136888.58,1
T2025120003966,2025-12-02,2025,12,Gampaha,Western,Electronics,Smart Display,C02068,6,270744.33,1
T2025120003967,2025-12-13,2025,12,Nuwara Eliya,Central,Electronics,Power Hub,C04939,2,81285.42,1
T2025120003968,2025-12-09,2025,12,Matale,Central,Lifestyle,Fitness Band,C03207,11,131087.98,1
T2025120003969,2025-12-29,2025,12,Kilinochchi,Northern,Office,Office Chair,C04107,3,98214.96,1
T2025120003970,2025-12-29,2025,12,Gampaha,Western,Home,Air Purifier,C02625,6,129646.79,1
T2025120003971,2025-12-11,2025,12,Kalutara,Western,Outdoor,Camping Light,C03727,5,88586.85,1
T2025120003972,2025-12-17,2025,12,Kegalle,Sabaragamuwa,Accessories,Phone Stand,C04263,15,75996.47,1
T2025120003973,2025-12-15,2025,12,Ratnapura,Sabaragamuwa,Accessories,Phone Stand,C05095,3,15273.82,1
T2025120003974,2025-12-09,2025,12,Kalutara,Western,Outdoor,Foldable Chair,C03579,16,302749.23,1
T2025120003975,2025-12-08,2025,12,Trincomalee,Eastern,Outdoor,Camping Light,C01073,16,312341.85,1
T2025120003976,2025-12-16,2025,12,Mullaitivu,Northern,Home,LED Lamp,C02247,10,238963.68,1
T2025120003977,2025-12-23,2025,12,Galle,Southern,Lifestyle,Water Bottle,C02030,3,38443.32,1
T2025120003978,2025-12-18,2025,12,Kurunegala,North Western,Outdoor,Portable Fan,C02899,6,115584.78,1
T2025120003979,2025-12-26,2025,12,Ratnapura,Sabaragamuwa,Home,Storage Set,C01176,8,164740.63,1
T2025120003980,2025-12-18,2025,12,Vavuniya,Northern,Home,Coffee Maker,C01272,3,64092.02,1
T2025120003981,2025-12-09,2025,12,Polonnaruwa,North Central,Outdoor,Camping Light,C02971,11,188647.56,1
T2025120003982,2025-12-02,2025,12,Kandy,Central,Outdoor,Portable Fan,C04797,2,33854.04,1
T2025120003983,2025-12-10,2025,12,Ratnapura,Sabaragamuwa,Home,Coffee Maker,C02017,11,257239.03,1
T2025120003984,2025-12-19,2025,12,Kandy,Central,Office,Document Scanner,C04505,5,161754.94,1
T2025120003985,2025-12-28,2025,12,Kegalle,Sabaragamuwa,Outdoor,Portable Fan,C03898,6,106039.3,1
T2025120003986,2025-12-31,2025,12,Jaffna,Northern,Accessories,USB Cable,C04399,14,81452.68,1
T2025120003987,2025-12-15,2025,12,Ampara,Eastern,Lifestyle,Water Bottle,C03508,8,103106.56,1
T2025120003988,2025-12-23,2025,12,Vavuniya,Northern,Electronics,Smart Display,C04353,4,182205.42,1
T2025120003989,2025-12-22,2025,12,Matara,Southern,Accessories,Mouse Pad,C01747,14,80851.56,1
T2025120003990,2025-12-22,2025,12,Colombo,Western,Electronics,Smart Display,C02028,10,470403.96,1
T2025120003991,2025-12-28,2025,12,Matara,Southern,Accessories,Phone Stand,C01336,5,27354.61,1
T2025120003992,2025-12-21,2025,12,Matale,Central,Home,Coffee Maker,C02424,9,214598.05,1
T2025120003993,2025-12-21,2025,12,Matale,Central,Home,LED Lamp,C02655,4,80672.44,1
T2025120003994,2025-12-19,2025,12,Anuradhapura,North Central,Office,Document Scanner,C05030,16,505644.95,1
T2025120003995,2025-12-09,2025,12,Colombo,Western,Electronics,Wireless Router,C04100,9,450777.97,1
T2025120003996,2025-12-27,2025,12,Gampaha,Western,Electronics,Sound Bar,C01531,7,353200.54,1
T2025120003997,2025-12-30,2025,12,Ratnapura,Sabaragamuwa,Office,Monitor Stand,C01598,10,288046.68,1
T2025120003998,2025-12-10,2025,12,Gampaha,Western,Accessories,USB Cable,C01624,14,69599.35,1
T2025120003999,2025-12-02,2025,12,Kurunegala,North Western,Electronics,Smart Display,C02976,10,474826.46,1
T2025120004000,2025-12-31,2025,12,Kalutara,Western,Outdoor,Portable Fan,C02744,10,176630.9,1
T2025120004001,2025-12-08,2025,12,Monaragala,Uva,Outdoor,Foldable Chair,C02514,7,126412.44,1
T2025120004002,2025-12-01,2025,12,Kegalle,Sabaragamuwa,Lifestyle,Desk Organizer,C04756,2,25358.92,1
T2025120004003,2025-12-30,2025,12,Batticaloa,Eastern,Home,LED Lamp,C03739,3,59333.48,1
T2025120004004,2025-12-13,2025,12,Anuradhapura,North Central,Lifestyle,Travel Kit,C02360,7,96604.24,1
T2025120004005,2025-12-05,2025,12,Batticaloa,Eastern,Office,Document Scanner,C01160,7,233598.4,1
T2025120004006,2025-12-03,2025,12,Mannar,Northern,Electronics,Wireless Router,C04764,6,251835.03,1
T2025120004007,2025-12-07,2025,12,Gampaha,Western,Electronics,Smart Display,C01114,9,482465.09,1
T2025120004008,2025-12-02,2025,12,Anuradhapura,North Central,Outdoor,Camping Light,C04662,11,198927.59,1
T2025120004009,2025-12-25,2025,12,Jaffna,Northern,Lifestyle,Desk Organizer,C04561,11,137264.17,1
T2025120004010,2025-12-09,2025,12,Colombo,Western,Outdoor,Camping Light,C02922,7,126748.64,1
T2025120004011,2025-12-30,2025,12,Hambantota,Southern,Home,Storage Set,C04354,9,211446.46,1
T2025120004012,2025-12-26,2025,12,Colombo,Western,Lifestyle,Water Bottle,C03204,5,60640.93,1
T2025120004013,2025-12-25,2025,12,Matara,Southern,Home,Coffee Maker,C01736,8,175011.67,1
T2025120004014,2025-12-19,2025,12,Matara,Southern,Lifestyle,Desk Organizer,C04905,6,80963.8,1
T2025120004015,2025-12-02,2025,12,Kalutara,Western,Home,LED Lamp,C02222,4,99064.3,1
T2025120004016,2025-12-05,2025,12,Batticaloa,Eastern,Accessories,USB Cable,C02776,12,60921.81,1
T2025120004017,2025-12-08,2025,12,Nuwara Eliya,Central,Accessories,Power Adapter,C04632,5,27470.93,1
T2025120004018,2025-12-24,2025,12,Kegalle,Sabaragamuwa,Lifestyle,Water Bottle,C01322,6,68772.01,1
T2025120004019,2025-12-15,2025,12,Jaffna,Northern,Electronics,Sound Bar,C03227,6,278371.15,1
T2025120004020,2025-12-25,2025,12,Gampaha,Western,Office,Office Chair,C04951,8,295275.19,1
T2025120004021,2025-12-24,2025,12,Colombo,Western,Outdoor,Cooler Box,C04273,13,233199.8,1
T2025120004022,2025-12-09,2025,12,Kalutara,Western,Lifestyle,Travel Kit,C02779,3,36678.86,1
T2025120004023,2025-12-05,2025,12,Trincomalee,Eastern,Electronics,Sound Bar,C04813,13,636899.09,1
T2025120004024,2025-12-04,2025,12,Jaffna,Northern,Electronics,Wireless Router,C02704,2,94541.52,1
T2025120004025,2025-12-18,2025,12,Anuradhapura,North Central,Office,Laser Printer,C01057,9,297075.82,1
T2025120004026,2025-12-01,2025,12,Kandy,Central,Accessories,Phone Stand,C04652,5,24513.13,1
T2025120004027,2025-12-12,2025,12,Trincomalee,Eastern,Office,Office Chair,C03302,6,222923.05,1
T2025120004028,2025-12-15,2025,12,Gampaha,Western,Office,Laser Printer,C03207,4,121545.71,1
T2025120004029,2025-12-16,2025,12,Anuradhapura,North Central,Office,Monitor Stand,C01932,14,474339.7,1
T2025120004030,2025-12-12,2025,12,Kilinochchi,Northern,Accessories,Mouse Pad,C03424,12,60481.23,1
T2025120004031,2025-12-16,2025,12,Kurunegala,North Western,Office,Laser Printer,C04012,9,312403.93,1
T2025120004032,2025-12-01,2025,12,Hambantota,Southern,Office,Document Scanner,C03371,5,174563.86,1
T2025120004033,2025-12-20,2025,12,Kalutara,Western,Accessories,Mouse Pad,C03971,4,22059.49,1
T2025120004034,2025-12-20,2025,12,Jaffna,Northern,Lifestyle,Fitness Band,C02811,7,90660.76,1
T2025120004035,2025-12-03,2025,12,Monaragala,Uva,Office,Office Chair,C02731,9,277554.37,1
T2025120004036,2025-12-26,2025,12,Gampaha,Western,Lifestyle,Desk Organizer,C03830,6,70278.91,1
T2025120004037,2025-12-29,2025,12,Gampaha,Western,Electronics,Power Hub,C04559,13,612218.34,1
T2025120004038,2025-12-08,2025,12,Ampara,Eastern,Outdoor,Portable Fan,C04750,16,275289.68,1
T2025120004039,2025-12-05,2025,12,Gampaha,Western,Home,Storage Set,C03021,8,173573.76,1
T2025120004040,2025-12-06,2025,12,Colombo,Western,Office,Office Chair,C03744,5,185161.18,1
T2025120004041,2025-12-08,2025,12,Kalutara,Western,Electronics,Wireless Router,C04281,13,586305.64,1
T2025120004042,2025-12-20,2025,12,Vavuniya,Northern,Accessories,Phone Stand,C03107,5,27381.48,1
T2025120004043,2025-12-14,2025,12,Kalutara,Western,Lifestyle,Water Bottle,C03343,6,77259.15,1
T2025120004044,2025-12-02,2025,12,Kalutara,Western,Lifestyle,Desk Organizer,C02780,2,26329.46,1
T2025120004045,2025-12-13,2025,12,Colombo,Western,Electronics,Power Hub,C02672,9,397759.44,1
T2025120004046,2025-12-24,2025,12,Nuwara Eliya,Central,Home,Storage Set,C02679,9,194118.12,1
T2025120004047,2025-12-20,2025,12,Kandy,Central,Lifestyle,Water Bottle,C02752,15,175467.86,1
T2025120004048,2025-12-20,2025,12,Colombo,Western,Electronics,Smart Display,C01274,1,48859.56,1
T2025120004049,2025-12-07,2025,12,Galle,Southern,Accessories,USB Cable,C04624,15,80524.66,1
T2025120004050,2025-12-22,2025,12,Matale,Central,Accessories,Mouse Pad,C02620,7,35287.56,1
T2025120004051,2025-12-26,2025,12,Batticaloa,Eastern,Home,Storage Set,C04529,2,50503.9,1
T2025120004052,2025-12-30,2025,12,Mullaitivu,Northern,Lifestyle,Desk Organizer,C03398,14,177626.75,1
T2025120004053,2025-12-12,2025,12,Ampara,Eastern,Lifestyle,Fitness Band,C03340,10,129714.92,1
T2025120004054,2025-12-30,2025,12,Matara,Southern,Accessories,Power Adapter,C03089,7,34497.28,1
T2025120004055,2025-12-05,2025,12,Kilinochchi,Northern,Outdoor,Camping Light,C03668,7,125077.19,1
T2025120004056,2025-12-15,2025,12,Galle,Southern,Home,Air Purifier,C02568,7,180824.58,1
T2025120004057,2025-12-09,2025,12,Matara,Southern,Office,Office Chair,C04646,5,166567.88,1
T2025120004058,2025-12-17,2025,12,Batticaloa,Eastern,Home,Coffee Maker,C02756,2,42416.2,1
T2025120004059,2025-12-13,2025,12,Colombo,Western,Home,Storage Set,C03298,11,288165.52,1
T2025120004060,2025-12-09,2025,12,Kandy,Central,Electronics,Sound Bar,C03936,7,326366.41,1
T2025120004061,2025-12-13,2025,12,Kegalle,Sabaragamuwa,Electronics,Smart Display,C03914,2,88460.7,1
T2025120004062,2025-12-11,2025,12,Colombo,Western,Lifestyle,Fitness Band,C02717,12,147417.74,1
T2025120004063,2025-12-07,2025,12,Galle,Southern,Electronics,Wireless Router,C01481,7,299920.12,1
T2025120004064,2025-12-14,2025,12,Hambantota,Southern,Office,Laser Printer,C01672,3,95014.67,1
T2025120004065,2025-12-12,2025,12,Colombo,Western,Outdoor,Portable Fan,C03565,8,134738.78,1
T2025120004066,2025-12-26,2025,12,Kurunegala,North Western,Office,Laser Printer,C01348,11,326187.04,1
T2025120004067,2025-12-28,2025,12,Mullaitivu,Northern,Electronics,Wireless Router,C02074,7,324463.23,1
T2025120004068,2025-12-24,2025,12,Colombo,Western,Outdoor,Foldable Chair,C03586,1,19750.24,1
T2025120004069,2025-12-26,2025,12,Vavuniya,Northern,Outdoor,Portable Fan,C02582,7,116042.12,1
T2025120004070,2025-12-04,2025,12,Colombo,Western,Outdoor,Foldable Chair,C04815,15,247651.45,1
T2025120004071,2025-12-20,2025,12,Mannar,Northern,Home,Air Purifier,C03419,8,199688.61,1
T2025120004072,2025-12-29,2025,12,Monaragala,Uva,Office,Monitor Stand,C01297,6,193308.49,1
T2025120004073,2025-12-18,2025,12,Trincomalee,Eastern,Office,Office Chair,C04374,6,200249.3,1
T2025120004074,2025-12-20,2025,12,Colombo,Western,Electronics,Smart Display,C03550,14,713046.25,1
T2025120004075,2025-12-16,2025,12,Kurunegala,North Western,Outdoor,Foldable Chair,C01142,13,226425.54,1
T2025120004076,2025-12-27,2025,12,Matara,Southern,Electronics,Sound Bar,C02701,4,191192.24,1
T2025120004077,2025-12-19,2025,12,Vavuniya,Northern,Electronics,Sound Bar,C01345,12,585063.9,1
T2025120004078,2025-12-28,2025,12,Colombo,Western,Electronics,Sound Bar,C04916,9,449441.08,1
T2025120004079,2025-12-05,2025,12,Jaffna,Northern,Lifestyle,Water Bottle,C04157,10,118468.41,1
T2025120004080,2025-12-26,2025,12,Galle,Southern,Electronics,Sound Bar,C04396,15,643030.94,1
T2026010004081,2026-01-31,2026,1,Ampara,Eastern,Accessories,Mouse Pad,C04036,3,14176.94,1
T2026010004082,2026-01-27,2026,1,Kalutara,Western,Electronics,Power Hub,C01394,9,388395.15,1
T2026010004083,2026-01-07,2026,1,Ampara,Eastern,Electronics,Sound Bar,C02816,3,113516.27,1
T2026010004084,2026-01-02,2026,1,Badulla,Uva,Lifestyle,Desk Organizer,C02112,6,63647.72,1
T2026010004085,2026-01-18,2026,1,Puttalam,North Western,Outdoor,Foldable Chair,C04527,9,137898.93,1
T2026010004086,2026-01-21,2026,1,Kegalle,Sabaragamuwa,Outdoor,Camping Light,C04170,3,48545.92,1
T2026010004087,2026-01-06,2026,1,Colombo,Western,Home,Air Purifier,C03817,3,65441.19,1
T2026010004088,2026-01-13,2026,1,Polonnaruwa,North Central,Outdoor,Camping Light,C02004,11,178484.48,1
T2026010004089,2026-01-29,2026,1,Puttalam,North Western,Home,Storage Set,C01349,7,126673.95,1
T2026010004090,2026-01-09,2026,1,Jaffna,Northern,Electronics,Smart Display,C02935,6,253798.88,1
T2026010004091,2026-01-19,2026,1,Vavuniya,Northern,Home,Storage Set,C01095,9,203630.22,1
T2026010004092,2026-01-27,2026,1,Anuradhapura,North Central,Accessories,USB Cable,C04392,3,15706.23,1
T2026010004093,2026-01-19,2026,1,Nuwara Eliya,Central,Lifestyle,Travel Kit,C03854,9,100984.12,1
T2026010004094,2026-01-22,2026,1,Batticaloa,Eastern,Home,Coffee Maker,C02173,8,142709.66,1
T2026010004095,2026-01-06,2026,1,Galle,Southern,Accessories,Mouse Pad,C04532,5,21109.5,1
T2026010004096,2026-01-29,2026,1,Matale,Central,Home,Storage Set,C01702,8,167557.49,1
T2026010004097,2026-01-05,2026,1,Gampaha,Western,Accessories,Power Adapter,C05059,7,36483.14,1
T2026010004098,2026-01-19,2026,1,Hambantota,Southern,Home,Storage Set,C03623,13,246384.78,1
T2026010004099,2026-01-04,2026,1,Gampaha,Western,Outdoor,Portable Fan,C01695,10,153767.35,1
T2026010004100,2026-01-20,2026,1,Galle,Southern,Electronics,Sound Bar,C03527,7,270133.86,1
T2026010004101,2026-01-21,2026,1,Badulla,Uva,Office,Document Scanner,C04958,2,59827.13,1
T2026010004102,2026-01-02,2026,1,Gampaha,Western,Lifestyle,Desk Organizer,C03420,4,48823.92,1
T2026010004103,2026-01-05,2026,1,Ratnapura,Sabaragamuwa,Electronics,Sound Bar,C03641,5,228230.07,1
T2026010004104,2026-01-01,2026,1,Gampaha,Western,Outdoor,Portable Fan,C01278,7,116246.92,1
T2026010004105,2026-01-15,2026,1,Anuradhapura,North Central,Home,Storage Set,C01513,4,84091.65,1
T2026010004106,2026-01-11,2026,1,Nuwara Eliya,Central,Electronics,Wireless Router,C02866,4,155690.02,1
T2026010004107,2026-01-11,2026,1,Jaffna,Northern,Home,Storage Set,C01137,8,182118.42,1
T2026010004108,2026-01-24,2026,1,Matale,Central,Electronics,Sound Bar,C02040,10,361165.49,1
T2026010004109,2026-01-29,2026,1,Colombo,Western,Electronics,Wireless Router,C03115,10,448238.59,1
T2026010004110,2026-01-28,2026,1,Monaragala,Uva,Office,Laser Printer,C03303,2,66594.41,1
T2026010004111,2026-01-29,2026,1,Jaffna,Northern,Home,LED Lamp,C04815,11,223730.2,1
T2026010004112,2026-01-04,2026,1,Gampaha,Western,Outdoor,Camping Light,C02218,14,217203.93,1
T2026010004113,2026-01-17,2026,1,Gampaha,Western,Electronics,Power Hub,C01662,3,118193.46,1
T2026010004114,2026-01-06,2026,1,Anuradhapura,North Central,Lifestyle,Travel Kit,C03546,15,158047.31,1
T2026010004115,2026-01-22,2026,1,Jaffna,Northern,Office,Document Scanner,C02779,5,153171.42,1
T2026010004116,2026-01-14,2026,1,Kegalle,Sabaragamuwa,Outdoor,Foldable Chair,C02045,4,63920.57,1
T2026010004117,2026-01-27,2026,1,Jaffna,Northern,Lifestyle,Travel Kit,C05047,8,85499.06,1
T2026010004118,2026-01-11,2026,1,Kurunegala,North Western,Electronics,Wireless Router,C02660,3,128285.75,1
T2026010004119,2026-01-02,2026,1,Trincomalee,Eastern,Outdoor,Camping Light,C03713,16,244240.68,1
T2026010004120,2026-01-06,2026,1,Kandy,Central,Office,Office Chair,C04865,1,29021.25,1
T2026010004121,2026-01-18,2026,1,Hambantota,Southern,Home,Storage Set,C01363,3,62391.32,1
T2026010004122,2026-01-24,2026,1,Matale,Central,Office,Document Scanner,C01648,9,248807.65,1
T2026010004123,2026-01-18,2026,1,Matale,Central,Electronics,Sound Bar,C04196,6,232054.58,1
T2026010004124,2026-01-04,2026,1,Puttalam,North Western,Office,Document Scanner,C02052,9,252749.97,1
T2026010004125,2026-01-08,2026,1,Kurunegala,North Western,Accessories,Power Adapter,C03158,1,5262.68,1
T2026010004126,2026-01-05,2026,1,Anuradhapura,North Central,Electronics,Wireless Router,C03913,8,351001.43,1
T2026010004127,2026-01-09,2026,1,Ratnapura,Sabaragamuwa,Home,Storage Set,C03555,14,261749.09,1
T2026010004128,2026-01-22,2026,1,Puttalam,North Western,Outdoor,Camping Light,C02004,12,184004.26,1
T2026010004129,2026-01-20,2026,1,Badulla,Uva,Outdoor,Portable Fan,C02349,6,102326.51,1
T2026010004130,2026-01-08,2026,1,Colombo,Western,Outdoor,Cooler Box,C03479,5,83163.78,1
T2026010004131,2026-01-21,2026,1,Galle,Southern,Office,Monitor Stand,C04387,3,89518.76,1
T2026010004132,2026-01-31,2026,1,Colombo,Western,Accessories,Mouse Pad,C01440,10,54326.16,1
T2026010004133,2026-01-20,2026,1,Gampaha,Western,Lifestyle,Travel Kit,C05089,5,57397.0,1
T2026010004134,2026-01-31,2026,1,Jaffna,Northern,Lifestyle,Water Bottle,C01369,13,137176.31,1
T2026010004135,2026-01-18,2026,1,Kalutara,Western,Electronics,Wireless Router,C03164,2,92602.87,1
T2026010004136,2026-01-24,2026,1,Matale,Central,Electronics,Smart Display,C03558,14,614082.54,1
T2026010004137,2026-01-15,2026,1,Kandy,Central,Home,Storage Set,C03537,7,158663.04,1
T2026010004138,2026-01-14,2026,1,Colombo,Western,Electronics,Power Hub,C04154,12,566528.94,1
T2026010004139,2026-01-31,2026,1,Galle,Southern,Electronics,Power Hub,C04094,10,364462.63,1
T2026010004140,2026-01-04,2026,1,Polonnaruwa,North Central,Electronics,Sound Bar,C02041,8,344076.28,1
T2026010004141,2026-01-18,2026,1,Matara,Southern,Accessories,Phone Stand,C04939,11,56079.07,1
T2026010004142,2026-01-07,2026,1,Matara,Southern,Office,Office Chair,C02688,12,408220.46,1
T2026010004143,2026-01-22,2026,1,Ampara,Eastern,Accessories,Mouse Pad,C02361,10,50821.2,1
T2026010004144,2026-01-08,2026,1,Ampara,Eastern,Home,Coffee Maker,C03887,3,58984.24,1
T2026010004145,2026-01-04,2026,1,Kalutara,Western,Home,Coffee Maker,C01751,15,319480.98,1
T2026010004146,2026-01-04,2026,1,Nuwara Eliya,Central,Electronics,Wireless Router,C02486,2,81786.06,1
T2026010004147,2026-01-10,2026,1,Hambantota,Southern,Office,Document Scanner,C01156,8,265022.81,1
T2026010004148,2026-01-23,2026,1,Puttalam,North Western,Home,Air Purifier,C01682,6,128998.0,1
T2026010004149,2026-01-06,2026,1,Ratnapura,Sabaragamuwa,Office,Monitor Stand,C03114,3,84018.95,1
T2026010004150,2026-01-07,2026,1,Kurunegala,North Western,Accessories,Phone Stand,C04360,13,57491.4,1
T2026010004151,2026-01-17,2026,1,Jaffna,Northern,Lifestyle,Desk Organizer,C04504,7,73750.61,1
T2026010004152,2026-01-07,2026,1,Kalutara,Western,Outdoor,Portable Fan,C01590,11,166605.51,1
T2026010004153,2026-01-25,2026,1,Kandy,Central,Office,Monitor Stand,C02803,11,329990.76,1
T2026010004154,2026-01-26,2026,1,Ampara,Eastern,Outdoor,Cooler Box,C04542,7,104936.76,1
T2026010004155,2026-01-04,2026,1,Batticaloa,Eastern,Electronics,Power Hub,C04327,6,230176.77,1
T2026010004156,2026-01-10,2026,1,Colombo,Western,Electronics,Smart Display,C03739,7,282507.42,1
T2026010004157,2026-01-20,2026,1,Kalutara,Western,Electronics,Wireless Router,C05092,4,142786.77,1
T2026010004158,2026-01-26,2026,1,Batticaloa,Eastern,Electronics,Power Hub,C01797,14,615808.76,1
T2026010004159,2026-01-27,2026,1,Anuradhapura,North Central,Office,Laser Printer,C03555,8,252665.39,1
T2026010004160,2026-01-17,2026,1,Vavuniya,Northern,Electronics,Power Hub,C02837,9,327937.6,1
T2026010004161,2026-01-13,2026,1,Batticaloa,Eastern,Lifestyle,Desk Organizer,C02894,6,69975.16,1
T2026010004162,2026-01-15,2026,1,Trincomalee,Eastern,Electronics,Sound Bar,C02587,4,160532.47,1
T2026010004163,2026-01-06,2026,1,Colombo,Western,Lifestyle,Desk Organizer,C04595,13,154108.23,1
T2026010004164,2026-01-30,2026,1,Kegalle,Sabaragamuwa,Electronics,Wireless Router,C03965,9,386872.79,1
T2026010004165,2026-01-04,2026,1,Puttalam,North Western,Lifestyle,Fitness Band,C01972,9,91097.65,1
T2026010004166,2026-01-21,2026,1,Gampaha,Western,Accessories,Mouse Pad,C02685,11,55619.44,1
T2026010004167,2026-01-14,2026,1,Colombo,Western,Accessories,Mouse Pad,C03788,7,33975.75,1
T2026010004168,2026-01-07,2026,1,Matara,Southern,Electronics,Wireless Router,C04886,14,568871.47,1
T2026010004169,2026-01-31,2026,1,Polonnaruwa,North Central,Outdoor,Foldable Chair,C02742,9,132779.86,1
T2026010004170,2026-01-13,2026,1,Kandy,Central,Outdoor,Camping Light,C02379,4,63081.86,1
T2026010004171,2026-01-26,2026,1,Ampara,Eastern,Accessories,Power Adapter,C04226,12,54330.77,1
T2026010004172,2026-01-20,2026,1,Jaffna,Northern,Office,Document Scanner,C04155,5,159099.75,1
T2026010004173,2026-01-27,2026,1,Kegalle,Sabaragamuwa,Outdoor,Foldable Chair,C03897,8,135801.53,1
T2026010004174,2026-01-23,2026,1,Polonnaruwa,North Central,Accessories,Power Adapter,C01296,9,40648.42,1
T2026010004175,2026-01-22,2026,1,Kandy,Central,Lifestyle,Fitness Band,C03236,11,120616.5,1
T2026010004176,2026-01-29,2026,1,Matale,Central,Electronics,Wireless Router,C03727,2,81893.49,1
T2026010004177,2026-01-17,2026,1,Kandy,Central,Outdoor,Camping Light,C04949,1,15343.6,1
T2026010004178,2026-01-06,2026,1,Kalutara,Western,Lifestyle,Desk Organizer,C02545,10,100068.06,1
T2026010004179,2026-01-26,2026,1,Mullaitivu,Northern,Home,Air Purifier,C03267,11,238767.41,1
T2026010004180,2026-01-12,2026,1,Kalutara,Western,Accessories,Power Adapter,C01716,1,5221.37,1
T2026010004181,2026-01-11,2026,1,Kalutara,Western,Accessories,Power Adapter,C01241,3,15419.1,1
T2026010004182,2026-01-07,2026,1,Galle,Southern,Lifestyle,Desk Organizer,C04538,4,41647.46,1
T2026010004183,2026-01-28,2026,1,Hambantota,Southern,Office,Monitor Stand,C04229,6,170355.78,1
T2026010004184,2026-01-27,2026,1,Polonnaruwa,North Central,Accessories,Mouse Pad,C02611,11,53868.82,1
T2026010004185,2026-01-27,2026,1,Gampaha,Western,Office,Laser Printer,C03324,11,329528.14,1
T2026010004186,2026-01-16,2026,1,Colombo,Western,Office,Document Scanner,C01368,11,307321.17,1
T2026010004187,2026-01-16,2026,1,Nuwara Eliya,Central,Home,Coffee Maker,C04781,8,158459.43,1
T2026010004188,2026-01-03,2026,1,Kalutara,Western,Home,Air Purifier,C04499,5,104510.79,1
T2026010004189,2026-01-17,2026,1,Matara,Southern,Office,Monitor Stand,C04876,8,277683.85,1
T2026010004190,2026-01-02,2026,1,Ratnapura,Sabaragamuwa,Accessories,Phone Stand,C04358,4,18565.72,1
T2026010004191,2026-01-02,2026,1,Polonnaruwa,North Central,Lifestyle,Desk Organizer,C04854,7,76140.66,1
T2026010004192,2026-01-08,2026,1,Trincomalee,Eastern,Electronics,Sound Bar,C02494,12,501885.44,1
T2026010004193,2026-01-16,2026,1,Polonnaruwa,North Central,Lifestyle,Travel Kit,C02537,7,71750.22,1
T2026010004194,2026-01-30,2026,1,Jaffna,Northern,Home,Air Purifier,C02697,13,274675.93,1
T2026010004195,2026-01-19,2026,1,Matara,Southern,Home,Air Purifier,C05009,3,58987.56,1
T2026010004196,2026-01-09,2026,1,Polonnaruwa,North Central,Home,Air Purifier,C04501,2,39238.92,1
T2026010004197,2026-01-17,2026,1,Jaffna,Northern,Outdoor,Foldable Chair,C04616,10,163476.33,1
T2026010004198,2026-01-07,2026,1,Anuradhapura,North Central,Electronics,Wireless Router,C04789,6,268728.38,1
T2026010004199,2026-01-20,2026,1,Trincomalee,Eastern,Electronics,Wireless Router,C03149,3,119479.41,1
T2026010004200,2026-01-26,2026,1,Batticaloa,Eastern,Electronics,Power Hub,C03006,9,364376.25,1
T2026010004201,2026-01-24,2026,1,Kandy,Central,Accessories,Mouse Pad,C05035,7,33388.27,1
T2026010004202,2026-01-18,2026,1,Anuradhapura,North Central,Accessories,Power Adapter,C01342,8,38788.1,1
T2026010004203,2026-01-06,2026,1,Kegalle,Sabaragamuwa,Lifestyle,Fitness Band,C02638,15,150089.33,1
T2026010004204,2026-01-14,2026,1,Matara,Southern,Outdoor,Foldable Chair,C02266,8,141247.05,1
T2026010004205,2026-01-20,2026,1,Kurunegala,North Western,Electronics,Smart Display,C02068,14,623679.04,1
T2026010004206,2026-01-12,2026,1,Galle,Southern,Electronics,Sound Bar,C03015,12,486874.82,1
T2026010004207,2026-01-20,2026,1,Kegalle,Sabaragamuwa,Accessories,USB Cable,C04606,9,39377.27,1
T2026010004208,2026-01-22,2026,1,Kandy,Central,Outdoor,Camping Light,C02475,7,127222.53,1
T2026010004209,2026-01-03,2026,1,Gampaha,Western,Outdoor,Foldable Chair,C02762,8,149669.33,1
T2026010004210,2026-01-23,2026,1,Colombo,Western,Electronics,Smart Display,C02148,2,98307.09,1
T2026010004211,2026-01-17,2026,1,Ratnapura,Sabaragamuwa,Electronics,Smart Display,C03466,12,577334.83,1
T2026010004212,2026-01-10,2026,1,Vavuniya,Northern,Accessories,USB Cable,C03840,7,35291.53,1
T2026010004213,2026-01-29,2026,1,Monaragala,Uva,Home,Storage Set,C04663,4,90726.59,1
T2026010004214,2026-01-17,2026,1,Kandy,Central,Office,Monitor Stand,C02940,11,344739.78,1
T2026010004215,2026-01-14,2026,1,Kilinochchi,Northern,Lifestyle,Travel Kit,C02132,14,159221.24,1
T2026010004216,2026-01-28,2026,1,Galle,Southern,Accessories,Power Adapter,C02513,6,28943.27,1
T2026010004217,2026-01-29,2026,1,Puttalam,North Western,Outdoor,Camping Light,C03757,5,74867.23,1
T2026010004218,2026-01-28,2026,1,Ratnapura,Sabaragamuwa,Electronics,Power Hub,C03690,5,213822.06,1
T2026010004219,2026-01-27,2026,1,Galle,Southern,Office,Monitor Stand,C01123,9,254812.81,1
T2026010004220,2026-01-17,2026,1,Kandy,Central,Office,Monitor Stand,C01250,8,258428.4,1
T2026010004221,2026-01-01,2026,1,Galle,Southern,Home,LED Lamp,C03724,6,128782.71,1
T2026010004222,2026-01-12,2026,1,Ratnapura,Sabaragamuwa,Home,Coffee Maker,C02724,12,260565.63,1
T2026010004223,2026-01-15,2026,1,Polonnaruwa,North Central,Lifestyle,Travel Kit,C02250,6,63018.37,1
T2026010004224,2026-01-09,2026,1,Puttalam,North Western,Lifestyle,Desk Organizer,C05040,6,72265.42,1
T2026010004225,2026-01-17,2026,1,Kandy,Central,Office,Office Chair,C02777,6,191466.77,1
T2026010004226,2026-01-01,2026,1,Anuradhapura,North Central,Home,Storage Set,C01316,7,153924.77,1
T2026010004227,2026-01-19,2026,1,Badulla,Uva,Office,Monitor Stand,C03544,9,276128.78,1
T2026010004228,2026-01-14,2026,1,Ratnapura,Sabaragamuwa,Outdoor,Camping Light,C04575,4,67049.65,1
T2026010004229,2026-01-05,2026,1,Puttalam,North Western,Office,Document Scanner,C01962,5,159193.56,1
T2026010004230,2026-01-15,2026,1,Monaragala,Uva,Accessories,Mouse Pad,C04531,5,25858.93,1
T2026010004231,2026-01-16,2026,1,Galle,Southern,Electronics,Sound Bar,C02254,4,165295.86,1
T2026010004232,2026-01-31,2026,1,Kalutara,Western,Electronics,Wireless Router,C04014,3,127900.64,1
T2026010004233,2026-01-11,2026,1,Gampaha,Western,Accessories,USB Cable,C01458,5,22626.44,1
T2026010004234,2026-01-29,2026,1,Kandy,Central,Home,Coffee Maker,C03755,11,255212.75,1
T2026010004235,2026-01-12,2026,1,Ratnapura,Sabaragamuwa,Lifestyle,Travel Kit,C02668,11,131163.93,1
T2026010004236,2026-01-17,2026,1,Trincomalee,Eastern,Outdoor,Portable Fan,C04398,2,32747.76,1
T2026010004237,2026-01-17,2026,1,Galle,Southern,Electronics,Smart Display,C01246,6,276316.84,1
T2026010004238,2026-01-22,2026,1,Kalutara,Western,Lifestyle,Water Bottle,C03701,7,75694.33,1
T2026010004239,2026-01-08,2026,1,Gampaha,Western,Office,Document Scanner,C02897,6,194070.02,1
T2026010004240,2026-01-22,2026,1,Puttalam,North Western,Office,Office Chair,C01562,9,239813.45,1
T2026010004241,2026-01-03,2026,1,Ratnapura,Sabaragamuwa,Outdoor,Foldable Chair,C01201,2,29756.78,1
T2026010004242,2026-01-27,2026,1,Kalutara,Western,Electronics,Smart Display,C04027,4,155130.99,1
T2026010004243,2026-01-23,2026,1,Kandy,Central,Electronics,Sound Bar,C02945,4,170212.75,1
T2026010004244,2026-01-18,2026,1,Jaffna,Northern,Electronics,Smart Display,C02935,8,351320.53,1
T2026010004245,2026-01-17,2026,1,Ratnapura,Sabaragamuwa,Accessories,USB Cable,C02731,5,25677.67,1
T2026010004246,2026-01-14,2026,1,Jaffna,Northern,Outdoor,Portable Fan,C04710,6,102050.55,1
T2026010004247,2026-01-10,2026,1,Badulla,Uva,Outdoor,Camping Light,C02906,7,102941.48,1
T2026010004248,2026-01-16,2026,1,Kalutara,Western,Outdoor,Portable Fan,C03393,5,82947.85,1
T2026010004249,2026-01-21,2026,1,Matale,Central,Outdoor,Foldable Chair,C04794,8,138003.27,1
T2026010004250,2026-01-08,2026,1,Puttalam,North Western,Office,Document Scanner,C04330,6,199151.07,1
T2026020004251,2026-02-27,2026,2,Jaffna,Northern,Office,Document Scanner,C04635,12,338081.13,1
T2026020004252,2026-02-10,2026,2,Kalutara,Western,Home,Storage Set,C01724,14,264407.08,1
T2026020004253,2026-02-03,2026,2,Kalutara,Western,Outdoor,Foldable Chair,C03043,11,167426.62,1
T2026020004254,2026-02-01,2026,2,Galle,Southern,Office,Office Chair,C03287,14,426424.8,1
T2026020004255,2026-02-25,2026,2,Puttalam,North Western,Outdoor,Portable Fan,C03198,14,215899.27,1
T2026020004256,2026-02-22,2026,2,Trincomalee,Eastern,Outdoor,Camping Light,C01998,16,242797.94,1
T2026020004257,2026-02-09,2026,2,Vavuniya,Northern,Outdoor,Cooler Box,C02118,6,97624.58,1
T2026020004258,2026-02-16,2026,2,Monaragala,Uva,Electronics,Sound Bar,C02888,9,407802.16,1
T2026020004259,2026-02-17,2026,2,Kegalle,Sabaragamuwa,Office,Laser Printer,C02670,6,194116.22,1
T2026020004260,2026-02-09,2026,2,Kegalle,Sabaragamuwa,Lifestyle,Travel Kit,C01422,11,115484.62,1
T2026020004261,2026-02-22,2026,2,Trincomalee,Eastern,Accessories,Power Adapter,C04682,6,30631.33,1
T2026020004262,2026-02-02,2026,2,Anuradhapura,North Central,Lifestyle,Desk Organizer,C01018,12,130240.05,1
T2026020004263,2026-02-09,2026,2,Monaragala,Uva,Office,Document Scanner,C04477,9,308268.57,1
T2026020004264,2026-02-15,2026,2,Kalutara,Western,Home,LED Lamp,C02357,2,41234.36,1
T2026020004265,2026-02-06,2026,2,Kegalle,Sabaragamuwa,Home,Coffee Maker,C03075,2,41383.66,1
T2026020004266,2026-02-15,2026,2,Kegalle,Sabaragamuwa,Lifestyle,Desk Organizer,C03049,10,121477.64,1
T2026020004267,2026-02-22,2026,2,Colombo,Western,Home,Air Purifier,C03848,14,287880.94,1
T2026020004268,2026-02-11,2026,2,Galle,Southern,Office,Office Chair,C02834,12,390613.96,1
T2026020004269,2026-02-27,2026,2,Kilinochchi,Northern,Office,Office Chair,C02521,4,124103.1,1
T2026020004270,2026-02-28,2026,2,Monaragala,Uva,Home,LED Lamp,C02526,7,154731.05,1
T2026020004271,2026-02-01,2026,2,Puttalam,North Western,Electronics,Sound Bar,C01785,6,257654.17,1
T2026020004272,2026-02-02,2026,2,Batticaloa,Eastern,Electronics,Power Hub,C01355,6,235728.83,1
T2026020004273,2026-02-12,2026,2,Jaffna,Northern,Home,Coffee Maker,C04330,8,152196.45,1
T2026020004274,2026-02-04,2026,2,Hambantota,Southern,Office,Monitor Stand,C04517,14,471101.5,1
T2026020004275,2026-02-10,2026,2,Matale,Central,Accessories,Phone Stand,C01367,14,58406.78,1
T2026020004276,2026-02-08,2026,2,Hambantota,Southern,Accessories,Power Adapter,C02012,2,8219.52,1
T2026020004277,2026-02-13,2026,2,Kurunegala,North Western,Accessories,Phone Stand,C01891,8,37816.94,1
T2026020004278,2026-02-10,2026,2,Anuradhapura,North Central,Electronics,Power Hub,C01904,17,671967.16,1
T2026020004279,2026-02-10,2026,2,Colombo,Western,Home,LED Lamp,C04633,5,96503.05,1
T2026020004280,2026-02-08,2026,2,Matara,Southern,Home,Air Purifier,C02438,4,79440.77,1
T2026020004281,2026-02-25,2026,2,Kegalle,Sabaragamuwa,Home,Air Purifier,C04429,4,88244.06,1
T2026020004282,2026-02-22,2026,2,Nuwara Eliya,Central,Lifestyle,Travel Kit,C01444,5,56071.12,1
T2026020004283,2026-02-01,2026,2,Kurunegala,North Western,Electronics,Wireless Router,C01924,1,44697.25,1
T2026020004284,2026-02-15,2026,2,Mannar,Northern,Electronics,Smart Display,C03615,14,658845.17,1
T2026020004285,2026-02-28,2026,2,Colombo,Western,Lifestyle,Desk Organizer,C04717,9,97549.69,1
T2026020004286,2026-02-25,2026,2,Kegalle,Sabaragamuwa,Home,LED Lamp,C02882,9,178146.41,1
T2026020004287,2026-02-28,2026,2,Kandy,Central,Home,Coffee Maker,C01671,12,250511.94,1
T2026020004288,2026-02-28,2026,2,Badulla,Uva,Lifestyle,Travel Kit,C02191,3,34655.22,1
T2026020004289,2026-02-24,2026,2,Gampaha,Western,Electronics,Wireless Router,C04378,7,288281.7,1
T2026020004290,2026-02-10,2026,2,Kurunegala,North Western,Lifestyle,Travel Kit,C01283,3,36506.94,1
T2026020004291,2026-02-04,2026,2,Nuwara Eliya,Central,Home,Air Purifier,C03590,2,41866.4,1
T2026020004292,2026-02-14,2026,2,Galle,Southern,Home,LED Lamp,C02838,4,79300.19,1
T2026020004293,2026-02-15,2026,2,Hambantota,Southern,Outdoor,Foldable Chair,C02586,9,124337.69,1
T2026020004294,2026-02-25,2026,2,Anuradhapura,North Central,Accessories,USB Cable,C04323,16,70449.67,1
T2026020004295,2026-02-01,2026,2,Colombo,Western,Office,Laser Printer,C04789,11,365423.8,1
T2026020004296,2026-02-18,2026,2,Colombo,Western,Outdoor,Foldable Chair,C02390,13,234225.05,1
T2026020004297,2026-02-15,2026,2,Polonnaruwa,North Central,Accessories,Mouse Pad,C01759,9,46203.42,1
T2026020004298,2026-02-12,2026,2,Galle,Southern,Electronics,Power Hub,C04641,2,83096.49,1
T2026020004299,2026-02-25,2026,2,Ratnapura,Sabaragamuwa,Home,LED Lamp,C01251,9,209045.5,1
T2026020004300,2026-02-20,2026,2,Kurunegala,North Western,Accessories,USB Cable,C04101,10,45875.97,1
T2026020004301,2026-02-21,2026,2,Hambantota,Southern,Electronics,Power Hub,C03356,7,291573.55,1
T2026020004302,2026-02-28,2026,2,Kurunegala,North Western,Electronics,Wireless Router,C03425,6,229867.65,1
T2026020004303,2026-02-01,2026,2,Vavuniya,Northern,Accessories,Power Adapter,C04827,9,45302.47,1
T2026020004304,2026-02-06,2026,2,Polonnaruwa,North Central,Electronics,Wireless Router,C04211,12,494401.99,1
T2026020004305,2026-02-04,2026,2,Matara,Southern,Office,Office Chair,C04688,8,261866.88,1
T2026020004306,2026-02-04,2026,2,Colombo,Western,Electronics,Power Hub,C01532,8,353332.35,1
T2026020004307,2026-02-27,2026,2,Kurunegala,North Western,Electronics,Sound Bar,C04572,1,40622.23,1
T2026020004308,2026-02-02,2026,2,Kandy,Central,Lifestyle,Fitness Band,C04829,2,21015.41,1
T2026020004309,2026-02-12,2026,2,Jaffna,Northern,Home,LED Lamp,C01198,14,297549.38,1
T2026020004310,2026-02-03,2026,2,Hambantota,Southern,Outdoor,Portable Fan,C01408,5,83094.42,1
T2026020004311,2026-02-19,2026,2,Trincomalee,Eastern,Lifestyle,Fitness Band,C01862,5,54512.39,1
T2026020004312,2026-02-15,2026,2,Monaragala,Uva,Home,Air Purifier,C05022,4,81195.29,1
T2026020004313,2026-02-05,2026,2,Galle,Southern,Office,Laser Printer,C02371,2,69565.64,1
T2026020004314,2026-02-26,2026,2,Kegalle,Sabaragamuwa,Home,LED Lamp,C04765,5,100368.73,1
T2026020004315,2026-02-04,2026,2,Kalutara,Western,Electronics,Power Hub,C03924,6,248754.53,1
T2026020004316,2026-02-18,2026,2,Matara,Southern,Lifestyle,Water Bottle,C01989,3,29964.39,1
T2026020004317,2026-02-15,2026,2,Kandy,Central,Lifestyle,Water Bottle,C05089,8,82182.49,1
T2026020004318,2026-02-07,2026,2,Ratnapura,Sabaragamuwa,Office,Monitor Stand,C03515,7,201743.41,1
T2026020004319,2026-02-12,2026,2,Vavuniya,Northern,Lifestyle,Fitness Band,C02454,4,41285.9,1
T2026020004320,2026-02-14,2026,2,Batticaloa,Eastern,Electronics,Power Hub,C03083,9,335609.27,1
T2026020004321,2026-02-19,2026,2,Anuradhapura,North Central,Electronics,Smart Display,C04443,8,332995.53,1
T2026020004322,2026-02-25,2026,2,Trincomalee,Eastern,Electronics,Smart Display,C03010,8,367121.13,1
T2026020004323,2026-02-12,2026,2,Matale,Central,Home,LED Lamp,C04912,4,80972.79,1
T2026020004324,2026-02-20,2026,2,Kalutara,Western,Office,Laser Printer,C02113,9,292006.65,1
T2026020004325,2026-02-18,2026,2,Kandy,Central,Lifestyle,Fitness Band,C02527,4,43089.09,1
T2026020004326,2026-02-08,2026,2,Kalutara,Western,Outdoor,Camping Light,C04704,8,120919.98,1
T2026020004327,2026-02-17,2026,2,Gampaha,Western,Electronics,Power Hub,C04770,6,287630.13,1
T2026020004328,2026-02-12,2026,2,Puttalam,North Western,Lifestyle,Water Bottle,C04600,11,130264.68,1
T2026020004329,2026-02-25,2026,2,Matale,Central,Accessories,Mouse Pad,C04953,12,52023.17,1
T2026020004330,2026-02-10,2026,2,Kalutara,Western,Accessories,Power Adapter,C02735,9,40625.13,1
T2026020004331,2026-02-16,2026,2,Jaffna,Northern,Office,Laser Printer,C03707,6,204181.64,1
T2026020004332,2026-02-17,2026,2,Monaragala,Uva,Lifestyle,Fitness Band,C03226,2,23180.0,1
T2026020004333,2026-02-14,2026,2,Mullaitivu,Northern,Outdoor,Portable Fan,C03887,4,66804.27,1
T2026020004334,2026-02-01,2026,2,Kalutara,Western,Electronics,Power Hub,C04774,11,459973.51,1
T2026020004335,2026-02-25,2026,2,Colombo,Western,Lifestyle,Water Bottle,C02867,13,153779.63,1
T2026020004336,2026-02-10,2026,2,Kandy,Central,Electronics,Smart Display,C01129,4,166331.29,1
T2026020004337,2026-02-27,2026,2,Hambantota,Southern,Office,Monitor Stand,C03281,8,236121.52,1
T2026020004338,2026-02-20,2026,2,Gampaha,Western,Lifestyle,Fitness Band,C04406,13,157840.34,1
T2026020004339,2026-02-15,2026,2,Kalutara,Western,Electronics,Sound Bar,C04029,15,567120.3,1
T2026020004340,2026-02-03,2026,2,Matale,Central,Lifestyle,Fitness Band,C01826,5,56253.91,1
T2026020004341,2026-02-28,2026,2,Matale,Central,Home,Air Purifier,C01758,15,331262.5,1
T2026020004342,2026-02-10,2026,2,Galle,Southern,Home,Coffee Maker,C03649,6,118082.05,1
T2026020004343,2026-02-26,2026,2,Kegalle,Sabaragamuwa,Outdoor,Foldable Chair,C03054,6,102281.48,1
T2026020004344,2026-02-16,2026,2,Gampaha,Western,Home,Coffee Maker,C01033,11,212122.32,1
T2026020004345,2026-02-13,2026,2,Kandy,Central,Home,Coffee Maker,C04154,13,282849.25,1
T2026020004346,2026-02-22,2026,2,Ratnapura,Sabaragamuwa,Outdoor,Foldable Chair,C04869,2,32725.12,1
T2026020004347,2026-02-15,2026,2,Colombo,Western,Outdoor,Camping Light,C01422,8,145262.08,1
T2026020004348,2026-02-21,2026,2,Galle,Southern,Home,Air Purifier,C03128,10,204822.55,1
T2026020004349,2026-02-16,2026,2,Colombo,Western,Electronics,Wireless Router,C01875,5,183519.72,1
T2026020004350,2026-02-22,2026,2,Colombo,Western,Office,Document Scanner,C03074,11,356309.91,1
T2026020004351,2026-02-13,2026,2,Kandy,Central,Electronics,Sound Bar,C04562,6,268078.31,1
T2026020004352,2026-02-14,2026,2,Jaffna,Northern,Accessories,USB Cable,C03694,9,44109.51,1
T2026020004353,2026-02-24,2026,2,Gampaha,Western,Office,Laser Printer,C04058,7,215623.09,1
T2026020004354,2026-02-06,2026,2,Kurunegala,North Western,Electronics,Wireless Router,C02461,3,130662.58,1
T2026020004355,2026-02-19,2026,2,Ampara,Eastern,Electronics,Wireless Router,C02311,8,322115.64,1
T2026020004356,2026-02-07,2026,2,Gampaha,Western,Electronics,Smart Display,C01689,11,536944.61,1
T2026020004357,2026-02-28,2026,2,Monaragala,Uva,Lifestyle,Fitness Band,C03331,4,44140.51,1
T2026020004358,2026-02-15,2026,2,Monaragala,Uva,Outdoor,Camping Light,C01886,5,74902.37,1
T2026020004359,2026-02-14,2026,2,Batticaloa,Eastern,Lifestyle,Water Bottle,C03517,8,84564.0,1
T2026020004360,2026-02-23,2026,2,Galle,Southern,Home,Coffee Maker,C01608,7,138470.13,1
T2026020004361,2026-02-20,2026,2,Gampaha,Western,Office,Document Scanner,C03679,14,491215.43,1
T2026020004362,2026-02-07,2026,2,Ratnapura,Sabaragamuwa,Office,Laser Printer,C03568,11,341633.08,1
T2026020004363,2026-02-02,2026,2,Ampara,Eastern,Accessories,USB Cable,C02563,7,36569.84,1
T2026020004364,2026-02-10,2026,2,Gampaha,Western,Home,LED Lamp,C02932,4,84450.24,1
T2026020004365,2026-02-06,2026,2,Kurunegala,North Western,Electronics,Wireless Router,C04233,14,595637.84,1
T2026020004366,2026-02-05,2026,2,Batticaloa,Eastern,Accessories,Phone Stand,C01083,5,26138.73,1
T2026020004367,2026-02-27,2026,2,Gampaha,Western,Lifestyle,Desk Organizer,C01323,6,67101.95,1
T2026020004368,2026-02-21,2026,2,Puttalam,North Western,Office,Office Chair,C05043,9,299460.27,1
T2026020004369,2026-02-28,2026,2,Monaragala,Uva,Home,Storage Set,C04988,4,75665.87,1
T2026020004370,2026-02-08,2026,2,Kalutara,Western,Home,Air Purifier,C01168,11,255767.96,1
T2026020004371,2026-02-10,2026,2,Polonnaruwa,North Central,Electronics,Power Hub,C02185,11,491548.0,1
T2026020004372,2026-02-03,2026,2,Nuwara Eliya,Central,Electronics,Wireless Router,C03371,6,252035.76,1
T2026020004373,2026-02-28,2026,2,Mullaitivu,Northern,Electronics,Sound Bar,C04977,6,263713.01,1
T2026020004374,2026-02-18,2026,2,Vavuniya,Northern,Home,LED Lamp,C02799,9,203867.88,1
T2026020004375,2026-02-21,2026,2,Puttalam,North Western,Lifestyle,Travel Kit,C04124,4,46680.88,1
T2026020004376,2026-02-16,2026,2,Puttalam,North Western,Lifestyle,Desk Organizer,C01175,12,144910.71,1
T2026020004377,2026-02-15,2026,2,Kandy,Central,Office,Office Chair,C03886,10,279045.68,1
T2026020004378,2026-02-27,2026,2,Batticaloa,Eastern,Home,LED Lamp,C01580,3,58862.61,1
T2026020004379,2026-02-08,2026,2,Mullaitivu,Northern,Office,Office Chair,C03612,5,159957.36,1
T2026020004380,2026-02-16,2026,2,Nuwara Eliya,Central,Outdoor,Camping Light,C05061,6,96299.78,1
T2026020004381,2026-02-07,2026,2,Ratnapura,Sabaragamuwa,Accessories,Power Adapter,C04273,11,49321.16,1
T2026020004382,2026-02-08,2026,2,Matara,Southern,Accessories,Phone Stand,C01580,7,29856.38,1
T2026020004383,2026-02-24,2026,2,Monaragala,Uva,Home,Coffee Maker,C03290,6,134338.3,1
T2026020004384,2026-02-07,2026,2,Monaragala,Uva,Lifestyle,Water Bottle,C01826,11,135224.77,1
T2026020004385,2026-02-04,2026,2,Kurunegala,North Western,Office,Monitor Stand,C03410,8,234126.42,1
T2026020004386,2026-02-20,2026,2,Gampaha,Western,Outdoor,Camping Light,C01213,6,98528.97,1
T2026020004387,2026-02-13,2026,2,Trincomalee,Eastern,Accessories,Mouse Pad,C02880,10,51716.75,1
T2026020004388,2026-02-03,2026,2,Ratnapura,Sabaragamuwa,Home,Air Purifier,C03063,7,157493.24,1
T2026020004389,2026-02-27,2026,2,Gampaha,Western,Home,Storage Set,C04989,7,166820.8,1
T2026020004390,2026-02-21,2026,2,Kegalle,Sabaragamuwa,Electronics,Sound Bar,C02774,11,396193.96,1
T2026020004391,2026-02-28,2026,2,Colombo,Western,Electronics,Sound Bar,C03895,5,210977.83,1
T2026020004392,2026-02-06,2026,2,Badulla,Uva,Accessories,USB Cable,C01579,6,26080.67,1
T2026020004393,2026-02-03,2026,2,Matara,Southern,Outdoor,Portable Fan,C02782,3,50044.76,1
T2026020004394,2026-02-06,2026,2,Kandy,Central,Accessories,USB Cable,C04300,15,63305.71,1
T2026020004395,2026-02-01,2026,2,Kurunegala,North Western,Home,Coffee Maker,C01216,4,94776.92,1
T2026020004396,2026-02-18,2026,2,Jaffna,Northern,Electronics,Power Hub,C03440,14,626759.49,1
T2026020004397,2026-02-03,2026,2,Ratnapura,Sabaragamuwa,Electronics,Sound Bar,C03495,9,344943.84,1
T2026020004398,2026-02-03,2026,2,Matara,Southern,Electronics,Wireless Router,C04463,6,238632.71,1
T2026020004399,2026-02-25,2026,2,Matara,Southern,Outdoor,Cooler Box,C02506,3,46596.19,1
T2026020004400,2026-02-22,2026,2,Hambantota,Southern,Accessories,USB Cable,C02718,3,12956.23,1
T2026020004401,2026-02-24,2026,2,Ampara,Eastern,Office,Monitor Stand,C02746,4,123414.18,1
T2026020004402,2026-02-10,2026,2,Colombo,Western,Home,Air Purifier,C01171,12,253164.57,1
T2026020004403,2026-02-11,2026,2,Batticaloa,Eastern,Electronics,Smart Display,C02921,6,284267.69,1
T2026020004404,2026-02-22,2026,2,Vavuniya,Northern,Electronics,Power Hub,C02203,9,367887.78,1
T2026020004405,2026-02-22,2026,2,Ratnapura,Sabaragamuwa,Lifestyle,Desk Organizer,C02069,3,33527.98,1
T2026020004406,2026-02-16,2026,2,Kurunegala,North Western,Outdoor,Portable Fan,C04719,6,101793.64,1
T2026020004407,2026-02-22,2026,2,Polonnaruwa,North Central,Electronics,Power Hub,C04807,3,125478.28,1
T2026020004408,2026-02-21,2026,2,Kilinochchi,Northern,Lifestyle,Travel Kit,C04740,9,92827.81,1
T2026020004409,2026-02-04,2026,2,Jaffna,Northern,Electronics,Wireless Router,C03960,8,302335.66,1
T2026020004410,2026-02-27,2026,2,Galle,Southern,Lifestyle,Fitness Band,C04738,10,100582.15,1
T2026020004411,2026-02-25,2026,2,Mannar,Northern,Office,Document Scanner,C04300,5,163971.36,1
T2026020004412,2026-02-26,2026,2,Batticaloa,Eastern,Outdoor,Foldable Chair,C04969,5,78527.04,1
T2026020004413,2026-02-22,2026,2,Monaragala,Uva,Electronics,Wireless Router,C02954,6,229377.96,1
T2026020004414,2026-02-19,2026,2,Monaragala,Uva,Outdoor,Cooler Box,C02930,4,55637.46,1
T2026020004415,2026-02-17,2026,2,Matale,Central,Electronics,Power Hub,C02867,5,199607.61,1
T2026020004416,2026-02-25,2026,2,Colombo,Western,Accessories,Mouse Pad,C01612,6,29231.98,1
T2026020004417,2026-02-22,2026,2,Kalutara,Western,Office,Monitor Stand,C03942,9,297726.69,1
T2026020004418,2026-02-25,2026,2,Trincomalee,Eastern,Home,Air Purifier,C04688,14,296959.88,1
T2026020004419,2026-02-26,2026,2,Trincomalee,Eastern,Lifestyle,Travel Kit,C02110,3,37633.69,1
T2026020004420,2026-02-01,2026,2,Matara,Southern,Electronics,Smart Display,C03272,10,441747.47,1
T2026030004421,2026-03-10,2026,3,Puttalam,North Western,Electronics,Smart Display,C02424,6,318563.97,1
T2026030004422,2026-03-04,2026,3,Trincomalee,Eastern,Lifestyle,Fitness Band,C03290,14,162075.62,1
T2026030004423,2026-03-09,2026,3,Mannar,Northern,Home,Air Purifier,C04428,14,327354.09,1
T2026030004424,2026-03-23,2026,3,Gampaha,Western,Home,Storage Set,C01486,5,124312.43,1
T2026030004425,2026-03-15,2026,3,Colombo,Western,Outdoor,Camping Light,C04795,11,201721.24,1
T2026030004426,2026-03-08,2026,3,Nuwara Eliya,Central,Outdoor,Foldable Chair,C03407,11,186702.02,1
T2026030004427,2026-03-22,2026,3,Gampaha,Western,Outdoor,Portable Fan,C04956,13,264077.37,1
T2026030004428,2026-03-26,2026,3,Kurunegala,North Western,Office,Laser Printer,C03137,15,562250.14,1
T2026030004429,2026-03-13,2026,3,Anuradhapura,North Central,Lifestyle,Travel Kit,C03140,12,140616.93,1
T2026030004430,2026-03-30,2026,3,Colombo,Western,Outdoor,Camping Light,C01863,14,259594.54,1
T2026030004431,2026-03-05,2026,3,Jaffna,Northern,Outdoor,Foldable Chair,C03008,5,100001.39,1
T2026030004432,2026-03-06,2026,3,Trincomalee,Eastern,Outdoor,Camping Light,C02022,7,130982.3,1
T2026030004433,2026-03-09,2026,3,Colombo,Western,Home,LED Lamp,C04771,4,107984.04,1
T2026030004434,2026-03-01,2026,3,Badulla,Uva,Outdoor,Portable Fan,C03425,15,298773.33,1
T2026030004435,2026-03-07,2026,3,Kalutara,Western,Electronics,Smart Display,C02269,3,163732.7,1
T2026030004436,2026-03-01,2026,3,Gampaha,Western,Electronics,Smart Display,C02127,6,317679.98,1
T2026030004437,2026-03-26,2026,3,Kurunegala,North Western,Office,Office Chair,C01433,2,79175.13,1
T2026030004438,2026-03-21,2026,3,Colombo,Western,Office,Monitor Stand,C02344,12,466010.4,1
T2026030004439,2026-03-18,2026,3,Ampara,Eastern,Accessories,Power Adapter,C02640,5,24963.97,1
T2026030004440,2026-03-22,2026,3,Gampaha,Western,Outdoor,Camping Light,C03562,10,185696.73,1
T2026030004441,2026-03-18,2026,3,Matale,Central,Office,Document Scanner,C01699,5,194176.35,1
T2026030004442,2026-03-13,2026,3,Kalutara,Western,Outdoor,Foldable Chair,C02264,7,130234.27,1
T2026030004443,2026-03-31,2026,3,Galle,Southern,Lifestyle,Water Bottle,C03548,2,27805.33,1
T2026030004444,2026-03-17,2026,3,Kalutara,Western,Lifestyle,Travel Kit,C03850,2,24185.12,1
T2026030004445,2026-03-01,2026,3,Badulla,Uva,Electronics,Smart Display,C03754,13,682944.6,1
T2026030004446,2026-03-26,2026,3,Badulla,Uva,Office,Laser Printer,C04696,4,137406.7,1
T2026030004447,2026-03-16,2026,3,Monaragala,Uva,Home,Coffee Maker,C04878,7,161537.03,1
T2026030004448,2026-03-10,2026,3,Vavuniya,Northern,Home,LED Lamp,C01278,6,160934.31,1
T2026030004449,2026-03-10,2026,3,Matara,Southern,Home,LED Lamp,C04197,7,153573.61,1
T2026030004450,2026-03-15,2026,3,Galle,Southern,Home,LED Lamp,C05071,8,196543.11,1
T2026030004451,2026-03-01,2026,3,Nuwara Eliya,Central,Office,Monitor Stand,C04112,8,275527.93,1
T2026030004452,2026-03-28,2026,3,Badulla,Uva,Home,Storage Set,C02288,6,156204.89,1
T2026030004453,2026-03-25,2026,3,Kurunegala,North Western,Office,Laser Printer,C01759,6,209607.83,1
T2026030004454,2026-03-15,2026,3,Polonnaruwa,North Central,Outdoor,Cooler Box,C03072,2,37175.83,1
T2026030004455,2026-03-10,2026,3,Ratnapura,Sabaragamuwa,Home,Air Purifier,C04907,4,110915.0,1
T2026030004456,2026-03-08,2026,3,Kalutara,Western,Home,LED Lamp,C03435,9,212600.85,1
T2026030004457,2026-03-18,2026,3,Kandy,Central,Home,LED Lamp,C04768,8,182317.02,1
T2026030004458,2026-03-19,2026,3,Matara,Southern,Outdoor,Portable Fan,C03168,6,106508.87,1
T2026030004459,2026-03-27,2026,3,Batticaloa,Eastern,Outdoor,Foldable Chair,C03901,7,135298.32,1
T2026030004460,2026-03-23,2026,3,Kalutara,Western,Office,Laser Printer,C05039,12,456852.23,1
T2026030004461,2026-03-28,2026,3,Matara,Southern,Electronics,Sound Bar,C02088,4,206321.84,1
T2026030004462,2026-03-28,2026,3,Gampaha,Western,Office,Office Chair,C04229,9,302561.01,1
T2026030004463,2026-03-25,2026,3,Gampaha,Western,Home,Coffee Maker,C01250,9,249642.59,1
T2026030004464,2026-03-03,2026,3,Kurunegala,North Western,Home,Coffee Maker,C01814,4,90061.19,1
T2026030004465,2026-03-01,2026,3,Colombo,Western,Electronics,Smart Display,C03869,14,776626.8,1
T2026030004466,2026-03-25,2026,3,Kilinochchi,Northern,Office,Laser Printer,C04907,9,339009.03,1
T2026030004467,2026-03-25,2026,3,Mullaitivu,Northern,Electronics,Sound Bar,C04624,14,648256.89,1
T2026030004468,2026-03-23,2026,3,Puttalam,North Western,Electronics,Sound Bar,C03608,5,264809.36,1
T2026030004469,2026-03-24,2026,3,Anuradhapura,North Central,Accessories,Mouse Pad,C02586,11,60476.25,1
T2026030004470,2026-03-27,2026,3,Kegalle,Sabaragamuwa,Office,Office Chair,C01654,14,479892.17,1
T2026030004471,2026-03-03,2026,3,Gampaha,Western,Electronics,Power Hub,C02353,5,269073.34,1
T2026030004472,2026-03-26,2026,3,Ratnapura,Sabaragamuwa,Office,Document Scanner,C04135,13,445811.4,1
T2026030004473,2026-03-04,2026,3,Colombo,Western,Accessories,Mouse Pad,C03037,15,85424.82,1
T2026030004474,2026-03-08,2026,3,Mannar,Northern,Lifestyle,Fitness Band,C04713,2,27582.54,1
T2026030004475,2026-03-15,2026,3,Colombo,Western,Office,Office Chair,C04827,12,502650.37,1
T2026030004476,2026-03-31,2026,3,Kegalle,Sabaragamuwa,Office,Office Chair,C03255,3,104289.13,1
T2026030004477,2026-03-22,2026,3,Colombo,Western,Accessories,Phone Stand,C04719,13,74318.23,1
T2026030004478,2026-03-20,2026,3,Jaffna,Northern,Home,Air Purifier,C01003,2,49247.18,1
T2026030004479,2026-03-31,2026,3,Mannar,Northern,Office,Laser Printer,C02284,10,364300.72,1
T2026030004480,2026-03-25,2026,3,Nuwara Eliya,Central,Home,Coffee Maker,C04388,2,47377.85,1
T2026030004481,2026-03-04,2026,3,Anuradhapura,North Central,Outdoor,Portable Fan,C03874,7,122807.01,1
T2026030004482,2026-03-26,2026,3,Colombo,Western,Electronics,Smart Display,C01465,6,266596.57,1
T2026030004483,2026-03-06,2026,3,Kandy,Central,Electronics,Wireless Router,C01097,14,729912.43,1
T2026030004484,2026-03-17,2026,3,Ratnapura,Sabaragamuwa,Accessories,USB Cable,C04635,8,43553.34,1
T2026030004485,2026-03-22,2026,3,Jaffna,Northern,Outdoor,Foldable Chair,C03791,7,148316.76,1
T2026030004486,2026-03-11,2026,3,Mullaitivu,Northern,Lifestyle,Fitness Band,C03488,2,25959.43,1
T2026030004487,2026-03-22,2026,3,Kalutara,Western,Home,Storage Set,C03387,6,137133.57,1
T2026030004488,2026-03-25,2026,3,Matara,Southern,Home,Air Purifier,C03360,9,211477.03,1
T2026030004489,2026-03-22,2026,3,Ampara,Eastern,Home,Coffee Maker,C01377,14,316859.84,1
T2026030004490,2026-03-22,2026,3,Gampaha,Western,Lifestyle,Desk Organizer,C03137,4,51384.98,1
T2026030004491,2026-03-26,2026,3,Polonnaruwa,North Central,Accessories,USB Cable,C04488,12,71414.8,1
T2026030004492,2026-03-19,2026,3,Matara,Southern,Accessories,Mouse Pad,C04437,7,41576.86,1
T2026030004493,2026-03-02,2026,3,Kilinochchi,Northern,Lifestyle,Fitness Band,C01705,6,81060.44,1
T2026030004494,2026-03-31,2026,3,Matara,Southern,Electronics,Power Hub,C03374,3,144175.67,1
T2026030004495,2026-03-15,2026,3,Ampara,Eastern,Lifestyle,Water Bottle,C02775,7,82858.25,1
T2026030004496,2026-03-24,2026,3,Kandy,Central,Electronics,Smart Display,C04533,5,251138.23,1
T2026030004497,2026-03-30,2026,3,Jaffna,Northern,Electronics,Wireless Router,C03023,6,252855.46,1
T2026030004498,2026-03-12,2026,3,Colombo,Western,Electronics,Sound Bar,C04187,3,145901.3,1
T2026030004499,2026-03-29,2026,3,Galle,Southern,Outdoor,Cooler Box,C04540,9,177072.98,1
T2026030004500,2026-03-16,2026,3,Anuradhapura,North Central,Outdoor,Cooler Box,C02303,14,282607.31,1
T2026030004501,2026-03-03,2026,3,Gampaha,Western,Home,Storage Set,C02513,4,97927.59,1
T2026030004502,2026-03-12,2026,3,Mannar,Northern,Home,Coffee Maker,C01944,4,102973.46,1
T2026030004503,2026-03-19,2026,3,Nuwara Eliya,Central,Home,Air Purifier,C01057,7,195659.22,1
T2026030004504,2026-03-14,2026,3,Badulla,Uva,Home,Storage Set,C02744,9,199835.94,1
T2026030004505,2026-03-27,2026,3,Colombo,Western,Accessories,Power Adapter,C01600,13,68590.1,1
T2026030004506,2026-03-24,2026,3,Nuwara Eliya,Central,Electronics,Wireless Router,C04553,14,606488.16,1
T2026030004507,2026-03-24,2026,3,Kegalle,Sabaragamuwa,Lifestyle,Desk Organizer,C01227,7,83960.93,1
T2026030004508,2026-03-27,2026,3,Colombo,Western,Home,Storage Set,C01814,5,116033.0,1
T2026030004509,2026-03-24,2026,3,Colombo,Western,Electronics,Wireless Router,C01650,12,593202.27,1
T2026030004510,2026-03-03,2026,3,Badulla,Uva,Home,Storage Set,C04586,9,221380.4,1
T2026030004511,2026-03-06,2026,3,Kandy,Central,Accessories,Mouse Pad,C04578,12,70833.98,1
T2026030004512,2026-03-09,2026,3,Kurunegala,North Western,Outdoor,Camping Light,C03663,15,294972.74,1
T2026030004513,2026-03-10,2026,3,Matara,Southern,Lifestyle,Water Bottle,C05092,3,34120.13,1
T2026030004514,2026-03-04,2026,3,Galle,Southern,Electronics,Smart Display,C03054,10,494750.1,1
T2026030004515,2026-03-03,2026,3,Hambantota,Southern,Home,Coffee Maker,C02410,8,181503.76,1
T2026030004516,2026-03-11,2026,3,Vavuniya,Northern,Lifestyle,Travel Kit,C02005,8,90723.24,1
T2026030004517,2026-03-10,2026,3,Trincomalee,Eastern,Electronics,Sound Bar,C01056,10,528136.6,1
T2026030004518,2026-03-03,2026,3,Ratnapura,Sabaragamuwa,Home,Storage Set,C04957,6,156772.31,1
T2026030004519,2026-03-01,2026,3,Gampaha,Western,Accessories,Mouse Pad,C04200,5,26559.79,1
T2026030004520,2026-03-22,2026,3,Anuradhapura,North Central,Lifestyle,Fitness Band,C04293,11,133424.3,1
T2026030004521,2026-03-30,2026,3,Ampara,Eastern,Lifestyle,Desk Organizer,C04273,6,75484.18,1
T2026030004522,2026-03-02,2026,3,Galle,Southern,Outdoor,Portable Fan,C04229,8,130457.92,1
T2026030004523,2026-03-10,2026,3,Trincomalee,Eastern,Accessories,Phone Stand,C04570,5,26876.74,1
T2026030004524,2026-03-17,2026,3,Colombo,Western,Home,Coffee Maker,C05056,4,99657.82,1
T2026030004525,2026-03-05,2026,3,Kegalle,Sabaragamuwa,Lifestyle,Water Bottle,C03260,4,48277.68,1
T2026030004526,2026-03-26,2026,3,Galle,Southern,Electronics,Sound Bar,C04830,9,437555.88,1
T2026030004527,2026-03-26,2026,3,Puttalam,North Western,Home,Air Purifier,C04113,7,169713.05,1
T2026030004528,2026-03-09,2026,3,Kalutara,Western,Electronics,Sound Bar,C01719,5,212975.19,1
T2026030004529,2026-03-27,2026,3,Trincomalee,Eastern,Accessories,Phone Stand,C02981,2,10369.13,1
T2026030004530,2026-03-12,2026,3,Anuradhapura,North Central,Lifestyle,Fitness Band,C04281,5,65043.05,1
T2026030004531,2026-03-12,2026,3,Jaffna,Northern,Home,LED Lamp,C03372,4,95272.9,1
T2026030004532,2026-03-12,2026,3,Colombo,Western,Electronics,Power Hub,C03073,7,385141.45,1
T2026030004533,2026-03-23,2026,3,Matale,Central,Accessories,Phone Stand,C04738,13,74435.62,1
T2026030004534,2026-03-29,2026,3,Nuwara Eliya,Central,Home,Storage Set,C04540,5,127924.53,1
T2026030004535,2026-03-03,2026,3,Kurunegala,North Western,Lifestyle,Desk Organizer,C03051,7,92040.98,1
T2026030004536,2026-03-20,2026,3,Nuwara Eliya,Central,Office,Laser Printer,C02005,8,304407.91,1
T2026030004537,2026-03-09,2026,3,Puttalam,North Western,Accessories,Mouse Pad,C02057,12,72726.49,1
T2026030004538,2026-03-13,2026,3,Batticaloa,Eastern,Lifestyle,Travel Kit,C02606,11,140187.96,1
T2026030004539,2026-03-16,2026,3,Kandy,Central,Lifestyle,Water Bottle,C01958,15,188038.26,1
T2026030004540,2026-03-27,2026,3,Hambantota,Southern,Office,Laser Printer,C01742,12,391829.41,1
T2026030004541,2026-03-28,2026,3,Anuradhapura,North Central,Office,Laser Printer,C03563,10,380314.73,1
T2026030004542,2026-03-04,2026,3,Anuradhapura,North Central,Electronics,Power Hub,C02302,13,574321.97,1
T2026030004543,2026-03-24,2026,3,Batticaloa,Eastern,Lifestyle,Water Bottle,C03883,11,131943.05,1
T2026030004544,2026-03-05,2026,3,Anuradhapura,North Central,Office,Document Scanner,C02499,2,69319.84,1
T2026030004545,2026-03-22,2026,3,Galle,Southern,Office,Office Chair,C02738,6,218555.66,1
T2026030004546,2026-03-08,2026,3,Kalutara,Western,Electronics,Sound Bar,C03647,9,394508.21,1
T2026030004547,2026-03-11,2026,3,Colombo,Western,Electronics,Power Hub,C03572,14,671747.86,1
T2026030004548,2026-03-02,2026,3,Anuradhapura,North Central,Electronics,Wireless Router,C02308,4,183375.45,1
T2026030004549,2026-03-09,2026,3,Kalutara,Western,Accessories,USB Cable,C04997,6,33292.56,1
T2026030004550,2026-03-28,2026,3,Kalutara,Western,Outdoor,Cooler Box,C01444,8,155658.82,1
T2026030004551,2026-03-09,2026,3,Batticaloa,Eastern,Lifestyle,Travel Kit,C03171,1,14268.86,1
T2026030004552,2026-03-16,2026,3,Colombo,Western,Accessories,USB Cable,C04835,3,17500.67,1
T2026030004553,2026-03-25,2026,3,Trincomalee,Eastern,Office,Office Chair,C02059,12,437098.02,1
T2026030004554,2026-03-13,2026,3,Hambantota,Southern,Home,Coffee Maker,C04612,3,67224.69,1
T2026030004555,2026-03-18,2026,3,Hambantota,Southern,Electronics,Wireless Router,C03540,13,615107.15,1
T2026030004556,2026-03-11,2026,3,Kalutara,Western,Home,Storage Set,C01867,13,302668.05,1
T2026030004557,2026-03-06,2026,3,Anuradhapura,North Central,Lifestyle,Travel Kit,C03182,7,82430.87,1
T2026030004558,2026-03-29,2026,3,Kegalle,Sabaragamuwa,Home,Air Purifier,C02702,5,140660.24,1
T2026030004559,2026-03-17,2026,3,Vavuniya,Northern,Lifestyle,Desk Organizer,C03708,4,48274.35,1
T2026030004560,2026-03-20,2026,3,Hambantota,Southern,Electronics,Smart Display,C02079,12,667465.17,1
T2026030004561,2026-03-15,2026,3,Matara,Southern,Electronics,Smart Display,C02213,5,240713.72,1
T2026030004562,2026-03-26,2026,3,Matale,Central,Office,Laser Printer,C03358,4,158932.11,1
T2026030004563,2026-03-27,2026,3,Matara,Southern,Office,Office Chair,C01276,13,460158.3,1
T2026030004564,2026-03-07,2026,3,Mullaitivu,Northern,Electronics,Wireless Router,C03060,6,305943.26,1
T2026030004565,2026-03-19,2026,3,Kandy,Central,Home,LED Lamp,C04428,3,69633.72,1
T2026030004566,2026-03-30,2026,3,Batticaloa,Eastern,Lifestyle,Travel Kit,C02353,13,157260.25,1
T2026030004567,2026-03-30,2026,3,Kandy,Central,Electronics,Smart Display,C04654,7,381594.88,1
T2026030004568,2026-03-07,2026,3,Colombo,Western,Accessories,Phone Stand,C04049,2,10589.58,1
T2026030004569,2026-03-11,2026,3,Monaragala,Uva,Office,Office Chair,C02152,7,268051.9,1
T2026030004570,2026-03-12,2026,3,Ratnapura,Sabaragamuwa,Accessories,Power Adapter,C04298,8,41052.66,1
T2026030004571,2026-03-08,2026,3,Mannar,Northern,Home,Storage Set,C01228,5,131340.94,1
T2026030004572,2026-03-21,2026,3,Kandy,Central,Office,Document Scanner,C03898,11,412738.45,1
T2026030004573,2026-03-10,2026,3,Polonnaruwa,North Central,Lifestyle,Fitness Band,C03738,10,135800.64,1
T2026030004574,2026-03-25,2026,3,Gampaha,Western,Home,LED Lamp,C03569,3,83392.15,1
T2026030004575,2026-03-19,2026,3,Gampaha,Western,Office,Document Scanner,C04244,9,308949.61,1
T2026030004576,2026-03-01,2026,3,Galle,Southern,Lifestyle,Water Bottle,C04374,2,28541.9,1
T2026030004577,2026-03-06,2026,3,Kurunegala,North Western,Lifestyle,Water Bottle,C02258,8,100993.3,1
T2026030004578,2026-03-19,2026,3,Jaffna,Northern,Office,Laser Printer,C01072,4,161529.31,1
T2026030004579,2026-03-16,2026,3,Nuwara Eliya,Central,Office,Monitor Stand,C03893,13,490032.43,1
T2026030004580,2026-03-14,2026,3,Matara,Southern,Electronics,Power Hub,C04249,2,88122.11,1
T2026030004581,2026-03-20,2026,3,Ratnapura,Sabaragamuwa,Home,Air Purifier,C02515,12,288203.01,1
T2026030004582,2026-03-04,2026,3,Kandy,Central,Lifestyle,Travel Kit,C02170,2,27409.55,1
T2026030004583,2026-03-06,2026,3,Ampara,Eastern,Electronics,Sound Bar,C02252,8,385544.8,1
T2026030004584,2026-03-29,2026,3,Kurunegala,North Western,Office,Monitor Stand,C04229,4,134606.15,1
T2026030004585,2026-03-20,2026,3,Anuradhapura,North Central,Office,Monitor Stand,C02624,2,69453.83,1
T2026030004586,2026-03-13,2026,3,Ratnapura,Sabaragamuwa,Office,Monitor Stand,C05087,7,268667.6,1
T2026030004587,2026-03-10,2026,3,Ratnapura,Sabaragamuwa,Lifestyle,Travel Kit,C03546,6,83863.28,1
T2026030004588,2026-03-30,2026,3,Batticaloa,Eastern,Office,Office Chair,C04535,9,276082.33,1
T2026030004589,2026-03-29,2026,3,Batticaloa,Eastern,Electronics,Power Hub,C02301,9,432444.55,1
T2026030004590,2026-03-26,2026,3,Kilinochchi,Northern,Home,LED Lamp,C03738,8,177146.84,1
T2026040004591,2026-04-26,2026,4,Puttalam,North Western,Home,LED Lamp,C02727,13,246851.4,1
T2026040004592,2026-04-23,2026,4,Kurunegala,North Western,Electronics,Sound Bar,C03492,11,424552.18,1
T2026040004593,2026-04-02,2026,4,Anuradhapura,North Central,Office,Office Chair,C04880,10,299960.77,1
T2026040004594,2026-04-21,2026,4,Kalutara,Western,Office,Office Chair,C03076,5,165634.46,1
T2026040004595,2026-04-30,2026,4,Matara,Southern,Electronics,Wireless Router,C01821,14,581079.38,1
T2026040004596,2026-04-06,2026,4,Colombo,Western,Electronics,Power Hub,C04243,7,286679.41,1
T2026040004597,2026-04-09,2026,4,Trincomalee,Eastern,Accessories,Phone Stand,C03227,8,43524.33,1
T2026040004598,2026-04-17,2026,4,Kurunegala,North Western,Office,Monitor Stand,C01684,14,449121.44,1
T2026040004599,2026-04-02,2026,4,Matara,Southern,Electronics,Wireless Router,C03238,12,554931.91,1
T2026040004600,2026-04-18,2026,4,Trincomalee,Eastern,Electronics,Smart Display,C03029,2,86814.05,1
T2026040004601,2026-04-21,2026,4,Kandy,Central,Lifestyle,Fitness Band,C02108,11,130919.28,1
T2026040004602,2026-04-03,2026,4,Kegalle,Sabaragamuwa,Office,Office Chair,C01020,10,341651.36,1
T2026040004603,2026-04-04,2026,4,Ratnapura,Sabaragamuwa,Electronics,Power Hub,C02762,7,290675.87,1
T2026040004604,2026-04-05,2026,4,Colombo,Western,Electronics,Smart Display,C03981,4,200091.05,1
T2026040004605,2026-04-10,2026,4,Anuradhapura,North Central,Home,LED Lamp,C01546,10,216743.92,1
T2026040004606,2026-04-04,2026,4,Colombo,Western,Lifestyle,Travel Kit,C03003,8,98005.99,1
T2026040004607,2026-04-20,2026,4,Kalutara,Western,Outdoor,Cooler Box,C03849,2,35080.93,1
T2026040004608,2026-04-13,2026,4,Gampaha,Western,Outdoor,Portable Fan,C03624,13,232348.43,1
T2026040004609,2026-04-15,2026,4,Colombo,Western,Electronics,Smart Display,C01649,6,265128.62,1
T2026040004610,2026-04-17,2026,4,Anuradhapura,North Central,Electronics,Wireless Router,C03531,5,217758.09,1
T2026040004611,2026-04-11,2026,4,Monaragala,Uva,Lifestyle,Water Bottle,C01596,5,54452.6,1
T2026040004612,2026-04-01,2026,4,Batticaloa,Eastern,Electronics,Smart Display,C04705,4,163781.18,1
T2026040004613,2026-04-20,2026,4,Monaragala,Uva,Outdoor,Camping Light,C01382,5,84718.11,1
T2026040004614,2026-04-21,2026,4,Colombo,Western,Outdoor,Cooler Box,C03319,10,173107.45,1
T2026040004615,2026-04-01,2026,4,Anuradhapura,North Central,Electronics,Power Hub,C01104,6,256942.51,1
T2026040004616,2026-04-22,2026,4,Kalutara,Western,Office,Office Chair,C02138,10,296100.06,1
T2026040004617,2026-04-03,2026,4,Galle,Southern,Home,Air Purifier,C02344,4,79674.3,1
T2026040004618,2026-04-06,2026,4,Mannar,Northern,Office,Office Chair,C02763,13,418309.4,1
T2026040004619,2026-04-17,2026,4,Gampaha,Western,Outdoor,Portable Fan,C04654,3,52062.52,1
T2026040004620,2026-04-20,2026,4,Puttalam,North Western,Office,Document Scanner,C02112,1,30026.12,1
T2026040004621,2026-04-14,2026,4,Kalutara,Western,Home,Coffee Maker,C02387,6,135211.68,1
T2026040004622,2026-04-16,2026,4,Kalutara,Western,Office,Monitor Stand,C01686,9,307682.25,1
T2026040004623,2026-04-12,2026,4,Kalutara,Western,Outdoor,Foldable Chair,C01098,11,152872.96,1
T2026040004624,2026-04-15,2026,4,Kandy,Central,Electronics,Wireless Router,C01226,5,188987.37,1
T2026040004625,2026-04-30,2026,4,Kandy,Central,Home,Coffee Maker,C04383,7,130393.59,1
T2026040004626,2026-04-24,2026,4,Jaffna,Northern,Lifestyle,Desk Organizer,C01406,1,11632.07,1
T2026040004627,2026-04-22,2026,4,Kegalle,Sabaragamuwa,Office,Document Scanner,C03234,5,133368.21,1
T2026040004628,2026-04-16,2026,4,Kandy,Central,Home,Air Purifier,C01690,13,280149.2,1
T2026040004629,2026-04-18,2026,4,Ampara,Eastern,Accessories,Phone Stand,C02127,4,16237.82,1
T2026040004630,2026-04-03,2026,4,Monaragala,Uva,Electronics,Wireless Router,C01885,10,379209.01,1
T2026040004631,2026-04-18,2026,4,Kandy,Central,Lifestyle,Travel Kit,C04141,2,22901.63,1
T2026040004632,2026-04-13,2026,4,Colombo,Western,Electronics,Wireless Router,C01340,5,189447.93,1
T2026040004633,2026-04-24,2026,4,Ampara,Eastern,Outdoor,Portable Fan,C01637,3,42757.0,1
T2026040004634,2026-04-30,2026,4,Kandy,Central,Home,Storage Set,C04569,7,145628.41,1
T2026040004635,2026-04-15,2026,4,Batticaloa,Eastern,Electronics,Wireless Router,C01459,10,424216.66,1
T2026040004636,2026-04-18,2026,4,Batticaloa,Eastern,Lifestyle,Fitness Band,C03019,16,169791.36,1
T2026040004637,2026-04-23,2026,4,Colombo,Western,Electronics,Wireless Router,C03747,6,267236.47,1
T2026040004638,2026-04-05,2026,4,Hambantota,Southern,Home,Air Purifier,C03772,5,112350.77,1
T2026040004639,2026-04-15,2026,4,Gampaha,Western,Electronics,Sound Bar,C01775,6,241827.59,1
T2026040004640,2026-04-29,2026,4,Badulla,Uva,Lifestyle,Fitness Band,C02057,4,42981.95,1
T2026040004641,2026-04-15,2026,4,Kandy,Central,Accessories,Phone Stand,C03502,7,30314.77,1
T2026040004642,2026-04-02,2026,4,Ampara,Eastern,Home,LED Lamp,C02219,8,154427.98,1
T2026040004643,2026-04-26,2026,4,Ampara,Eastern,Electronics,Wireless Router,C04886,5,212362.51,1
T2026040004644,2026-04-07,2026,4,Kalutara,Western,Lifestyle,Travel Kit,C02558,8,84209.15,1
T2026040004645,2026-04-01,2026,4,Badulla,Uva,Office,Office Chair,C03089,13,394774.14,1
T2026040004646,2026-04-25,2026,4,Jaffna,Northern,Office,Office Chair,C03526,6,188891.68,1
T2026040004647,2026-04-24,2026,4,Gampaha,Western,Lifestyle,Travel Kit,C03615,10,122111.25,1
T2026040004648,2026-04-22,2026,4,Gampaha,Western,Home,Air Purifier,C04411,7,150527.62,1
T2026040004649,2026-04-28,2026,4,Hambantota,Southern,Home,LED Lamp,C02923,5,91808.17,1
T2026040004650,2026-04-14,2026,4,Batticaloa,Eastern,Electronics,Smart Display,C04368,4,172239.73,1
T2026040004651,2026-04-12,2026,4,Gampaha,Western,Office,Office Chair,C01753,6,180361.02,1
T2026040004652,2026-04-06,2026,4,Kalutara,Western,Outdoor,Cooler Box,C04287,11,174920.84,1
T2026040004653,2026-04-02,2026,4,Kalutara,Western,Electronics,Wireless Router,C04764,5,196846.69,1
T2026040004654,2026-04-09,2026,4,Anuradhapura,North Central,Electronics,Wireless Router,C02667,12,561673.99,1
T2026040004655,2026-04-10,2026,4,Colombo,Western,Lifestyle,Water Bottle,C03171,16,176843.0,1
T2026040004656,2026-04-28,2026,4,Kalutara,Western,Outdoor,Foldable Chair,C02472,8,124756.94,1
T2026040004657,2026-04-20,2026,4,Jaffna,Northern,Accessories,USB Cable,C02323,3,15486.37,1
T2026040004658,2026-04-22,2026,4,Kandy,Central,Lifestyle,Travel Kit,C03062,6,58934.03,1
T2026040004659,2026-04-15,2026,4,Badulla,Uva,Accessories,Phone Stand,C03075,10,43527.3,1
T2026040004660,2026-04-12,2026,4,Batticaloa,Eastern,Outdoor,Foldable Chair,C01969,5,70453.95,1
T2026040004661,2026-04-26,2026,4,Matale,Central,Electronics,Wireless Router,C01617,7,306467.62,1
T2026040004662,2026-04-11,2026,4,Badulla,Uva,Electronics,Sound Bar,C01400,14,588316.7,1
T2026040004663,2026-04-01,2026,4,Kalutara,Western,Home,LED Lamp,C01625,10,191549.39,1
T2026040004664,2026-04-18,2026,4,Galle,Southern,Home,LED Lamp,C04920,9,198472.88,1
T2026040004665,2026-04-30,2026,4,Ratnapura,Sabaragamuwa,Home,Air Purifier,C01582,5,107129.19,1
T2026040004666,2026-04-24,2026,4,Matara,Southern,Office,Document Scanner,C01936,2,63273.15,1
T2026040004667,2026-04-20,2026,4,Batticaloa,Eastern,Home,Storage Set,C03536,3,69443.56,1
T2026040004668,2026-04-11,2026,4,Jaffna,Northern,Lifestyle,Fitness Band,C04161,1,10112.34,1
T2026040004669,2026-04-04,2026,4,Matara,Southern,Home,Air Purifier,C01839,13,281125.55,1
T2026040004670,2026-04-01,2026,4,Kurunegala,North Western,Electronics,Power Hub,C01362,13,575842.8,1
T2026040004671,2026-04-21,2026,4,Monaragala,Uva,Lifestyle,Desk Organizer,C02859,4,50183.39,1
T2026040004672,2026-04-05,2026,4,Mannar,Northern,Accessories,Power Adapter,C03420,6,29235.93,1
T2026040004673,2026-04-06,2026,4,Galle,Southern,Home,Storage Set,C03141,2,39210.16,1
T2026040004674,2026-04-09,2026,4,Matale,Central,Home,Coffee Maker,C02118,6,131378.63,1
T2026040004675,2026-04-23,2026,4,Polonnaruwa,North Central,Electronics,Power Hub,C01555,15,639413.96,1
T2026040004676,2026-04-15,2026,4,Jaffna,Northern,Accessories,Power Adapter,C03239,15,72559.44,1
T2026040004677,2026-04-19,2026,4,Kalutara,Western,Outdoor,Portable Fan,C02397,4,61016.44,1
T2026040004678,2026-04-15,2026,4,Hambantota,Southern,Lifestyle,Travel Kit,C04195,6,68425.6,1
T2026040004679,2026-04-11,2026,4,Colombo,Western,Lifestyle,Water Bottle,C01847,1,11036.1,1
T2026040004680,2026-04-24,2026,4,Vavuniya,Northern,Accessories,Power Adapter,C04553,2,8783.83,1
T2026040004681,2026-04-23,2026,4,Puttalam,North Western,Office,Document Scanner,C04486,2,64764.13,1
T2026040004682,2026-04-30,2026,4,Galle,Southern,Office,Document Scanner,C01141,7,237644.38,1
T2026040004683,2026-04-13,2026,4,Colombo,Western,Electronics,Wireless Router,C02062,4,157378.47,1
T2026040004684,2026-04-29,2026,4,Anuradhapura,North Central,Home,Air Purifier,C01192,11,264079.18,1
T2026040004685,2026-04-11,2026,4,Vavuniya,Northern,Electronics,Wireless Router,C02919,6,237230.38,1
T2026040004686,2026-04-25,2026,4,Anuradhapura,North Central,Office,Document Scanner,C04713,10,328556.01,1
T2026040004687,2026-04-25,2026,4,Anuradhapura,North Central,Office,Document Scanner,C03970,10,312908.99,1
T2026040004688,2026-04-11,2026,4,Hambantota,Southern,Outdoor,Foldable Chair,C02268,3,44938.5,1
T2026040004689,2026-04-15,2026,4,Ratnapura,Sabaragamuwa,Outdoor,Foldable Chair,C04435,11,196784.38,1
T2026040004690,2026-04-28,2026,4,Colombo,Western,Lifestyle,Water Bottle,C02392,4,46159.45,1
T2026040004691,2026-04-29,2026,4,Batticaloa,Eastern,Lifestyle,Desk Organizer,C03685,4,46353.54,1
T2026040004692,2026-04-02,2026,4,Jaffna,Northern,Office,Laser Printer,C02165,11,356115.31,1
T2026040004693,2026-04-25,2026,4,Kandy,Central,Lifestyle,Fitness Band,C03149,3,34972.87,1
T2026040004694,2026-04-16,2026,4,Ratnapura,Sabaragamuwa,Home,Storage Set,C03621,13,243495.57,1
T2026040004695,2026-04-13,2026,4,Nuwara Eliya,Central,Office,Office Chair,C04950,9,257110.33,1
T2026040004696,2026-04-24,2026,4,Kandy,Central,Electronics,Sound Bar,C04559,4,149523.64,1
T2026040004697,2026-04-09,2026,4,Nuwara Eliya,Central,Electronics,Sound Bar,C02676,12,428529.34,1
T2026040004698,2026-04-05,2026,4,Mullaitivu,Northern,Lifestyle,Travel Kit,C04677,7,80519.84,1
T2026040004699,2026-04-23,2026,4,Kegalle,Sabaragamuwa,Accessories,Phone Stand,C02791,7,30218.17,1
T2026040004700,2026-04-08,2026,4,Colombo,Western,Electronics,Power Hub,C01396,4,185007.63,1
T2026040004701,2026-04-03,2026,4,Colombo,Western,Outdoor,Foldable Chair,C03305,7,109022.72,1
T2026040004702,2026-04-22,2026,4,Ampara,Eastern,Outdoor,Camping Light,C02481,2,33352.99,1
T2026040004703,2026-04-22,2026,4,Colombo,Western,Lifestyle,Fitness Band,C02298,13,135286.84,1
T2026040004704,2026-04-15,2026,4,Ratnapura,Sabaragamuwa,Lifestyle,Desk Organizer,C05086,11,118805.37,1
T2026040004705,2026-04-12,2026,4,Nuwara Eliya,Central,Accessories,Mouse Pad,C03549,6,28436.34,1
T2026040004706,2026-04-26,2026,4,Kalutara,Western,Accessories,USB Cable,C03711,12,54159.6,1
T2026040004707,2026-04-05,2026,4,Puttalam,North Western,Office,Laser Printer,C01414,6,175437.55,1
T2026040004708,2026-04-07,2026,4,Galle,Southern,Electronics,Smart Display,C02109,9,380290.15,1
T2026040004709,2026-04-21,2026,4,Kalutara,Western,Office,Laser Printer,C03551,7,217494.08,1
T2026040004710,2026-04-14,2026,4,Hambantota,Southern,Electronics,Wireless Router,C01143,4,182068.98,1
T2026040004711,2026-04-21,2026,4,Galle,Southern,Home,Air Purifier,C03621,17,399188.73,1
T2026040004712,2026-04-04,2026,4,Matale,Central,Lifestyle,Desk Organizer,C02288,14,166160.11,1
T2026040004713,2026-04-22,2026,4,Ratnapura,Sabaragamuwa,Lifestyle,Travel Kit,C03089,4,44068.1,1
T2026040004714,2026-04-14,2026,4,Matara,Southern,Electronics,Wireless Router,C01440,8,359003.03,1
T2026040004715,2026-04-24,2026,4,Nuwara Eliya,Central,Office,Office Chair,C02876,11,358569.11,1
T2026040004716,2026-04-12,2026,4,Batticaloa,Eastern,Lifestyle,Fitness Band,C02318,7,74538.16,1
T2026040004717,2026-04-27,2026,4,Kegalle,Sabaragamuwa,Lifestyle,Fitness Band,C03459,8,95846.34,1
T2026040004718,2026-04-11,2026,4,Trincomalee,Eastern,Home,Air Purifier,C03264,11,239461.68,1
T2026040004719,2026-04-08,2026,4,Kegalle,Sabaragamuwa,Lifestyle,Water Bottle,C02183,11,109324.48,1
T2026040004720,2026-04-29,2026,4,Colombo,Western,Home,Coffee Maker,C02280,12,267664.51,1
T2026040004721,2026-04-29,2026,4,Jaffna,Northern,Home,Coffee Maker,C05045,1,18069.13,1
T2026040004722,2026-04-04,2026,4,Hambantota,Southern,Lifestyle,Water Bottle,C01370,13,135660.33,1
T2026040004723,2026-04-16,2026,4,Ratnapura,Sabaragamuwa,Outdoor,Cooler Box,C04470,4,66542.56,1
T2026040004724,2026-04-26,2026,4,Monaragala,Uva,Office,Laser Printer,C01470,9,285434.98,1
T2026040004725,2026-04-09,2026,4,Hambantota,Southern,Office,Document Scanner,C02977,9,279427.51,1
T2026040004726,2026-04-24,2026,4,Gampaha,Western,Electronics,Wireless Router,C01104,7,316254.53,1
T2026040004727,2026-04-27,2026,4,Galle,Southern,Home,Storage Set,C03652,4,82101.59,1
T2026040004728,2026-04-25,2026,4,Kurunegala,North Western,Office,Office Chair,C02029,8,231946.58,1
T2026040004729,2026-04-14,2026,4,Nuwara Eliya,Central,Electronics,Wireless Router,C01428,13,499336.25,1
T2026040004730,2026-04-23,2026,4,Colombo,Western,Home,Storage Set,C01900,5,113800.62,1
T2026040004731,2026-04-19,2026,4,Colombo,Western,Lifestyle,Water Bottle,C01354,5,63428.94,1
T2026040004732,2026-04-19,2026,4,Galle,Southern,Home,Air Purifier,C03799,12,251280.63,1
T2026040004733,2026-04-19,2026,4,Gampaha,Western,Accessories,Phone Stand,C02697,5,27453.95,1
T2026040004734,2026-04-12,2026,4,Gampaha,Western,Accessories,USB Cable,C02218,6,27392.77,1
T2026040004735,2026-04-28,2026,4,Gampaha,Western,Accessories,Mouse Pad,C04695,10,46176.36,1
T2026040004736,2026-04-24,2026,4,Vavuniya,Northern,Lifestyle,Desk Organizer,C04346,4,45710.66,1
T2026040004737,2026-04-23,2026,4,Colombo,Western,Electronics,Smart Display,C03129,4,185839.86,1
T2026040004738,2026-04-09,2026,4,Kalutara,Western,Home,Air Purifier,C04457,4,81977.93,1
T2026040004739,2026-04-16,2026,4,Gampaha,Western,Home,Air Purifier,C01907,6,144086.32,1
T2026040004740,2026-04-15,2026,4,Colombo,Western,Outdoor,Portable Fan,C02997,17,276853.39,1
T2026040004741,2026-04-14,2026,4,Galle,Southern,Home,Storage Set,C01037,11,221478.78,1
T2026040004742,2026-04-21,2026,4,Matara,Southern,Home,Storage Set,C02689,10,209800.87,1
T2026040004743,2026-04-26,2026,4,Galle,Southern,Office,Office Chair,C03535,3,102957.61,1
T2026040004744,2026-04-16,2026,4,Anuradhapura,North Central,Office,Office Chair,C02306,4,118540.55,1
T2026040004745,2026-04-28,2026,4,Matale,Central,Lifestyle,Desk Organizer,C03496,9,97635.52,1
T2026040004746,2026-04-03,2026,4,Gampaha,Western,Office,Monitor Stand,C04385,3,97881.21,1
T2026040004747,2026-04-28,2026,4,Colombo,Western,Home,Air Purifier,C04517,11,250102.08,1
T2026040004748,2026-04-22,2026,4,Nuwara Eliya,Central,Office,Document Scanner,C02137,3,93179.74,1
T2026040004749,2026-04-15,2026,4,Kurunegala,North Western,Electronics,Sound Bar,C01644,7,299931.96,1
T2026040004750,2026-04-13,2026,4,Ampara,Eastern,Lifestyle,Desk Organizer,C02873,9,109809.28,1
T2026040004751,2026-04-14,2026,4,Hambantota,Southern,Lifestyle,Travel Kit,C02298,14,142290.98,1
T2026040004752,2026-04-20,2026,4,Kandy,Central,Electronics,Sound Bar,C05026,2,73080.69,1
T2026040004753,2026-04-12,2026,4,Kandy,Central,Accessories,Phone Stand,C05019,4,19847.79,1
T2026040004754,2026-04-23,2026,4,Ampara,Eastern,Electronics,Sound Bar,C02273,5,196177.42,1
T2026040004755,2026-04-19,2026,4,Ratnapura,Sabaragamuwa,Home,Storage Set,C01804,8,153177.57,1
T2026040004756,2026-04-15,2026,4,Colombo,Western,Home,Storage Set,C01505,11,214279.06,1
T2026040004757,2026-04-17,2026,4,Nuwara Eliya,Central,Home,Coffee Maker,C01592,6,127444.44,1
T2026040004758,2026-04-30,2026,4,Ratnapura,Sabaragamuwa,Home,LED Lamp,C01033,10,202367.05,1
T2026040004759,2026-04-19,2026,4,Vavuniya,Northern,Lifestyle,Desk Organizer,C03198,3,33694.44,1
T2026040004760,2026-04-05,2026,4,Galle,Southern,Home,Storage Set,C03838,7,164723.41,1
T2026050004761,2026-05-27,2026,5,Kurunegala,North Western,Outdoor,Portable Fan,C01890,8,124258.22,1
T2026050004762,2026-05-19,2026,5,Kurunegala,North Western,Lifestyle,Fitness Band,C02074,5,56909.59,1
T2026050004763,2026-05-15,2026,5,Puttalam,North Western,Electronics,Wireless Router,C03621,7,303503.97,1
T2026050004764,2026-05-11,2026,5,Polonnaruwa,North Central,Electronics,Sound Bar,C04580,8,306074.26,1
T2026050004765,2026-05-20,2026,5,Kurunegala,North Western,Lifestyle,Fitness Band,C04011,5,53353.34,1
T2026050004766,2026-05-31,2026,5,Jaffna,Northern,Electronics,Sound Bar,C03987,14,598363.08,1
T2026050004767,2026-05-03,2026,5,Galle,Southern,Electronics,Smart Display,C03333,4,170737.97,1
T2026050004768,2026-05-14,2026,5,Galle,Southern,Lifestyle,Water Bottle,C02883,2,21269.19,1
T2026050004769,2026-05-22,2026,5,Colombo,Western,Accessories,Phone Stand,C01006,4,21609.27,1
T2026050004770,2026-05-06,2026,5,Ratnapura,Sabaragamuwa,Office,Laser Printer,C01547,1,32307.76,1
T2026050004771,2026-05-15,2026,5,Matara,Southern,Outdoor,Portable Fan,C02801,4,56574.57,1
T2026050004772,2026-05-12,2026,5,Kandy,Central,Outdoor,Cooler Box,C04075,6,88969.7,1
T2026050004773,2026-05-22,2026,5,Vavuniya,Northern,Office,Monitor Stand,C04323,12,374243.6,1
T2026050004774,2026-05-16,2026,5,Anuradhapura,North Central,Outdoor,Portable Fan,C05007,2,29961.7,1
T2026050004775,2026-05-24,2026,5,Kalutara,Western,Home,Storage Set,C03059,8,171504.77,1
T2026050004776,2026-05-23,2026,5,Kandy,Central,Lifestyle,Desk Organizer,C02975,9,100349.94,1
T2026050004777,2026-05-28,2026,5,Kegalle,Sabaragamuwa,Lifestyle,Fitness Band,C01477,4,43049.07,1
T2026050004778,2026-05-27,2026,5,Gampaha,Western,Office,Office Chair,C04461,12,354961.36,1
T2026050004779,2026-05-19,2026,5,Kegalle,Sabaragamuwa,Outdoor,Camping Light,C01268,5,75061.65,1
T2026050004780,2026-05-27,2026,5,Polonnaruwa,North Central,Outdoor,Portable Fan,C02001,5,88392.18,1
T2026050004781,2026-05-15,2026,5,Colombo,Western,Electronics,Smart Display,C01287,4,181408.85,1
T2026050004782,2026-05-24,2026,5,Kandy,Central,Lifestyle,Travel Kit,C03532,7,72095.73,1
T2026050004783,2026-05-04,2026,5,Kurunegala,North Western,Electronics,Smart Display,C03264,4,178726.69,1
T2026050004784,2026-05-05,2026,5,Ratnapura,Sabaragamuwa,Home,Air Purifier,C02795,3,73542.72,1
T2026050004785,2026-05-12,2026,5,Matale,Central,Accessories,Power Adapter,C02435,8,33089.12,1
T2026050004786,2026-05-28,2026,5,Ampara,Eastern,Electronics,Wireless Router,C03460,10,426185.44,1
T2026050004787,2026-05-19,2026,5,Ampara,Eastern,Home,LED Lamp,C03569,6,122897.65,1
T2026050004788,2026-05-18,2026,5,Colombo,Western,Office,Office Chair,C03023,7,218167.98,1
T2026050004789,2026-05-21,2026,5,Kegalle,Sabaragamuwa,Home,Storage Set,C01298,6,110921.65,1
T2026050004790,2026-05-25,2026,5,Vavuniya,Northern,Home,Air Purifier,C02655,14,302154.7,1
T2026050004791,2026-05-18,2026,5,Mannar,Northern,Outdoor,Portable Fan,C02785,7,108912.28,1
T2026050004792,2026-05-08,2026,5,Colombo,Western,Electronics,Sound Bar,C04338,4,182298.07,1
T2026050004793,2026-05-06,2026,5,Batticaloa,Eastern,Outdoor,Portable Fan,C01070,6,89471.85,1
T2026050004794,2026-05-30,2026,5,Kalutara,Western,Electronics,Smart Display,C03853,5,199726.51,1
T2026050004795,2026-05-27,2026,5,Gampaha,Western,Electronics,Smart Display,C01637,7,311146.63,1
T2026050004796,2026-05-03,2026,5,Matara,Southern,Lifestyle,Desk Organizer,C05042,8,93479.31,1
T2026050004797,2026-05-02,2026,5,Mannar,Northern,Electronics,Smart Display,C02866,13,563555.09,1
T2026050004798,2026-05-17,2026,5,Matale,Central,Lifestyle,Fitness Band,C03929,8,98019.11,1
T2026050004799,2026-05-13,2026,5,Trincomalee,Eastern,Electronics,Power Hub,C01107,6,258249.49,1
T2026050004800,2026-05-22,2026,5,Mullaitivu,Northern,Office,Monitor Stand,C04868,14,425907.36,1
T2026050004801,2026-05-10,2026,5,Kurunegala,North Western,Lifestyle,Travel Kit,C04317,8,87432.82,1
T2026050004802,2026-05-08,2026,5,Trincomalee,Eastern,Electronics,Wireless Router,C03592,7,307156.8,1
T2026050004803,2026-05-28,2026,5,Matara,Southern,Home,Coffee Maker,C02198,5,104487.54,1
T2026050004804,2026-05-31,2026,5,Vavuniya,Northern,Electronics,Smart Display,C03993,3,148591.13,1
T2026050004805,2026-05-18,2026,5,Matale,Central,Lifestyle,Travel Kit,C02903,12,118761.68,1
T2026050004806,2026-05-21,2026,5,Matara,Southern,Office,Document Scanner,C01304,6,184086.64,1
T2026050004807,2026-05-03,2026,5,Colombo,Western,Office,Office Chair,C02717,12,355517.18,1
T2026050004808,2026-05-17,2026,5,Nuwara Eliya,Central,Electronics,Power Hub,C03622,14,524009.23,1
T2026050004809,2026-05-23,2026,5,Kurunegala,North Western,Accessories,Mouse Pad,C02661,5,21188.56,1
T2026050004810,2026-05-09,2026,5,Vavuniya,Northern,Home,Coffee Maker,C02134,10,208048.65,1
T2026050004811,2026-05-28,2026,5,Colombo,Western,Outdoor,Foldable Chair,C04855,7,129143.1,1
T2026050004812,2026-05-26,2026,5,Galle,Southern,Lifestyle,Fitness Band,C02660,4,42746.88,1
T2026050004813,2026-05-23,2026,5,Hambantota,Southern,Home,Storage Set,C02317,14,288978.52,1
T2026050004814,2026-05-14,2026,5,Vavuniya,Northern,Lifestyle,Water Bottle,C04944,10,104674.1,1
T2026050004815,2026-05-16,2026,5,Batticaloa,Eastern,Electronics,Wireless Router,C03287,8,331168.21,1
T2026050004816,2026-05-26,2026,5,Matara,Southern,Electronics,Sound Bar,C02007,8,292721.78,1
T2026050004817,2026-05-05,2026,5,Ratnapura,Sabaragamuwa,Electronics,Sound Bar,C02827,7,296592.26,1
T2026050004818,2026-05-30,2026,5,Kalutara,Western,Home,Coffee Maker,C01777,7,139944.09,1
T2026050004819,2026-05-18,2026,5,Kandy,Central,Outdoor,Cooler Box,C03608,13,229856.44,1
T2026050004820,2026-05-12,2026,5,Colombo,Western,Outdoor,Camping Light,C02903,6,90399.23,1
T2026050004821,2026-05-22,2026,5,Jaffna,Northern,Lifestyle,Travel Kit,C03674,5,57049.2,1
T2026050004822,2026-05-15,2026,5,Kegalle,Sabaragamuwa,Lifestyle,Desk Organizer,C03952,3,33955.7,1
T2026050004823,2026-05-07,2026,5,Vavuniya,Northern,Lifestyle,Travel Kit,C01757,4,46869.51,1
T2026050004824,2026-05-13,2026,5,Colombo,Western,Home,Storage Set,C03571,5,111226.08,1
T2026050004825,2026-05-01,2026,5,Matara,Southern,Electronics,Sound Bar,C02728,8,338804.73,1
T2026050004826,2026-05-15,2026,5,Matara,Southern,Lifestyle,Water Bottle,C04237,14,158174.07,1
T2026050004827,2026-05-28,2026,5,Kalutara,Western,Home,LED Lamp,C01135,8,169145.64,1
T2026050004828,2026-05-08,2026,5,Hambantota,Southern,Outdoor,Cooler Box,C01117,14,230955.93,1
T2026050004829,2026-05-10,2026,5,Matale,Central,Electronics,Wireless Router,C05093,8,334324.39,1
T2026050004830,2026-05-08,2026,5,Anuradhapura,North Central,Home,LED Lamp,C01284,14,274432.07,1
T2026050004831,2026-05-06,2026,5,Galle,Southern,Electronics,Power Hub,C04536,16,694070.81,1
T2026050004832,2026-05-10,2026,5,Kandy,Central,Outdoor,Foldable Chair,C01593,10,162551.0,1
T2026050004833,2026-05-06,2026,5,Matara,Southern,Accessories,Mouse Pad,C02248,13,61907.07,1
T2026050004834,2026-05-02,2026,5,Batticaloa,Eastern,Lifestyle,Desk Organizer,C01654,6,72322.83,1
T2026050004835,2026-05-28,2026,5,Kurunegala,North Western,Office,Laser Printer,C02497,6,163892.11,1
T2026050004836,2026-05-20,2026,5,Mullaitivu,Northern,Office,Document Scanner,C03146,9,249297.12,1
T2026050004837,2026-05-29,2026,5,Gampaha,Western,Outdoor,Portable Fan,C02099,5,77702.48,1
T2026050004838,2026-05-16,2026,5,Matara,Southern,Office,Monitor Stand,C03617,12,355856.63,1
T2026050004839,2026-05-30,2026,5,Monaragala,Uva,Lifestyle,Fitness Band,C02456,9,93611.4,1
T2026050004840,2026-05-24,2026,5,Puttalam,North Western,Lifestyle,Water Bottle,C03180,5,58523.08,1
T2026050004841,2026-05-25,2026,5,Colombo,Western,Electronics,Smart Display,C04802,4,187399.46,1
T2026050004842,2026-05-21,2026,5,Kalutara,Western,Office,Laser Printer,C03835,14,384683.44,1
T2026050004843,2026-05-30,2026,5,Matara,Southern,Electronics,Wireless Router,C02917,4,159846.05,1
T2026050004844,2026-05-12,2026,5,Jaffna,Northern,Electronics,Power Hub,C03596,5,223707.11,1
T2026050004845,2026-05-25,2026,5,Mannar,Northern,Outdoor,Cooler Box,C03398,10,154690.21,1
T2026050004846,2026-05-26,2026,5,Anuradhapura,North Central,Electronics,Smart Display,C03921,9,338336.86,1
T2026050004847,2026-05-28,2026,5,Polonnaruwa,North Central,Office,Office Chair,C01907,6,188786.38,1
T2026050004848,2026-05-06,2026,5,Gampaha,Western,Outdoor,Portable Fan,C04524,5,74880.73,1
T2026050004849,2026-05-09,2026,5,Puttalam,North Western,Lifestyle,Travel Kit,C02114,10,114974.91,1
T2026050004850,2026-05-27,2026,5,Badulla,Uva,Home,Air Purifier,C03024,15,352520.36,1
T2026050004851,2026-05-20,2026,5,Colombo,Western,Outdoor,Portable Fan,C03053,6,93120.04,1
T2026050004852,2026-05-02,2026,5,Mannar,Northern,Lifestyle,Water Bottle,C03423,10,123099.16,1
T2026050004853,2026-05-20,2026,5,Hambantota,Southern,Home,Coffee Maker,C02725,8,151394.61,1
T2026050004854,2026-05-08,2026,5,Kurunegala,North Western,Office,Laser Printer,C02566,16,502515.36,1
T2026050004855,2026-05-27,2026,5,Anuradhapura,North Central,Home,Storage Set,C03014,3,61761.48,1
T2026050004856,2026-05-30,2026,5,Matale,Central,Electronics,Smart Display,C03232,9,439504.02,1
T2026050004857,2026-05-18,2026,5,Nuwara Eliya,Central,Electronics,Wireless Router,C01966,3,114214.27,1
T2026050004858,2026-05-09,2026,5,Kalutara,Western,Electronics,Smart Display,C04960,5,220686.84,1
T2026050004859,2026-05-16,2026,5,Vavuniya,Northern,Office,Document Scanner,C02023,14,485858.02,1
T2026050004860,2026-05-17,2026,5,Colombo,Western,Office,Monitor Stand,C04232,9,289970.33,1
T2026050004861,2026-05-25,2026,5,Monaragala,Uva,Lifestyle,Water Bottle,C04988,4,42547.73,1
T2026050004862,2026-05-05,2026,5,Mullaitivu,Northern,Home,Air Purifier,C04625,4,89467.04,1
T2026050004863,2026-05-04,2026,5,Puttalam,North Western,Outdoor,Portable Fan,C03158,4,62000.99,1
T2026050004864,2026-05-12,2026,5,Colombo,Western,Lifestyle,Travel Kit,C02261,12,120116.54,1
T2026050004865,2026-05-10,2026,5,Trincomalee,Eastern,Lifestyle,Water Bottle,C01039,4,42094.52,1
T2026050004866,2026-05-16,2026,5,Gampaha,Western,Electronics,Power Hub,C03692,15,610360.54,1
T2026050004867,2026-05-22,2026,5,Matara,Southern,Home,Air Purifier,C02778,10,214809.44,1
T2026050004868,2026-05-09,2026,5,Hambantota,Southern,Electronics,Wireless Router,C02225,11,466359.12,1
T2026050004869,2026-05-20,2026,5,Nuwara Eliya,Central,Lifestyle,Water Bottle,C02284,11,135818.72,1
T2026050004870,2026-05-08,2026,5,Kurunegala,North Western,Electronics,Sound Bar,C03932,8,299208.55,1
T2026050004871,2026-05-06,2026,5,Colombo,Western,Office,Monitor Stand,C02542,8,255443.59,1
T2026050004872,2026-05-03,2026,5,Badulla,Uva,Home,Air Purifier,C01762,5,116493.09,1
T2026050004873,2026-05-24,2026,5,Anuradhapura,North Central,Home,Coffee Maker,C03231,7,149535.01,1
T2026050004874,2026-05-15,2026,5,Polonnaruwa,North Central,Electronics,Smart Display,C04417,7,314701.02,1
T2026050004875,2026-05-31,2026,5,Anuradhapura,North Central,Home,Coffee Maker,C04927,6,133152.23,1
T2026050004876,2026-05-01,2026,5,Puttalam,North Western,Electronics,Sound Bar,C03055,5,190100.07,1
T2026050004877,2026-05-17,2026,5,Kilinochchi,Northern,Outdoor,Camping Light,C01420,12,178775.09,1
T2026050004878,2026-05-20,2026,5,Kurunegala,North Western,Lifestyle,Water Bottle,C04517,9,112122.65,1
T2026050004879,2026-05-29,2026,5,Hambantota,Southern,Office,Office Chair,C01853,9,276084.49,1
T2026050004880,2026-05-31,2026,5,Matara,Southern,Lifestyle,Fitness Band,C04477,13,144522.77,1
T2026050004881,2026-05-08,2026,5,Matale,Central,Lifestyle,Travel Kit,C04361,5,52033.14,1
T2026050004882,2026-05-15,2026,5,Kandy,Central,Outdoor,Portable Fan,C04438,14,208884.07,1
T2026050004883,2026-05-18,2026,5,Galle,Southern,Outdoor,Cooler Box,C01547,15,246640.63,1
T2026050004884,2026-05-30,2026,5,Polonnaruwa,North Central,Electronics,Power Hub,C04007,9,335435.97,1
T2026050004885,2026-05-04,2026,5,Colombo,Western,Outdoor,Camping Light,C03394,10,152418.79,1
T2026050004886,2026-05-23,2026,5,Puttalam,North Western,Outdoor,Cooler Box,C04811,4,67449.15,1
T2026050004887,2026-05-17,2026,5,Kalutara,Western,Accessories,Phone Stand,C02016,5,23706.82,1
T2026050004888,2026-05-09,2026,5,Colombo,Western,Outdoor,Portable Fan,C03093,7,130975.83,1
T2026050004889,2026-05-24,2026,5,Kandy,Central,Home,Air Purifier,C01485,10,196213.46,1
T2026050004890,2026-05-02,2026,5,Galle,Southern,Electronics,Sound Bar,C02008,10,410154.65,1
T2026050004891,2026-05-19,2026,5,Matara,Southern,Accessories,Mouse Pad,C02302,6,30450.1,1
T2026050004892,2026-05-05,2026,5,Kurunegala,North Western,Lifestyle,Water Bottle,C03503,7,72970.29,1
T2026050004893,2026-05-29,2026,5,Kandy,Central,Lifestyle,Desk Organizer,C02223,12,116125.11,1
T2026050004894,2026-05-21,2026,5,Hambantota,Southern,Electronics,Power Hub,C04342,11,438564.72,1
T2026050004895,2026-05-31,2026,5,Matara,Southern,Accessories,Mouse Pad,C02994,9,48239.51,1
T2026050004896,2026-05-21,2026,5,Anuradhapura,North Central,Home,LED Lamp,C03905,10,185956.26,1
T2026050004897,2026-05-07,2026,5,Trincomalee,Eastern,Lifestyle,Fitness Band,C03653,10,102362.58,1
T2026050004898,2026-05-02,2026,5,Hambantota,Southern,Accessories,USB Cable,C03107,15,64893.67,1
T2026050004899,2026-05-07,2026,5,Ratnapura,Sabaragamuwa,Electronics,Wireless Router,C01991,13,517660.56,1
T2026050004900,2026-05-25,2026,5,Polonnaruwa,North Central,Lifestyle,Travel Kit,C04935,17,188693.94,1
T2026050004901,2026-05-15,2026,5,Badulla,Uva,Lifestyle,Desk Organizer,C01841,6,70335.48,1
T2026050004902,2026-05-23,2026,5,Colombo,Western,Outdoor,Foldable Chair,C02462,7,112024.58,1
T2026050004903,2026-05-16,2026,5,Monaragala,Uva,Office,Office Chair,C01825,13,389861.66,1
T2026050004904,2026-05-05,2026,5,Gampaha,Western,Outdoor,Portable Fan,C01284,10,164341.41,1
T2026050004905,2026-05-11,2026,5,Galle,Southern,Accessories,Phone Stand,C01547,7,37018.65,1
T2026050004906,2026-05-27,2026,5,Badulla,Uva,Electronics,Power Hub,C01444,5,209861.67,1
T2026050004907,2026-05-20,2026,5,Gampaha,Western,Office,Office Chair,C04571,2,69171.54,1
T2026050004908,2026-05-22,2026,5,Matale,Central,Outdoor,Foldable Chair,C01269,11,178733.52,1
T2026050004909,2026-05-03,2026,5,Kandy,Central,Electronics,Power Hub,C02855,12,474567.23,1
T2026050004910,2026-05-14,2026,5,Anuradhapura,North Central,Office,Document Scanner,C04597,6,185859.69,1
T2026050004911,2026-05-06,2026,5,Nuwara Eliya,Central,Office,Office Chair,C03276,8,252967.82,1
T2026050004912,2026-05-23,2026,5,Kegalle,Sabaragamuwa,Home,Coffee Maker,C02833,4,90729.48,1
T2026050004913,2026-05-18,2026,5,Monaragala,Uva,Lifestyle,Fitness Band,C03996,13,129536.74,1
T2026050004914,2026-05-04,2026,5,Colombo,Western,Home,LED Lamp,C02531,4,89930.21,1
T2026050004915,2026-05-12,2026,5,Polonnaruwa,North Central,Outdoor,Portable Fan,C03430,5,76826.11,1
T2026050004916,2026-05-24,2026,5,Gampaha,Western,Electronics,Power Hub,C01092,5,203085.7,1
T2026050004917,2026-05-02,2026,5,Colombo,Western,Accessories,Phone Stand,C04060,8,39601.07,1
T2026050004918,2026-05-30,2026,5,Matale,Central,Electronics,Sound Bar,C03816,9,360446.9,1
T2026050004919,2026-05-20,2026,5,Mullaitivu,Northern,Office,Monitor Stand,C04254,4,122264.08,1
T2026050004920,2026-05-22,2026,5,Matara,Southern,Electronics,Sound Bar,C03743,5,197206.33,1
T2026050004921,2026-05-03,2026,5,Anuradhapura,North Central,Accessories,Mouse Pad,C03976,12,50783.76,1
T2026050004922,2026-05-15,2026,5,Kandy,Central,Home,Air Purifier,C02415,11,232708.7,1
T2026050004923,2026-05-20,2026,5,Anuradhapura,North Central,Home,Air Purifier,C01542,16,354215.66,1
T2026050004924,2026-05-13,2026,5,Gampaha,Western,Accessories,Mouse Pad,C01731,5,23921.3,1
T2026050004925,2026-05-08,2026,5,Gampaha,Western,Office,Document Scanner,C03748,4,118695.09,1
T2026050004926,2026-05-01,2026,5,Monaragala,Uva,Outdoor,Camping Light,C01777,3,50214.84,1
T2026050004927,2026-05-02,2026,5,Kalutara,Western,Office,Laser Printer,C03233,10,316306.28,1
T2026050004928,2026-05-26,2026,5,Kandy,Central,Outdoor,Foldable Chair,C01979,4,65124.16,1
T2026050004929,2026-05-24,2026,5,Hambantota,Southern,Accessories,Phone Stand,C01068,1,5138.73,1
T2026050004930,2026-05-28,2026,5,Jaffna,Northern,Outdoor,Camping Light,C03701,9,165687.22,1
T2026060004931,2026-06-10,2026,6,Kilinochchi,Northern,Home,LED Lamp,C02775,10,207930.91,1
T2026060004932,2026-06-13,2026,6,Mannar,Northern,Office,Laser Printer,C03778,15,524568.31,1
T2026060004933,2026-06-21,2026,6,Ratnapura,Sabaragamuwa,Lifestyle,Desk Organizer,C01312,4,44022.14,1
T2026060004934,2026-06-14,2026,6,Kegalle,Sabaragamuwa,Electronics,Power Hub,C03486,2,84279.68,1
T2026060004935,2026-06-15,2026,6,Gampaha,Western,Accessories,Power Adapter,C04524,11,61973.11,1
T2026060004936,2026-06-13,2026,6,Jaffna,Northern,Electronics,Wireless Router,C02558,10,400488.31,1
T2026060004937,2026-06-20,2026,6,Batticaloa,Eastern,Outdoor,Foldable Chair,C03630,3,49590.3,1
T2026060004938,2026-06-03,2026,6,Polonnaruwa,North Central,Electronics,Sound Bar,C02836,10,411938.74,1
T2026060004939,2026-06-23,2026,6,Galle,Southern,Accessories,Power Adapter,C05059,13,59642.36,1
T2026060004940,2026-06-01,2026,6,Galle,Southern,Lifestyle,Fitness Band,C02730,5,60553.68,1
T2026060004941,2026-06-21,2026,6,Polonnaruwa,North Central,Home,Storage Set,C03382,3,66099.96,1
T2026060004942,2026-06-26,2026,6,Jaffna,Northern,Electronics,Wireless Router,C02557,13,617081.7,1
T2026060004943,2026-06-13,2026,6,Colombo,Western,Accessories,Power Adapter,C05008,5,28098.84,1
T2026060004944,2026-06-16,2026,6,Gampaha,Western,Electronics,Wireless Router,C03975,5,237910.72,1
T2026060004945,2026-06-19,2026,6,Jaffna,Northern,Electronics,Wireless Router,C02640,5,247946.04,1
T2026060004946,2026-06-22,2026,6,Jaffna,Northern,Home,Coffee Maker,C02154,9,203124.28,1
T2026060004947,2026-06-01,2026,6,Mannar,Northern,Accessories,USB Cable,C02409,6,29247.11,1
T2026060004948,2026-06-15,2026,6,Batticaloa,Eastern,Electronics,Power Hub,C02164,6,249313.95,1
T2026060004949,2026-06-11,2026,6,Matara,Southern,Home,LED Lamp,C04851,4,80778.61,1
T2026060004950,2026-06-21,2026,6,Kalutara,Western,Office,Monitor Stand,C03779,16,591842.24,1
T2026060004951,2026-06-03,2026,6,Gampaha,Western,Accessories,Phone Stand,C01146,12,65036.87,1
T2026060004952,2026-06-05,2026,6,Matara,Southern,Lifestyle,Water Bottle,C01146,10,116978.07,1
T2026060004953,2026-06-09,2026,6,Matale,Central,Lifestyle,Water Bottle,C02750,3,38711.34,1
T2026060004954,2026-06-06,2026,6,Trincomalee,Eastern,Office,Laser Printer,C02778,14,507446.59,1
T2026060004955,2026-06-28,2026,6,Anuradhapura,North Central,Lifestyle,Desk Organizer,C04840,8,84215.73,1
T2026060004956,2026-06-16,2026,6,Matara,Southern,Lifestyle,Water Bottle,C04856,9,101795.73,1
T2026060004957,2026-06-01,2026,6,Kurunegala,North Western,Electronics,Smart Display,C03419,8,381027.67,1
T2026060004958,2026-06-01,2026,6,Kurunegala,North Western,Outdoor,Cooler Box,C04230,11,191793.97,1
T2026060004959,2026-06-07,2026,6,Hambantota,Southern,Lifestyle,Water Bottle,C02817,12,150695.04,1
T2026060004960,2026-06-05,2026,6,Gampaha,Western,Home,LED Lamp,C02063,5,110007.9,1
T2026060004961,2026-06-09,2026,6,Hambantota,Southern,Outdoor,Portable Fan,C04738,6,110866.4,1
T2026060004962,2026-06-03,2026,6,Gampaha,Western,Electronics,Wireless Router,C02530,3,142135.55,1
T2026060004963,2026-06-07,2026,6,Matale,Central,Accessories,Phone Stand,C04101,7,35642.09,1
T2026060004964,2026-06-26,2026,6,Kurunegala,North Western,Lifestyle,Water Bottle,C02445,11,138455.36,1
T2026060004965,2026-06-22,2026,6,Hambantota,Southern,Accessories,Phone Stand,C04019,7,35730.74,1
T2026060004966,2026-06-22,2026,6,Kurunegala,North Western,Electronics,Power Hub,C03003,8,360782.79,1
T2026060004967,2026-06-10,2026,6,Gampaha,Western,Office,Office Chair,C03599,6,217925.04,1
T2026060004968,2026-06-17,2026,6,Mullaitivu,Northern,Home,Storage Set,C04705,9,173969.0,1
T2026060004969,2026-06-28,2026,6,Jaffna,Northern,Lifestyle,Desk Organizer,C01643,4,45940.88,1
T2026060004970,2026-06-23,2026,6,Kurunegala,North Western,Outdoor,Foldable Chair,C02107,15,225044.08,1
T2026060004971,2026-06-21,2026,6,Nuwara Eliya,Central,Lifestyle,Travel Kit,C03722,2,23946.15,1
T2026060004972,2026-06-13,2026,6,Kalutara,Western,Lifestyle,Desk Organizer,C02128,9,101837.9,1
T2026060004973,2026-06-22,2026,6,Galle,Southern,Outdoor,Foldable Chair,C05043,7,107700.69,1
T2026060004974,2026-06-02,2026,6,Mannar,Northern,Office,Office Chair,C01167,8,284493.63,1
T2026060004975,2026-06-17,2026,6,Puttalam,North Western,Electronics,Wireless Router,C02458,11,479984.73,1
T2026060004976,2026-06-16,2026,6,Colombo,Western,Electronics,Smart Display,C03637,5,233858.99,1
T2026060004977,2026-06-15,2026,6,Badulla,Uva,Outdoor,Camping Light,C04257,3,55698.81,1
T2026060004978,2026-06-17,2026,6,Ampara,Eastern,Electronics,Wireless Router,C03893,9,434279.74,1
T2026060004979,2026-06-14,2026,6,Gampaha,Western,Electronics,Wireless Router,C04229,6,269178.24,1
T2026060004980,2026-06-04,2026,6,Matale,Central,Lifestyle,Fitness Band,C03829,7,85862.52,1
T2026060004981,2026-06-07,2026,6,Kurunegala,North Western,Electronics,Sound Bar,C03098,10,422534.65,1
T2026060004982,2026-06-16,2026,6,Ratnapura,Sabaragamuwa,Lifestyle,Desk Organizer,C04966,6,68315.25,1
T2026060004983,2026-06-11,2026,6,Galle,Southern,Outdoor,Foldable Chair,C04950,2,36886.93,1
T2026060004984,2026-06-09,2026,6,Matale,Central,Office,Document Scanner,C01755,1,37571.61,1
T2026060004985,2026-06-26,2026,6,Batticaloa,Eastern,Office,Office Chair,C01245,6,208552.16,1
T2026060004986,2026-06-13,2026,6,Mullaitivu,Northern,Lifestyle,Water Bottle,C04231,13,162275.0,1
T2026060004987,2026-06-05,2026,6,Puttalam,North Western,Outdoor,Foldable Chair,C04888,11,212786.66,1
T2026060004988,2026-06-25,2026,6,Hambantota,Southern,Outdoor,Cooler Box,C03375,4,63939.82,1
T2026060004989,2026-06-05,2026,6,Ampara,Eastern,Home,Air Purifier,C02787,5,105625.38,1
T2026060004990,2026-06-18,2026,6,Galle,Southern,Electronics,Wireless Router,C03670,6,274217.22,1
T2026060004991,2026-06-18,2026,6,Hambantota,Southern,Home,Air Purifier,C04888,10,246061.77,1
T2026060004992,2026-06-27,2026,6,Kalutara,Western,Office,Monitor Stand,C04779,6,215648.82,1
T2026060004993,2026-06-22,2026,6,Kurunegala,North Western,Accessories,USB Cable,C02503,6,27546.32,1
T2026060004994,2026-06-25,2026,6,Kalutara,Western,Home,LED Lamp,C01880,8,163820.68,1
T2026060004995,2026-06-19,2026,6,Nuwara Eliya,Central,Office,Monitor Stand,C02827,12,360920.64,1
T2026060004996,2026-06-29,2026,6,Colombo,Western,Office,Monitor Stand,C04222,16,533203.09,1
T2026060004997,2026-06-23,2026,6,Colombo,Western,Home,Storage Set,C02189,13,330326.65,1
T2026060004998,2026-06-15,2026,6,Galle,Southern,Electronics,Wireless Router,C01463,7,346120.83,1
T2026060004999,2026-06-07,2026,6,Badulla,Uva,Outdoor,Camping Light,C01741,10,169282.64,1
T2026060005000,2026-06-20,2026,6,Badulla,Uva,Office,Document Scanner,C03019,6,214952.09,1
T2026060005001,2026-06-15,2026,6,Ratnapura,Sabaragamuwa,Accessories,Power Adapter,C04216,7,37284.38,1
T2026060005002,2026-06-03,2026,6,Galle,Southern,Lifestyle,Fitness Band,C04885,16,188459.1,1
T2026060005003,2026-06-10,2026,6,Galle,Southern,Outdoor,Camping Light,C03668,9,141694.3,1
T2026060005004,2026-06-25,2026,6,Colombo,Western,Office,Office Chair,C02777,9,286230.22,1
T2026060005005,2026-06-14,2026,6,Galle,Southern,Lifestyle,Desk Organizer,C03145,2,21127.16,1
T2026060005006,2026-06-12,2026,6,Kurunegala,North Western,Outdoor,Foldable Chair,C01621,7,111040.52,1
T2026060005007,2026-06-23,2026,6,Kurunegala,North Western,Accessories,Power Adapter,C02416,8,37691.56,1
T2026060005008,2026-06-14,2026,6,Nuwara Eliya,Central,Home,Air Purifier,C04875,9,233647.65,1
T2026060005009,2026-06-12,2026,6,Mannar,Northern,Electronics,Sound Bar,C04020,12,554745.45,1
T2026060005010,2026-06-01,2026,6,Mannar,Northern,Office,Document Scanner,C02598,11,343411.04,1
T2026060005011,2026-06-26,2026,6,Kilinochchi,Northern,Outdoor,Cooler Box,C02826,5,89921.73,1
T2026060005012,2026-06-12,2026,6,Polonnaruwa,North Central,Lifestyle,Desk Organizer,C01851,10,105489.31,1
T2026060005013,2026-06-17,2026,6,Ampara,Eastern,Home,LED Lamp,C04364,9,213428.52,1
T2026060005014,2026-06-02,2026,6,Kandy,Central,Home,Coffee Maker,C03630,7,137997.81,1
T2026060005015,2026-06-24,2026,6,Kandy,Central,Outdoor,Camping Light,C03896,9,161130.65,1
T2026060005016,2026-06-27,2026,6,Ratnapura,Sabaragamuwa,Lifestyle,Desk Organizer,C03544,14,166399.13,1
T2026060005017,2026-06-11,2026,6,Kurunegala,North Western,Home,Air Purifier,C01099,7,144828.69,1
T2026060005018,2026-06-20,2026,6,Monaragala,Uva,Lifestyle,Desk Organizer,C04986,7,91888.8,1
T2026060005019,2026-06-18,2026,6,Jaffna,Northern,Electronics,Sound Bar,C04659,11,502101.02,1
T2026060005020,2026-06-25,2026,6,Galle,Southern,Outdoor,Foldable Chair,C04184,5,95510.66,1
T2026060005021,2026-06-08,2026,6,Matale,Central,Lifestyle,Water Bottle,C04346,4,47943.84,1
T2026060005022,2026-06-17,2026,6,Gampaha,Western,Outdoor,Portable Fan,C02395,3,58293.67,1
T2026060005023,2026-06-18,2026,6,Colombo,Western,Electronics,Wireless Router,C02694,12,548436.92,1
T2026060005024,2026-06-20,2026,6,Kegalle,Sabaragamuwa,Electronics,Sound Bar,C01945,5,219788.68,1
T2026060005025,2026-06-20,2026,6,Kandy,Central,Electronics,Power Hub,C01217,7,320935.36,1
T2026060005026,2026-06-19,2026,6,Matara,Southern,Office,Monitor Stand,C03912,7,216083.17,1
T2026060005027,2026-06-20,2026,6,Galle,Southern,Lifestyle,Water Bottle,C01941,8,94069.7,1
T2026060005028,2026-06-12,2026,6,Hambantota,Southern,Office,Document Scanner,C04571,4,125241.21,1
T2026060005029,2026-06-29,2026,6,Jaffna,Northern,Lifestyle,Water Bottle,C03838,9,107249.94,1
T2026060005030,2026-06-09,2026,6,Kandy,Central,Outdoor,Foldable Chair,C03150,14,248245.76,1
T2026060005031,2026-06-11,2026,6,Colombo,Western,Lifestyle,Water Bottle,C02484,7,83735.9,1
T2026060005032,2026-06-05,2026,6,Kandy,Central,Lifestyle,Travel Kit,C01651,4,44388.02,1
T2026060005033,2026-06-30,2026,6,Matara,Southern,Home,Air Purifier,C01667,8,183407.77,1
T2026060005034,2026-06-24,2026,6,Hambantota,Southern,Home,LED Lamp,C02040,4,94679.83,1
T2026060005035,2026-06-10,2026,6,Ratnapura,Sabaragamuwa,Home,Air Purifier,C03619,6,132374.61,1
T2026060005036,2026-06-11,2026,6,Galle,Southern,Lifestyle,Water Bottle,C01266,10,109045.57,1
T2026060005037,2026-06-05,2026,6,Kandy,Central,Accessories,Power Adapter,C04349,12,63152.72,1
T2026060005038,2026-06-29,2026,6,Gampaha,Western,Electronics,Sound Bar,C03024,13,616886.89,1
T2026060005039,2026-06-20,2026,6,Nuwara Eliya,Central,Electronics,Sound Bar,C04019,14,565441.0,1
T2026060005040,2026-06-17,2026,6,Trincomalee,Eastern,Electronics,Power Hub,C02282,4,175864.75,1
T2026060005041,2026-06-25,2026,6,Galle,Southern,Electronics,Power Hub,C05005,8,346518.88,1
T2026060005042,2026-06-15,2026,6,Ampara,Eastern,Lifestyle,Desk Organizer,C02560,12,145013.88,1
T2026060005043,2026-06-28,2026,6,Mullaitivu,Northern,Lifestyle,Travel Kit,C03026,6,71863.05,1
T2026060005044,2026-06-30,2026,6,Vavuniya,Northern,Office,Document Scanner,C03670,5,154016.58,1
T2026060005045,2026-06-15,2026,6,Trincomalee,Eastern,Home,Coffee Maker,C01380,9,209034.25,1
T2026060005046,2026-06-01,2026,6,Ratnapura,Sabaragamuwa,Accessories,USB Cable,C01670,14,74002.88,1
T2026060005047,2026-06-15,2026,6,Trincomalee,Eastern,Electronics,Wireless Router,C02211,7,294051.53,1
T2026060005048,2026-06-24,2026,6,Kandy,Central,Home,Coffee Maker,C01643,6,139147.15,1
T2026060005049,2026-06-09,2026,6,Matara,Southern,Home,Storage Set,C02349,11,244870.51,1
T2026060005050,2026-06-17,2026,6,Kurunegala,North Western,Office,Document Scanner,C01281,9,282181.67,1
T2026060005051,2026-06-12,2026,6,Nuwara Eliya,Central,Home,LED Lamp,C01019,4,83335.97,1
T2026060005052,2026-06-02,2026,6,Batticaloa,Eastern,Electronics,Sound Bar,C04039,10,481564.53,1
T2026060005053,2026-06-20,2026,6,Nuwara Eliya,Central,Outdoor,Camping Light,C04349,6,97413.8,1
T2026060005054,2026-06-26,2026,6,Kilinochchi,Northern,Home,LED Lamp,C04686,2,48203.53,1
T2026060005055,2026-06-15,2026,6,Polonnaruwa,North Central,Lifestyle,Water Bottle,C02839,8,102909.91,1
T2026060005056,2026-06-03,2026,6,Gampaha,Western,Accessories,Phone Stand,C03541,4,19422.27,1
T2026060005057,2026-06-27,2026,6,Colombo,Western,Accessories,Phone Stand,C01290,14,72330.43,1
T2026060005058,2026-06-25,2026,6,Colombo,Western,Lifestyle,Travel Kit,C04483,14,177768.62,1
T2026060005059,2026-06-11,2026,6,Matara,Southern,Electronics,Power Hub,C04487,9,352526.55,1
T2026060005060,2026-06-15,2026,6,Hambantota,Southern,Home,Coffee Maker,C03915,11,260124.3,1
T2026060005061,2026-06-16,2026,6,Matale,Central,Outdoor,Foldable Chair,C04621,13,212808.23,1
T2026060005062,2026-06-21,2026,6,Matale,Central,Electronics,Smart Display,C01212,7,316429.16,1
T2026060005063,2026-06-17,2026,6,Jaffna,Northern,Electronics,Wireless Router,C04969,5,210707.04,1
T2026060005064,2026-06-10,2026,6,Batticaloa,Eastern,Electronics,Smart Display,C02253,14,589280.46,1
T2026060005065,2026-06-19,2026,6,Colombo,Western,Electronics,Power Hub,C03482,5,230826.22,1
T2026060005066,2026-06-11,2026,6,Jaffna,Northern,Electronics,Smart Display,C01705,9,426408.72,1
T2026060005067,2026-06-15,2026,6,Colombo,Western,Office,Laser Printer,C03257,9,309573.54,1
T2026060005068,2026-06-02,2026,6,Colombo,Western,Outdoor,Foldable Chair,C03465,14,254504.92,1
T2026060005069,2026-06-30,2026,6,Gampaha,Western,Lifestyle,Desk Organizer,C01305,9,105901.25,1
T2026060005070,2026-06-30,2026,6,Batticaloa,Eastern,Home,Coffee Maker,C01334,9,210751.4,1
T2026060005071,2026-06-05,2026,6,Kalutara,Western,Electronics,Wireless Router,C04992,12,509917.42,1
T2026060005072,2026-06-02,2026,6,Puttalam,North Western,Accessories,USB Cable,C04970,7,33577.33,1
T2026060005073,2026-06-09,2026,6,Colombo,Western,Outdoor,Foldable Chair,C02508,5,86842.0,1
T2026060005074,2026-06-22,2026,6,Batticaloa,Eastern,Office,Document Scanner,C03030,8,292039.52,1
T2026060005075,2026-06-23,2026,6,Kandy,Central,Electronics,Smart Display,C03239,15,727969.54,1
T2026060005076,2026-06-21,2026,6,Badulla,Uva,Lifestyle,Desk Organizer,C05062,4,45758.72,1
T2026060005077,2026-06-02,2026,6,Colombo,Western,Lifestyle,Fitness Band,C04585,8,96211.19,1
T2026060005078,2026-06-29,2026,6,Kalutara,Western,Lifestyle,Fitness Band,C01948,6,66431.07,1
T2026060005079,2026-06-28,2026,6,Monaragala,Uva,Electronics,Smart Display,C02883,8,340963.02,1
T2026060005080,2026-06-02,2026,6,Gampaha,Western,Electronics,Smart Display,C03989,3,137534.72,1
T2026060005081,2026-06-15,2026,6,Ratnapura,Sabaragamuwa,Home,LED Lamp,C04029,4,83217.92,1
T2026060005082,2026-06-19,2026,6,Kandy,Central,Electronics,Power Hub,C04297,7,306689.7,1
T2026060005083,2026-06-26,2026,6,Puttalam,North Western,Accessories,Power Adapter,C05082,10,52010.63,1
T2026060005084,2026-06-04,2026,6,Hambantota,Southern,Home,Air Purifier,C04698,7,158780.09,1
T2026060005085,2026-06-30,2026,6,Colombo,Western,Home,Storage Set,C01771,6,152507.46,1
T2026060005086,2026-06-27,2026,6,Galle,Southern,Accessories,USB Cable,C03172,13,64756.78,1
T2026060005087,2026-06-25,2026,6,Badulla,Uva,Home,Coffee Maker,C03151,3,62862.8,1
T2026060005088,2026-06-24,2026,6,Kandy,Central,Home,LED Lamp,C04393,8,188922.08,1
T2026060005089,2026-06-30,2026,6,Kandy,Central,Office,Laser Printer,C02796,10,341957.91,1
T2026060005090,2026-06-01,2026,6,Kandy,Central,Lifestyle,Desk Organizer,C02107,8,102833.6,1
T2026060005091,2026-06-10,2026,6,Matara,Southern,Office,Monitor Stand,C02350,13,455133.37,1
T2026060005092,2026-06-10,2026,6,Colombo,Western,Outdoor,Foldable Chair,C01992,6,114727.53,1
T2026060005093,2026-06-12,2026,6,Colombo,Western,Electronics,Smart Display,C02560,4,179264.75,1
T2026060005094,2026-06-27,2026,6,Nuwara Eliya,Central,Electronics,Sound Bar,C02175,14,671275.79,1
T2026060005095,2026-06-12,2026,6,Kalutara,Western,Home,Air Purifier,C03950,3,63884.87,1
T2026060005096,2026-06-28,2026,6,Kandy,Central,Electronics,Wireless Router,C02159,7,271582.56,1
T2026060005097,2026-06-21,2026,6,Monaragala,Uva,Lifestyle,Fitness Band,C03244,12,160997.39,1
T2026060005098,2026-06-07,2026,6,Matara,Southern,Lifestyle,Travel Kit,C04206,4,43255.92,1
T2026060005099,2026-06-05,2026,6,Ampara,Eastern,Electronics,Smart Display,C03034,6,263969.94,1
T2026060005100,2026-06-15,2026,6,Kandy,Central,Outdoor,Cooler Box,C04677,13,221029.33,1
T2026070005101,2026-07-25,2026,7,Matara,Southern,Office,Laser Printer,C03400,6,216600.93,1
T2026070005102,2026-07-09,2026,7,Kurunegala,North Western,Lifestyle,Travel Kit,C03372,8,91729.75,1
T2026070005103,2026-07-28,2026,7,Kalutara,Western,Lifestyle,Desk Organizer,C02287,11,135380.95,1
T2026070005104,2026-07-08,2026,7,Galle,Southern,Home,Air Purifier,C03707,6,137765.38,1
T2026070005105,2026-07-07,2026,7,Ampara,Eastern,Electronics,Sound Bar,C01261,3,123491.02,1
T2026070005106,2026-07-08,2026,7,Badulla,Uva,Lifestyle,Fitness Band,C03798,5,61623.08,1
T2026070005107,2026-07-21,2026,7,Trincomalee,Eastern,Electronics,Sound Bar,C01835,5,252345.9,1
T2026070005108,2026-07-18,2026,7,Jaffna,Northern,Electronics,Power Hub,C03291,11,442488.43,1
T2026070005109,2026-07-17,2026,7,Gampaha,Western,Electronics,Smart Display,C02820,7,335258.95,1
T2026070005110,2026-07-04,2026,7,Ampara,Eastern,Home,LED Lamp,C01590,6,144533.32,1
T2026070005111,2026-07-16,2026,7,Mannar,Northern,Lifestyle,Fitness Band,C03945,5,63596.16,1
T2026070005112,2026-07-01,2026,7,Vavuniya,Northern,Electronics,Power Hub,C04493,7,337550.97,1
T2026070005113,2026-07-02,2026,7,Kurunegala,North Western,Home,Coffee Maker,C04254,14,311981.56,1
T2026070005114,2026-07-05,2026,7,Anuradhapura,North Central,Home,Storage Set,C02080,14,357161.77,1
T2026070005115,2026-07-31,2026,7,Ampara,Eastern,Lifestyle,Travel Kit,C04492,9,118807.59,1
T2026070005116,2026-07-02,2026,7,Nuwara Eliya,Central,Accessories,Phone Stand,C01533,7,32115.16,1
T2026070005117,2026-07-13,2026,7,Badulla,Uva,Outdoor,Portable Fan,C01145,4,67151.54,1
T2026070005118,2026-07-06,2026,7,Colombo,Western,Lifestyle,Desk Organizer,C03899,12,141824.71,1
T2026070005119,2026-07-18,2026,7,Matara,Southern,Home,LED Lamp,C04431,3,66570.04,1
T2026070005120,2026-07-07,2026,7,Gampaha,Western,Electronics,Sound Bar,C04859,2,93172.2,1
T2026070005121,2026-07-07,2026,7,Colombo,Western,Home,LED Lamp,C01147,8,191471.01,1
T2026070005122,2026-07-13,2026,7,Colombo,Western,Electronics,Power Hub,C02451,11,506106.08,1
T2026070005123,2026-07-17,2026,7,Kegalle,Sabaragamuwa,Accessories,Mouse Pad,C03339,11,59728.8,1
T2026070005124,2026-07-08,2026,7,Batticaloa,Eastern,Office,Office Chair,C01518,4,129739.62,1
T2026070005125,2026-07-06,2026,7,Badulla,Uva,Accessories,Phone Stand,C02698,4,20430.48,1
T2026070005126,2026-07-10,2026,7,Kegalle,Sabaragamuwa,Home,Air Purifier,C01919,8,207573.41,1
T2026070005127,2026-07-25,2026,7,Mannar,Northern,Accessories,Power Adapter,C05009,12,60314.52,1
T2026070005128,2026-07-20,2026,7,Jaffna,Northern,Home,Coffee Maker,C03958,5,117122.97,1
T2026070005129,2026-07-25,2026,7,Hambantota,Southern,Office,Office Chair,C03209,6,186144.21,1
T2026070005130,2026-07-21,2026,7,Anuradhapura,North Central,Home,Coffee Maker,C03945,9,209005.87,1
T2026070005131,2026-07-12,2026,7,Anuradhapura,North Central,Home,LED Lamp,C05038,2,47659.02,1
T2026070005132,2026-07-04,2026,7,Kurunegala,North Western,Accessories,USB Cable,C02543,6,29146.89,1
T2026070005133,2026-07-07,2026,7,Puttalam,North Western,Outdoor,Camping Light,C03317,4,63201.43,1
T2026070005134,2026-07-04,2026,7,Trincomalee,Eastern,Lifestyle,Water Bottle,C01151,2,23566.66,1
T2026070005135,2026-07-11,2026,7,Colombo,Western,Office,Office Chair,C02711,4,145196.17,1
T2026070005136,2026-07-22,2026,7,Kalutara,Western,Electronics,Power Hub,C01447,8,315730.42,1
T2026070005137,2026-07-27,2026,7,Kurunegala,North Western,Electronics,Power Hub,C04266,14,572921.22,1
T2026070005138,2026-07-04,2026,7,Gampaha,Western,Electronics,Sound Bar,C02559,1,44532.75,1
T2026070005139,2026-07-15,2026,7,Gampaha,Western,Outdoor,Foldable Chair,C03593,13,218620.39,1
T2026070005140,2026-07-18,2026,7,Puttalam,North Western,Office,Monitor Stand,C01237,3,112343.7,1
T2026070005141,2026-07-25,2026,7,Colombo,Western,Outdoor,Foldable Chair,C04384,6,113884.61,1
T2026070005142,2026-07-20,2026,7,Gampaha,Western,Home,LED Lamp,C03989,6,135324.08,1
T2026070005143,2026-07-21,2026,7,Kandy,Central,Electronics,Smart Display,C02965,14,614728.95,1
T2026070005144,2026-07-04,2026,7,Anuradhapura,North Central,Accessories,Mouse Pad,C04924,2,9816.89,1
T2026070005145,2026-07-12,2026,7,Colombo,Western,Home,LED Lamp,C02584,12,274435.65,1
T2026070005146,2026-07-16,2026,7,Colombo,Western,Home,Air Purifier,C04009,3,71802.26,1
T2026070005147,2026-07-06,2026,7,Gampaha,Western,Lifestyle,Desk Organizer,C03850,6,64098.99,1
T2026070005148,2026-07-27,2026,7,Hambantota,Southern,Accessories,USB Cable,C04286,10,56801.84,1
T2026070005149,2026-07-03,2026,7,Hambantota,Southern,Electronics,Smart Display,C01767,5,254307.89,1
T2026070005150,2026-07-29,2026,7,Gampaha,Western,Office,Monitor Stand,C03985,5,170826.17,1
T2026070005151,2026-07-03,2026,7,Colombo,Western,Office,Office Chair,C04635,13,444833.35,1
T2026070005152,2026-07-13,2026,7,Colombo,Western,Accessories,USB Cable,C04358,8,40344.21,1
T2026070005153,2026-07-07,2026,7,Ampara,Eastern,Lifestyle,Desk Organizer,C01041,5,66682.45,1
T2026070005154,2026-07-01,2026,7,Ratnapura,Sabaragamuwa,Home,Air Purifier,C04781,6,138063.67,1
T2026070005155,2026-07-18,2026,7,Gampaha,Western,Office,Document Scanner,C02747,4,119015.13,1
T2026070005156,2026-07-01,2026,7,Batticaloa,Eastern,Office,Document Scanner,C02330,14,504930.61,1
T2026070005157,2026-07-01,2026,7,Mullaitivu,Northern,Home,Storage Set,C03127,2,45675.57,1
T2026070005158,2026-07-23,2026,7,Matale,Central,Electronics,Power Hub,C01469,13,575029.8,1
T2026070005159,2026-07-07,2026,7,Polonnaruwa,North Central,Electronics,Power Hub,C03296,5,231032.59,1
T2026070005160,2026-07-09,2026,7,Ratnapura,Sabaragamuwa,Office,Laser Printer,C02001,12,398923.51,1
T2026070005161,2026-07-30,2026,7,Ampara,Eastern,Accessories,Phone Stand,C03251,10,47618.33,1
T2026070005162,2026-07-05,2026,7,Ratnapura,Sabaragamuwa,Electronics,Power Hub,C03408,10,462772.99,1
T2026070005163,2026-07-17,2026,7,Ratnapura,Sabaragamuwa,Home,Air Purifier,C02838,11,287524.25,1
T2026070005164,2026-07-09,2026,7,Gampaha,Western,Office,Office Chair,C02951,13,440210.94,1
T2026070005165,2026-07-14,2026,7,Gampaha,Western,Outdoor,Portable Fan,C03349,5,83743.7,1
T2026070005166,2026-07-01,2026,7,Gampaha,Western,Lifestyle,Water Bottle,C03577,6,78123.74,1
T2026070005167,2026-07-30,2026,7,Gampaha,Western,Office,Office Chair,C04898,9,339115.45,1
T2026070005168,2026-07-25,2026,7,Ampara,Eastern,Office,Office Chair,C01862,9,313208.04,1
T2026070005169,2026-07-19,2026,7,Mullaitivu,Northern,Office,Document Scanner,C04509,11,379828.38,1
T2026070005170,2026-07-09,2026,7,Kurunegala,North Western,Electronics,Sound Bar,C01113,3,138189.72,1
T2026070005171,2026-07-08,2026,7,Ampara,Eastern,Lifestyle,Desk Organizer,C02970,5,53101.76,1
T2026070005172,2026-07-04,2026,7,Hambantota,Southern,Lifestyle,Desk Organizer,C01283,9,107297.38,1
T2026070005173,2026-07-22,2026,7,Gampaha,Western,Accessories,Phone Stand,C01627,11,60415.68,1
T2026070005174,2026-07-01,2026,7,Colombo,Western,Accessories,Phone Stand,C04882,3,15775.19,1
T2026070005175,2026-07-21,2026,7,Nuwara Eliya,Central,Home,Storage Set,C03201,2,46645.65,1
T2026070005176,2026-07-20,2026,7,Mannar,Northern,Home,Coffee Maker,C01267,6,148894.07,1
T2026070005177,2026-07-13,2026,7,Jaffna,Northern,Lifestyle,Desk Organizer,C02256,6,65151.51,1
T2026070005178,2026-07-03,2026,7,Kurunegala,North Western,Office,Office Chair,C03360,6,212948.65,1
T2026070005179,2026-07-06,2026,7,Mullaitivu,Northern,Outdoor,Camping Light,C04124,10,164228.47,1
T2026070005180,2026-07-17,2026,7,Colombo,Western,Accessories,USB Cable,C04226,11,54314.23,1
T2026070005181,2026-07-30,2026,7,Gampaha,Western,Office,Laser Printer,C04772,8,267187.94,1
T2026070005182,2026-07-08,2026,7,Gampaha,Western,Outdoor,Cooler Box,C02718,14,227147.73,1
T2026070005183,2026-07-17,2026,7,Hambantota,Southern,Electronics,Smart Display,C02755,12,606265.15,1
T2026070005184,2026-07-31,2026,7,Gampaha,Western,Electronics,Power Hub,C01952,15,624782.1,1
T2026070005185,2026-07-05,2026,7,Puttalam,North Western,Lifestyle,Desk Organizer,C02546,4,49738.12,1
T2026070005186,2026-07-22,2026,7,Kurunegala,North Western,Outdoor,Cooler Box,C01830,13,242628.91,1
T2026070005187,2026-07-29,2026,7,Batticaloa,Eastern,Electronics,Power Hub,C02954,7,269765.43,1
T2026070005188,2026-07-11,2026,7,Matara,Southern,Office,Monitor Stand,C02176,2,72116.36,1
T2026070005189,2026-07-31,2026,7,Kegalle,Sabaragamuwa,Electronics,Wireless Router,C02854,12,565945.52,1
T2026070005190,2026-07-16,2026,7,Polonnaruwa,North Central,Lifestyle,Water Bottle,C05028,8,99633.32,1
T2026070005191,2026-07-07,2026,7,Kandy,Central,Home,LED Lamp,C05003,7,153836.58,1
T2026070005192,2026-07-31,2026,7,Kandy,Central,Office,Laser Printer,C04460,9,330852.92,1
T2026070005193,2026-07-04,2026,7,Vavuniya,Northern,Electronics,Wireless Router,C01850,9,415587.18,1
T2026070005194,2026-07-11,2026,7,Ampara,Eastern,Electronics,Smart Display,C04895,4,212837.2,1
T2026070005195,2026-07-23,2026,7,Kalutara,Western,Home,Coffee Maker,C03363,10,207654.86,1
T2026070005196,2026-07-28,2026,7,Gampaha,Western,Office,Office Chair,C02869,4,121217.99,1
T2026070005197,2026-07-02,2026,7,Puttalam,North Western,Lifestyle,Water Bottle,C04888,14,167090.33,1
T2026070005198,2026-07-16,2026,7,Matale,Central,Lifestyle,Fitness Band,C03037,1,11986.38,1
T2026070005199,2026-07-20,2026,7,Mannar,Northern,Lifestyle,Travel Kit,C04930,4,46200.01,1
T2026070005200,2026-07-13,2026,7,Matara,Southern,Accessories,Phone Stand,C02152,9,43746.26,1
T2026070005201,2026-07-12,2026,7,Kegalle,Sabaragamuwa,Office,Document Scanner,C01554,3,92513.81,1
T2026070005202,2026-07-07,2026,7,Polonnaruwa,North Central,Home,LED Lamp,C01026,6,125809.8,1
T2026070005203,2026-07-08,2026,7,Badulla,Uva,Outdoor,Camping Light,C01785,11,187680.28,1
T2026070005204,2026-07-11,2026,7,Vavuniya,Northern,Home,Coffee Maker,C04001,5,108712.34,1
T2026070005205,2026-07-30,2026,7,Badulla,Uva,Electronics,Wireless Router,C02906,6,260830.94,1
T2026070005206,2026-07-22,2026,7,Jaffna,Northern,Outdoor,Foldable Chair,C01829,3,49251.14,1
T2026070005207,2026-07-02,2026,7,Anuradhapura,North Central,Lifestyle,Travel Kit,C03638,11,114478.22,1
T2026070005208,2026-07-17,2026,7,Kandy,Central,Lifestyle,Travel Kit,C03791,7,79101.64,1
T2026070005209,2026-07-11,2026,7,Colombo,Western,Home,Coffee Maker,C01822,12,299694.71,1
T2026070005210,2026-07-14,2026,7,Kalutara,Western,Electronics,Smart Display,C04124,6,315843.1,1
T2026070005211,2026-07-25,2026,7,Ampara,Eastern,Office,Document Scanner,C02747,13,375545.43,1
T2026070005212,2026-07-04,2026,7,Puttalam,North Western,Electronics,Power Hub,C01765,16,724111.52,1
T2026070005213,2026-07-07,2026,7,Kurunegala,North Western,Electronics,Sound Bar,C05015,10,476810.91,1
T2026070005214,2026-07-15,2026,7,Trincomalee,Eastern,Electronics,Power Hub,C01633,1,47710.08,1
T2026070005215,2026-07-04,2026,7,Vavuniya,Northern,Office,Laser Printer,C04393,11,385884.41,1
T2026070005216,2026-07-02,2026,7,Badulla,Uva,Home,Coffee Maker,C02062,7,164520.44,1
T2026070005217,2026-07-10,2026,7,Kalutara,Western,Home,Coffee Maker,C02041,6,125571.1,1
T2026070005218,2026-07-25,2026,7,Kandy,Central,Home,Coffee Maker,C01497,6,131272.96,1
T2026070005219,2026-07-13,2026,7,Vavuniya,Northern,Office,Monitor Stand,C02793,11,382321.34,1
T2026070005220,2026-07-30,2026,7,Batticaloa,Eastern,Electronics,Power Hub,C02302,13,574460.85,1
T2026070005221,2026-07-11,2026,7,Nuwara Eliya,Central,Lifestyle,Fitness Band,C02919,9,115426.79,1
T2026070005222,2026-07-09,2026,7,Ratnapura,Sabaragamuwa,Lifestyle,Desk Organizer,C03155,5,56152.06,1
T2026070005223,2026-07-09,2026,7,Kegalle,Sabaragamuwa,Outdoor,Camping Light,C04664,5,80420.85,1
T2026070005224,2026-07-29,2026,7,Kandy,Central,Accessories,Power Adapter,C01696,13,72514.71,1
T2026070005225,2026-07-19,2026,7,Matara,Southern,Outdoor,Foldable Chair,C01079,11,167728.85,1
T2026070005226,2026-07-30,2026,7,Ampara,Eastern,Outdoor,Cooler Box,C01291,15,234836.83,1
T2026070005227,2026-07-24,2026,7,Polonnaruwa,North Central,Electronics,Smart Display,C03860,8,332659.01,1
T2026070005228,2026-07-31,2026,7,Colombo,Western,Electronics,Wireless Router,C03227,6,262901.9,1
T2026070005229,2026-07-02,2026,7,Colombo,Western,Electronics,Smart Display,C03407,2,101418.21,1
T2026070005230,2026-07-17,2026,7,Polonnaruwa,North Central,Home,Storage Set,C04155,11,224256.33,1
T2026070005231,2026-07-01,2026,7,Anuradhapura,North Central,Home,Coffee Maker,C04329,5,115865.47,1
T2026070005232,2026-07-05,2026,7,Batticaloa,Eastern,Outdoor,Portable Fan,C04482,5,87495.23,1
T2026070005233,2026-07-24,2026,7,Kegalle,Sabaragamuwa,Lifestyle,Desk Organizer,C03715,3,40771.81,1
T2026070005234,2026-07-06,2026,7,Kalutara,Western,Accessories,Mouse Pad,C03891,9,42388.33,1
T2026070005235,2026-07-10,2026,7,Trincomalee,Eastern,Home,Coffee Maker,C01185,5,111872.26,1
T2026070005236,2026-07-09,2026,7,Matara,Southern,Outdoor,Camping Light,C05074,3,51043.93,1
T2026070005237,2026-07-27,2026,7,Hambantota,Southern,Outdoor,Portable Fan,C02546,10,190215.61,1
T2026070005238,2026-07-04,2026,7,Trincomalee,Eastern,Accessories,Phone Stand,C03028,8,41222.22,1
T2026070005239,2026-07-14,2026,7,Gampaha,Western,Home,Storage Set,C01817,7,177057.5,1
T2026070005240,2026-07-09,2026,7,Galle,Southern,Home,Coffee Maker,C02475,9,174627.76,1
T2026070005241,2026-07-28,2026,7,Kandy,Central,Lifestyle,Fitness Band,C01722,11,121169.77,1
T2026070005242,2026-07-30,2026,7,Batticaloa,Eastern,Home,Coffee Maker,C05040,10,242974.44,1
T2026070005243,2026-07-23,2026,7,Puttalam,North Western,Lifestyle,Water Bottle,C01757,12,155942.82,1
T2026070005244,2026-07-29,2026,7,Kegalle,Sabaragamuwa,Accessories,Power Adapter,C01164,1,5176.83,1
T2026070005245,2026-07-08,2026,7,Nuwara Eliya,Central,Outdoor,Foldable Chair,C04320,12,222820.46,1
T2026070005246,2026-07-21,2026,7,Ampara,Eastern,Home,Storage Set,C01150,14,325378.7,1
T2026070005247,2026-07-26,2026,7,Galle,Southern,Office,Document Scanner,C04425,5,171579.71,1
T2026070005248,2026-07-28,2026,7,Matara,Southern,Electronics,Sound Bar,C03247,4,167539.48,1
T2026070005249,2026-07-28,2026,7,Polonnaruwa,North Central,Lifestyle,Desk Organizer,C02039,7,80743.46,1
T2026070005250,2026-07-25,2026,7,Matara,Southern,Lifestyle,Desk Organizer,C04280,2,23149.79,1
T2026070005251,2026-07-13,2026,7,Gampaha,Western,Electronics,Wireless Router,C02341,12,477943.26,1
T2026070005252,2026-07-14,2026,7,Ampara,Eastern,Office,Laser Printer,C04673,12,413351.1,1
T2026070005253,2026-07-19,2026,7,Kilinochchi,Northern,Home,Storage Set,C03610,3,67944.6,1
T2026070005254,2026-07-02,2026,7,Kurunegala,North Western,Electronics,Power Hub,C04973,9,421534.27,1
T2026070005255,2026-07-02,2026,7,Hambantota,Southern,Lifestyle,Fitness Band,C03226,6,69268.39,1
T2026070005256,2026-07-23,2026,7,Ratnapura,Sabaragamuwa,Electronics,Wireless Router,C01150,3,129339.25,1
T2026070005257,2026-07-26,2026,7,Kandy,Central,Home,Coffee Maker,C04755,5,110427.01,1
T2026070005258,2026-07-12,2026,7,Hambantota,Southern,Accessories,Power Adapter,C03205,5,24120.66,1
T2026070005259,2026-07-08,2026,7,Galle,Southern,Outdoor,Portable Fan,C02725,11,199833.48,1
T2026070005260,2026-07-19,2026,7,Colombo,Western,Accessories,Power Adapter,C01217,13,77442.02,1
T2026070005261,2026-07-17,2026,7,Trincomalee,Eastern,Electronics,Power Hub,C02072,8,374011.63,1
T2026070005262,2026-07-31,2026,7,Hambantota,Southern,Lifestyle,Desk Organizer,C01494,10,121272.69,1
T2026070005263,2026-07-01,2026,7,Polonnaruwa,North Central,Outdoor,Portable Fan,C04303,4,71574.96,1
T2026070005264,2026-07-14,2026,7,Kilinochchi,Northern,Outdoor,Cooler Box,C04807,9,141173.61,1
T2026070005265,2026-07-23,2026,7,Kalutara,Western,Accessories,Power Adapter,C02611,6,27113.11,1
T2026070005266,2026-07-12,2026,7,Batticaloa,Eastern,Home,Air Purifier,C04542,4,93329.78,1
T2026070005267,2026-07-04,2026,7,Trincomalee,Eastern,Home,Coffee Maker,C05023,6,132722.97,1
T2026070005268,2026-07-01,2026,7,Vavuniya,Northern,Home,Storage Set,C03734,12,283820.96,1
T2026070005269,2026-07-13,2026,7,Nuwara Eliya,Central,Electronics,Smart Display,C01812,8,345210.56,1
T2026070005270,2026-07-02,2026,7,Hambantota,Southern,Electronics,Sound Bar,C02706,7,265538.6,1
T2026080005271,2026-08-05,2026,8,Colombo,Western,Electronics,Wireless Router,C01151,4,180979.89,1
T2026080005272,2026-08-25,2026,8,Kandy,Central,Outdoor,Portable Fan,C02439,11,187927.62,1
T2026080005273,2026-08-30,2026,8,Mannar,Northern,Electronics,Power Hub,C03888,8,307355.42,1
T2026080005274,2026-08-08,2026,8,Vavuniya,Northern,Home,Coffee Maker,C01323,3,58268.06,1
T2026080005275,2026-08-14,2026,8,Mannar,Northern,Accessories,USB Cable,C03156,13,65225.13,1
T2026080005276,2026-08-27,2026,8,Kegalle,Sabaragamuwa,Office,Laser Printer,C02545,4,137679.42,1
T2026080005277,2026-08-22,2026,8,Kegalle,Sabaragamuwa,Office,Document Scanner,C04541,6,192735.14,1
T2026080005278,2026-08-18,2026,8,Kalutara,Western,Accessories,Power Adapter,C02548,9,45025.92,1
T2026080005279,2026-08-17,2026,8,Badulla,Uva,Office,Monitor Stand,C02303,7,208885.01,1
T2026080005280,2026-08-24,2026,8,Kurunegala,North Western,Home,Coffee Maker,C01440,5,113522.65,1
T2026080005281,2026-08-15,2026,8,Badulla,Uva,Lifestyle,Travel Kit,C01650,8,93229.46,1
T2026080005282,2026-08-07,2026,8,Gampaha,Western,Electronics,Wireless Router,C03888,4,160096.06,1
T2026080005283,2026-08-23,2026,8,Gampaha,Western,Outdoor,Foldable Chair,C03016,7,107820.52,1
T2026080005284,2026-08-24,2026,8,Kurunegala,North Western,Outdoor,Portable Fan,C02971,7,111014.71,1
T2026080005285,2026-08-28,2026,8,Anuradhapura,North Central,Outdoor,Camping Light,C02405,7,112541.86,1
T2026080005286,2026-08-30,2026,8,Jaffna,Northern,Lifestyle,Desk Organizer,C04143,8,82890.18,1
T2026080005287,2026-08-28,2026,8,Matara,Southern,Office,Office Chair,C04090,8,266051.14,1
T2026080005288,2026-08-16,2026,8,Kalutara,Western,Outdoor,Camping Light,C03595,4,68949.06,1
T2026080005289,2026-08-23,2026,8,Gampaha,Western,Home,Coffee Maker,C01635,13,287706.37,1
T2026080005290,2026-08-26,2026,8,Vavuniya,Northern,Electronics,Wireless Router,C03043,9,373590.41,1
T2026080005291,2026-08-20,2026,8,Matara,Southern,Lifestyle,Fitness Band,C03385,6,71195.35,1
T2026080005292,2026-08-29,2026,8,Colombo,Western,Lifestyle,Water Bottle,C02713,3,32228.47,1
T2026080005293,2026-08-15,2026,8,Kurunegala,North Western,Lifestyle,Water Bottle,C04242,12,151417.15,1
T2026080005294,2026-08-22,2026,8,Anuradhapura,North Central,Lifestyle,Fitness Band,C01538,9,96310.38,1
T2026080005295,2026-08-31,2026,8,Colombo,Western,Accessories,Power Adapter,C04399,2,9933.23,1
T2026080005296,2026-08-15,2026,8,Colombo,Western,Accessories,Mouse Pad,C02746,4,20660.13,1
T2026080005297,2026-08-04,2026,8,Anuradhapura,North Central,Office,Laser Printer,C01047,9,292579.0,1
T2026080005298,2026-08-31,2026,8,Kalutara,Western,Electronics,Sound Bar,C02305,10,464562.9,1
T2026080005299,2026-08-11,2026,8,Kegalle,Sabaragamuwa,Home,LED Lamp,C04124,5,107270.43,1
T2026080005300,2026-08-31,2026,8,Ratnapura,Sabaragamuwa,Electronics,Wireless Router,C01697,5,206429.97,1
T2026080005301,2026-08-27,2026,8,Anuradhapura,North Central,Outdoor,Camping Light,C01526,8,143339.58,1
T2026080005302,2026-08-24,2026,8,Ratnapura,Sabaragamuwa,Home,Air Purifier,C03588,5,104117.09,1
T2026080005303,2026-08-27,2026,8,Vavuniya,Northern,Home,Storage Set,C01477,15,297931.46,1
T2026080005304,2026-08-16,2026,8,Puttalam,North Western,Outdoor,Foldable Chair,C05051,8,126770.82,1
T2026080005305,2026-08-05,2026,8,Kandy,Central,Lifestyle,Water Bottle,C04081,5,53865.94,1
T2026080005306,2026-08-13,2026,8,Kalutara,Western,Home,Coffee Maker,C01467,8,151305.48,1
T2026080005307,2026-08-28,2026,8,Matara,Southern,Electronics,Power Hub,C03765,5,179824.95,1
T2026080005308,2026-08-10,2026,8,Gampaha,Western,Outdoor,Camping Light,C01949,8,146861.01,1
T2026080005309,2026-08-19,2026,8,Galle,Southern,Home,Air Purifier,C01620,7,165708.11,1
T2026080005310,2026-08-16,2026,8,Nuwara Eliya,Central,Lifestyle,Travel Kit,C04290,10,108495.54,1
T2026080005311,2026-08-29,2026,8,Badulla,Uva,Home,Coffee Maker,C01749,5,117391.83,1
T2026080005312,2026-08-16,2026,8,Batticaloa,Eastern,Accessories,Phone Stand,C04313,11,44577.91,1
T2026080005313,2026-08-11,2026,8,Colombo,Western,Home,Air Purifier,C01531,11,225259.31,1
T2026080005314,2026-08-17,2026,8,Ampara,Eastern,Accessories,Phone Stand,C04365,5,23971.25,1
T2026080005315,2026-08-24,2026,8,Colombo,Western,Electronics,Smart Display,C04367,8,362694.7,1
T2026080005316,2026-08-13,2026,8,Gampaha,Western,Accessories,USB Cable,C04648,9,41428.02,1
T2026080005317,2026-08-14,2026,8,Colombo,Western,Lifestyle,Water Bottle,C02802,6,69119.71,1
T2026080005318,2026-08-14,2026,8,Mullaitivu,Northern,Office,Document Scanner,C04207,10,324993.55,1
T2026080005319,2026-08-02,2026,8,Kandy,Central,Outdoor,Camping Light,C03642,2,33232.23,1
T2026080005320,2026-08-25,2026,8,Colombo,Western,Outdoor,Portable Fan,C03850,15,247309.76,1
T2026080005321,2026-08-18,2026,8,Badulla,Uva,Electronics,Power Hub,C04877,5,207714.38,1
T2026080005322,2026-08-16,2026,8,Galle,Southern,Lifestyle,Desk Organizer,C04959,11,118244.76,1
T2026080005323,2026-08-18,2026,8,Gampaha,Western,Electronics,Sound Bar,C02449,10,421216.29,1
T2026080005324,2026-08-12,2026,8,Kandy,Central,Electronics,Sound Bar,C01908,4,182259.89,1
T2026080005325,2026-08-31,2026,8,Batticaloa,Eastern,Lifestyle,Travel Kit,C04464,11,133492.95,1
T2026080005326,2026-08-22,2026,8,Puttalam,North Western,Electronics,Smart Display,C02398,10,402975.37,1
T2026080005327,2026-08-19,2026,8,Anuradhapura,North Central,Outdoor,Portable Fan,C04204,10,154171.51,1
T2026080005328,2026-08-25,2026,8,Colombo,Western,Electronics,Sound Bar,C03804,6,223490.12,1
T2026080005329,2026-08-05,2026,8,Kalutara,Western,Electronics,Smart Display,C01314,6,291157.97,1
T2026080005330,2026-08-24,2026,8,Puttalam,North Western,Outdoor,Cooler Box,C01388,9,149006.79,1
T2026080005331,2026-08-29,2026,8,Colombo,Western,Accessories,Power Adapter,C03882,12,55595.23,1
T2026080005332,2026-08-23,2026,8,Galle,Southern,Accessories,USB Cable,C04569,6,30996.32,1
T2026080005333,2026-08-13,2026,8,Badulla,Uva,Accessories,Mouse Pad,C02580,12,51717.16,1
T2026080005334,2026-08-30,2026,8,Kandy,Central,Outdoor,Portable Fan,C02541,4,58974.25,1
T2026080005335,2026-08-26,2026,8,Kalutara,Western,Outdoor,Foldable Chair,C01377,8,146001.52,1
T2026080005336,2026-08-27,2026,8,Galle,Southern,Home,Storage Set,C04794,4,87730.39,1
T2026080005337,2026-08-29,2026,8,Jaffna,Northern,Electronics,Sound Bar,C03356,3,115880.85,1
T2026080005338,2026-08-17,2026,8,Ampara,Eastern,Lifestyle,Water Bottle,C03400,5,61899.18,1
T2026080005339,2026-08-25,2026,8,Polonnaruwa,North Central,Outdoor,Cooler Box,C01224,1,16057.5,1
T2026080005340,2026-08-23,2026,8,Kurunegala,North Western,Home,Storage Set,C01011,7,150299.52,1
T2026080005341,2026-08-12,2026,8,Badulla,Uva,Home,LED Lamp,C04853,8,150071.36,1
T2026080005342,2026-08-24,2026,8,Hambantota,Southern,Office,Laser Printer,C03580,8,236000.49,1
T2026080005343,2026-08-28,2026,8,Hambantota,Southern,Electronics,Smart Display,C02310,7,300916.05,1
T2026080005344,2026-08-30,2026,8,Kegalle,Sabaragamuwa,Electronics,Smart Display,C03627,8,327083.09,1
T2026080005345,2026-08-11,2026,8,Badulla,Uva,Lifestyle,Water Bottle,C05022,5,49476.58,1
T2026080005346,2026-08-16,2026,8,Jaffna,Northern,Electronics,Wireless Router,C02475,5,191690.23,1
T2026080005347,2026-08-06,2026,8,Gampaha,Western,Home,Air Purifier,C04641,5,111200.44,1
T2026080005348,2026-08-11,2026,8,Galle,Southern,Electronics,Wireless Router,C01598,12,557689.03,1
T2026080005349,2026-08-03,2026,8,Kalutara,Western,Electronics,Power Hub,C01661,11,452022.68,1
T2026080005350,2026-08-24,2026,8,Trincomalee,Eastern,Accessories,Power Adapter,C01111,6,25436.3,1
T2026080005351,2026-08-17,2026,8,Kurunegala,North Western,Electronics,Wireless Router,C01720,2,87454.41,1
T2026080005352,2026-08-09,2026,8,Gampaha,Western,Electronics,Smart Display,C05036,8,326140.11,1
T2026080005353,2026-08-19,2026,8,Kurunegala,North Western,Home,Coffee Maker,C04505,8,182434.43,1
T2026080005354,2026-08-26,2026,8,Anuradhapura,North Central,Electronics,Power Hub,C02192,10,398715.48,1
T2026080005355,2026-08-02,2026,8,Kandy,Central,Electronics,Power Hub,C02664,8,306606.69,1
T2026080005356,2026-08-02,2026,8,Kalutara,Western,Electronics,Smart Display,C04076,6,254125.26,1
T2026080005357,2026-08-16,2026,8,Matara,Southern,Electronics,Smart Display,C02668,4,179358.67,1
T2026080005358,2026-08-29,2026,8,Colombo,Western,Office,Laser Printer,C02818,6,198472.06,1
T2026080005359,2026-08-22,2026,8,Matara,Southern,Electronics,Power Hub,C03867,9,339499.21,1
T2026080005360,2026-08-31,2026,8,Monaragala,Uva,Accessories,Power Adapter,C04055,6,30264.43,1
T2026080005361,2026-08-30,2026,8,Colombo,Western,Lifestyle,Water Bottle,C01892,5,61722.62,1
T2026080005362,2026-08-25,2026,8,Kilinochchi,Northern,Office,Document Scanner,C04366,4,142230.72,1
T2026080005363,2026-08-08,2026,8,Gampaha,Western,Electronics,Sound Bar,C02722,11,464342.21,1
T2026080005364,2026-08-25,2026,8,Batticaloa,Eastern,Home,Storage Set,C01034,4,76212.32,1
T2026080005365,2026-08-08,2026,8,Jaffna,Northern,Home,Air Purifier,C03543,10,220462.99,1
T2026080005366,2026-08-02,2026,8,Ratnapura,Sabaragamuwa,Lifestyle,Water Bottle,C04829,11,123964.37,1
T2026080005367,2026-08-24,2026,8,Colombo,Western,Electronics,Wireless Router,C04905,7,287705.83,1
T2026080005368,2026-08-16,2026,8,Kalutara,Western,Lifestyle,Water Bottle,C02681,4,38183.55,1
T2026080005369,2026-08-07,2026,8,Puttalam,North Western,Accessories,Phone Stand,C02649,12,50514.11,1
T2026080005370,2026-08-15,2026,8,Colombo,Western,Office,Office Chair,C03414,7,226976.6,1
T2026080005371,2026-08-04,2026,8,Galle,Southern,Lifestyle,Desk Organizer,C02136,1,10924.25,1
T2026080005372,2026-08-29,2026,8,Anuradhapura,North Central,Home,LED Lamp,C01558,6,135586.04,1
T2026080005373,2026-08-29,2026,8,Colombo,Western,Home,Storage Set,C01519,13,289359.58,1
T2026080005374,2026-08-18,2026,8,Matale,Central,Outdoor,Foldable Chair,C02408,9,134074.36,1
T2026080005375,2026-08-20,2026,8,Ratnapura,Sabaragamuwa,Lifestyle,Fitness Band,C04684,4,47240.18,1
T2026080005376,2026-08-01,2026,8,Ampara,Eastern,Office,Document Scanner,C04628,4,115999.03,1
T2026080005377,2026-08-29,2026,8,Kilinochchi,Northern,Home,Air Purifier,C03833,10,200201.66,1
T2026080005378,2026-08-29,2026,8,Kegalle,Sabaragamuwa,Lifestyle,Fitness Band,C03226,14,147317.82,1
T2026080005379,2026-08-30,2026,8,Matara,Southern,Outdoor,Portable Fan,C04751,10,153158.21,1
T2026080005380,2026-08-23,2026,8,Kalutara,Western,Electronics,Smart Display,C04460,6,276867.96,1
T2026080005381,2026-08-08,2026,8,Colombo,Western,Accessories,Mouse Pad,C03488,9,42251.11,1
T2026080005382,2026-08-30,2026,8,Colombo,Western,Office,Document Scanner,C02418,15,517149.28,1
T2026080005383,2026-08-10,2026,8,Matara,Southern,Electronics,Power Hub,C01190,16,603013.11,1
T2026080005384,2026-08-21,2026,8,Hambantota,Southern,Accessories,USB Cable,C02925,10,45994.75,1
T2026080005385,2026-08-22,2026,8,Kandy,Central,Electronics,Smart Display,C04916,5,242937.22,1
T2026080005386,2026-08-07,2026,8,Hambantota,Southern,Office,Monitor Stand,C03018,11,325827.63,1
T2026080005387,2026-08-21,2026,8,Gampaha,Western,Electronics,Smart Display,C03883,12,529657.68,1
T2026080005388,2026-08-17,2026,8,Gampaha,Western,Lifestyle,Fitness Band,C04609,5,62547.76,1
T2026080005389,2026-08-15,2026,8,Badulla,Uva,Outdoor,Foldable Chair,C04623,5,89874.94,1
T2026080005390,2026-08-27,2026,8,Gampaha,Western,Office,Document Scanner,C03594,6,198656.55,1
T2026080005391,2026-08-09,2026,8,Monaragala,Uva,Office,Monitor Stand,C02227,5,162649.15,1
T2026080005392,2026-08-06,2026,8,Matara,Southern,Office,Laser Printer,C04795,4,128262.36,1
T2026080005393,2026-08-11,2026,8,Batticaloa,Eastern,Electronics,Smart Display,C01811,16,673571.86,1
T2026080005394,2026-08-22,2026,8,Jaffna,Northern,Lifestyle,Travel Kit,C04336,7,73937.0,1
T2026080005395,2026-08-05,2026,8,Batticaloa,Eastern,Outdoor,Portable Fan,C02130,6,102702.76,1
T2026080005396,2026-08-29,2026,8,Ampara,Eastern,Office,Office Chair,C04378,6,172399.84,1
T2026080005397,2026-08-18,2026,8,Galle,Southern,Home,Coffee Maker,C01425,13,263404.45,1
T2026080005398,2026-08-05,2026,8,Kurunegala,North Western,Outdoor,Cooler Box,C04363,7,119676.01,1
T2026080005399,2026-08-27,2026,8,Ampara,Eastern,Electronics,Smart Display,C02218,6,278737.14,1
T2026080005400,2026-08-10,2026,8,Batticaloa,Eastern,Electronics,Power Hub,C01619,8,307550.01,1
T2026080005401,2026-08-12,2026,8,Colombo,Western,Office,Document Scanner,C04214,11,361253.58,1
T2026080005402,2026-08-02,2026,8,Matale,Central,Accessories,Phone Stand,C01318,3,15520.4,1
T2026080005403,2026-08-28,2026,8,Polonnaruwa,North Central,Electronics,Power Hub,C03443,10,445414.17,1
T2026080005404,2026-08-22,2026,8,Monaragala,Uva,Home,LED Lamp,C03785,9,188168.13,1
T2026080005405,2026-08-25,2026,8,Trincomalee,Eastern,Outdoor,Camping Light,C05089,14,204777.55,1
T2026080005406,2026-08-02,2026,8,Kegalle,Sabaragamuwa,Home,Storage Set,C01869,10,180256.59,1
T2026080005407,2026-08-27,2026,8,Trincomalee,Eastern,Home,Air Purifier,C01967,7,146261.96,1
T2026080005408,2026-08-14,2026,8,Colombo,Western,Electronics,Smart Display,C01184,5,204754.32,1
T2026080005409,2026-08-10,2026,8,Kegalle,Sabaragamuwa,Accessories,Power Adapter,C03009,11,53060.86,1
T2026080005410,2026-08-28,2026,8,Nuwara Eliya,Central,Accessories,Power Adapter,C01499,5,21807.68,1
T2026080005411,2026-08-03,2026,8,Badulla,Uva,Office,Monitor Stand,C01652,17,450656.97,1
T2026080005412,2026-08-23,2026,8,Galle,Southern,Lifestyle,Water Bottle,C02575,12,137890.85,1
T2026080005413,2026-08-30,2026,8,Kilinochchi,Northern,Lifestyle,Water Bottle,C05044,5,61554.18,1
T2026080005414,2026-08-06,2026,8,Colombo,Western,Office,Monitor Stand,C03648,15,537177.81,1
T2026080005415,2026-08-30,2026,8,Puttalam,North Western,Electronics,Smart Display,C04272,14,666199.53,1
T2026080005416,2026-08-15,2026,8,Monaragala,Uva,Home,LED Lamp,C05056,9,180766.35,1
T2026080005417,2026-08-12,2026,8,Kandy,Central,Outdoor,Cooler Box,C03533,9,143027.85,1
T2026080005418,2026-08-28,2026,8,Trincomalee,Eastern,Office,Laser Printer,C03417,13,450086.58,1
T2026080005419,2026-08-30,2026,8,Kandy,Central,Office,Document Scanner,C03245,8,219071.02,1
T2026080005420,2026-08-14,2026,8,Kalutara,Western,Outdoor,Camping Light,C01084,6,108471.66,1
T2026080005421,2026-08-10,2026,8,Colombo,Western,Office,Document Scanner,C03389,16,533226.55,1
T2026080005422,2026-08-05,2026,8,Vavuniya,Northern,Home,Storage Set,C03128,3,61809.79,1
T2026080005423,2026-08-31,2026,8,Galle,Southern,Home,Storage Set,C01413,13,289182.92,1
T2026080005424,2026-08-16,2026,8,Jaffna,Northern,Electronics,Wireless Router,C03980,8,336750.25,1
T2026080005425,2026-08-09,2026,8,Puttalam,North Western,Outdoor,Foldable Chair,C02873,9,137619.42,1
T2026080005426,2026-08-10,2026,8,Nuwara Eliya,Central,Electronics,Sound Bar,C02827,4,162306.57,1
T2026080005427,2026-08-14,2026,8,Kurunegala,North Western,Lifestyle,Fitness Band,C01165,12,126685.14,1
T2026080005428,2026-08-11,2026,8,Mullaitivu,Northern,Office,Monitor Stand,C02956,14,441334.41,1
T2026080005429,2026-08-23,2026,8,Polonnaruwa,North Central,Office,Document Scanner,C02715,10,272106.63,1
T2026080005430,2026-08-13,2026,8,Gampaha,Western,Office,Laser Printer,C02495,5,141088.45,1
T2026080005431,2026-08-25,2026,8,Colombo,Western,Home,Storage Set,C02782,7,172326.64,1
T2026080005432,2026-08-01,2026,8,Hambantota,Southern,Home,Air Purifier,C04637,8,201696.68,1
T2026080005433,2026-08-06,2026,8,Ampara,Eastern,Accessories,Mouse Pad,C02781,6,26638.06,1
T2026080005434,2026-08-14,2026,8,Kurunegala,North Western,Outdoor,Cooler Box,C02065,5,73050.09,1
T2026080005435,2026-08-16,2026,8,Batticaloa,Eastern,Electronics,Power Hub,C01329,7,325226.6,1
T2026080005436,2026-08-22,2026,8,Matara,Southern,Accessories,Mouse Pad,C05053,5,25163.87,1
T2026080005437,2026-08-19,2026,8,Batticaloa,Eastern,Office,Office Chair,C04186,11,367047.13,1
T2026080005438,2026-08-15,2026,8,Galle,Southern,Home,LED Lamp,C03969,15,345703.75,1
T2026080005439,2026-08-04,2026,8,Jaffna,Northern,Home,LED Lamp,C01147,6,141886.65,1
T2026080005440,2026-08-16,2026,8,Matale,Central,Office,Monitor Stand,C02360,14,410129.68,1
